"""Pure Python SX1302 HAL — direct spidev implementation.

Replaces ctypes bindings to libloragw.so.  Talks to the SX1302 LoRa
concentrator and SX1250 RF frontends directly via Linux spidev.

Supported hardware:
    SX1302 / SX1303 concentrator with SX1250 radios (WM1302 module).

Usage:
    from sx1302_meshcore_kiss.sx1302 import hal
    hal.lgw_board_setconf(board_cfg)
    hal.lgw_rxrf_setconf(0, rf_cfg_a)
    hal.lgw_rxrf_setconf(1, rf_cfg_b)
    hal.lgw_rxif_setconf(0, if_cfg)
    hal.lgw_start()
    pkts = hal.lgw_receive(10)
    hal.lgw_send(pkt)
    hal.lgw_stop()

Note:
    SX1302 normally exposes 125 / 250 / 500 kHz bandwidth. Higher-level
    wrappers may allow 62.5 kHz as an experimental trick mode and encode it
    through the 125 kHz HAL bandwidth path until that trick is modeled here.
    Requires Linux spidev (CONFIG_SPI_SPIDEV) and appropriate permissions.
"""

from __future__ import annotations

from dataclasses import asdict, dataclass, field, is_dataclass
import logging
import math
import struct
import time
from typing import Any, Dict, List, Optional, Tuple

try:
    import spidev  # type: ignore
    _SPIDEV_AVAILABLE = True
except ImportError:  # not on host — allow import for testing
    spidev = None  # type: ignore
    _SPIDEV_AVAILABLE = False

log = logging.getLogger(__name__)

# ---------------------------------------------------------------------------
# Public constants
# ---------------------------------------------------------------------------

LGW_HAL_SUCCESS = 0
LGW_HAL_ERROR = -1
LGW_LBT_NOT_ALLOWED = 1

# Modulation identifiers
MOD_UNDEFINED = 0
MOD_LORA = 0x10
MOD_FSK = 0x20
MOD_CW = 0x30

# Bandwidth codes
BW_UNDEFINED = 0
BW_125KHZ = 0x01
BW_250KHZ = 0x02
BW_500KHZ = 0x03

# LoRa spreading factor codes
DR_UNDEFINED = 0
DR_LORA_SF5 = 5
DR_LORA_SF6 = 6
DR_LORA_SF7 = 7
DR_LORA_SF8 = 8
DR_LORA_SF9 = 9
DR_LORA_SF10 = 10
DR_LORA_SF11 = 11
DR_LORA_SF12 = 12
DR_LORA_MULTI = 0x7F

# LoRa coding rate codes
CR_UNDEFINED = 0
CR_LORA_4_5 = 0x01
CR_LORA_4_6 = 0x02
CR_LORA_4_7 = 0x03
CR_LORA_4_8 = 0x04

# Radio type
RADIO_TYPE_NONE = 0
RADIO_TYPE_SX1255 = 1
RADIO_TYPE_SX1257 = 2
RADIO_TYPE_SX1250 = 3

# TX trigger modes
TX_IMMEDIATE = 0
TX_TIMESTAMPED = 1

# Values accepted by lgw_status(select)
TX_STATUS = 1
RX_STATUS = 2

# TX status codes
TX_STATUS_UNKNOWN = 0
TX_OFF = 1
TX_FREE = 2
TX_SCHEDULED = 3
TX_EMITTING = 4

# RX status codes
RX_STATUS_UNKNOWN = 0
RX_OFF = 1
RX_ON = 2
RX_SUSPENDED = 3

# Concentrator capacity constants
LGW_RF_CHAIN_NB = 2
LGW_IF_CHAIN_NB = 10
LGW_LBT_CHANNEL_NB_MAX = 16
LGW_SPECTRAL_SCAN_RESULT_SIZE = 33


@dataclass(frozen=True)
class SX1302Capabilities:
    """Feature flags for the pure-Python SX1302 HAL.

    These flags intentionally describe what this Python implementation exposes
    today, not every feature present in Semtech's C HAL. Advanced features
    should only be flipped to True after a tested implementation exists.
    """

    sx1302: bool = True
    sx1250: bool = True
    sx1261_companion: bool = True
    hardware_lbt: bool = False
    software_lbt: bool = True
    spectral_scan: bool = False
    fine_timestamp: bool = False
    timestamped_tx: bool = False
    gps_tx: bool = False
    fsk: bool = False
    cw: bool = False
    usb: bool = False


def get_capabilities() -> SX1302Capabilities:
    """Return supported SX1302 HAL capabilities for this implementation."""
    return SX1302Capabilities()


@dataclass(frozen=True)
class BoardConfig:
    """Gateway board configuration accepted by :func:`lgw_board_setconf`."""

    spi_path: str = "/dev/spidev0.0"
    lorawan_public: bool = True
    clock_source: int = 0
    full_duplex: bool = False


@dataclass(frozen=True)
class RxRfConfig:
    """SX125x RF-chain configuration accepted by :func:`lgw_rxrf_setconf`."""

    enable: bool
    freq_hz: int
    rssi_offset: float = 0.0
    type: int = RADIO_TYPE_SX1250
    tx_enable: bool = False
    single_input_mode: bool = False


@dataclass(frozen=True)
class RxIfConfig:
    """SX1302 IF-chain configuration accepted by :func:`lgw_rxif_setconf`."""

    enable: bool
    rf_chain: int
    freq_hz: int
    bandwidth: int = BW_125KHZ
    datarate: int = DR_LORA_MULTI
    sync_word: int = 0


@dataclass(frozen=True)
class TxGainLutEntry:
    """One TX gain LUT entry for :class:`TxGainLutConfig`."""

    rf_power: int
    pa_gain: int = 0
    dig_gain: int = 0
    dac_gain: int = 0
    mix_gain: int = 0


@dataclass(frozen=True)
class TxGainLutConfig:
    """TX gain lookup table accepted by :func:`lgw_txgain_setconf`."""

    lut: List[Any] = field(default_factory=list)


@dataclass(frozen=True)
class Sx1261LbtChannelConfig:
    """One SX1261 LBT scan channel.

    This mirrors the shape of Semtech's LBT channel configuration enough for
    higher layers to build CAD/LBT policies without committing to the final
    register-level implementation yet.
    """

    freq_hz: int
    bandwidth_hz: int = 125_000
    scan_time_us: int = 128
    transmit_time_ms: int = 4000


@dataclass(frozen=True)
class Sx1261LbtConfig:
    """SX1261 listen-before-talk configuration scaffold."""

    enable: bool = False
    rssi_target: int = -80
    channels: List[Any] = field(default_factory=list)


@dataclass(frozen=True)
class Sx1261Config:
    """SX1261 companion-chip configuration accepted by :func:`lgw_sx1261_setconf`."""

    enable: bool = False
    spi_path: Optional[str] = None
    rssi_offset: float = 0.0
    spectral_scan_enable: bool = False
    lbt: Any = field(default_factory=Sx1261LbtConfig)


def _normalize_config(conf: Any) -> Dict[str, Any]:
    """Return a plain mutable dict for legacy dict or typed dataclass configs."""
    if is_dataclass(conf):
        data = asdict(conf)
    else:
        data = dict(conf)

    # Preserve Semtech C HAL naming internally while exposing clearer Python
    # field names to callers.
    if "clock_source" in data:
        data["clksrc"] = data.pop("clock_source")
    return data


# Firmware version expected by this HAL
_FW_VERSION_AGC_SX1250 = 10
_FW_VERSION_ARB = 2

# MCU memory layout (paged EXT_MEM at page 0)
_AGC_MEM_ADDR = 0x0000
_ARB_MEM_ADDR = 0x2000
_MCU_FW_SIZE = 8192

# RX FIFO base address (not paged)
_RX_BUFFER_BASE_ADDR = 0x4000

# SX1302 SPI MUX target byte (prefixed to every 16-bit register address)
_SPI_MUX_TARGET_SX1302 = 0x00
_SPI_MUX_TARGET_RADIOA = 0x01
_SPI_MUX_TARGET_RADIOB = 0x02

# RX packet buffer syncword
_PKT_SYNCWORD_H = 0xA5
_PKT_SYNCWORD_L = 0xC0
_PKT_HEAD_METADATA = 9
_PKT_TAIL_METADATA = 14

# ---------------------------------------------------------------------------
# AGC / ARB MCU firmware blobs (SX1250 path, 8192 bytes each)
# ---------------------------------------------------------------------------

_AGC_FW_SX1250 = bytes([
    0x8A, 0x51, 0xF0, 0x6F, 0xFF, 0xBF, 0xFF, 0xBF, 0xFF, 0xBF, 0xFF, 0xBF, 0xFF, 0xBF, 0xE3, 0x40,
    0xC8, 0xC0, 0x5F, 0xC8, 0xC9, 0x00, 0x60, 0xC8, 0xCA, 0x00, 0x61, 0x08, 0xCB, 0x40, 0x48, 0x30,
    0xDA, 0x40, 0x62, 0x08, 0xDB, 0x80, 0x04, 0xF0, 0x5C, 0x6F, 0xE1, 0x00, 0xC1, 0x70, 0xC8, 0xC0,
    0x48, 0x30, 0xDA, 0x40, 0x61, 0x08, 0xDB, 0x80, 0x01, 0xF0, 0x5C, 0x27, 0x8A, 0x51, 0x07, 0x70,
    0xE0, 0xC0, 0x3A, 0xB0, 0xDF, 0xC0, 0xDF, 0x8B, 0x23, 0x68, 0xE0, 0x8B, 0x23, 0x68, 0x00, 0x00,
    0x0D, 0x70, 0x83, 0x52, 0x03, 0x53, 0xC8, 0xC0, 0x05, 0x30, 0xC9, 0x00, 0x84, 0x30, 0xCA, 0x00,
    0x48, 0x30, 0xCB, 0x81, 0xDA, 0x40, 0x61, 0x08, 0xDB, 0x80, 0x04, 0xF0, 0x5C, 0x27, 0x8A, 0x51,
    0x0D, 0x70, 0xC8, 0xC0, 0x05, 0x30, 0xC9, 0x00, 0x85, 0x70, 0xCA, 0x00, 0x48, 0x30, 0xCB, 0x81,
    0xDA, 0x40, 0x61, 0x08, 0xDB, 0x80, 0x04, 0xF0, 0x5C, 0x27, 0x8A, 0x51, 0x0D, 0x70, 0xC8, 0xC0,
    0x05, 0x30, 0xC9, 0x00, 0x82, 0x30, 0xCA, 0x00, 0x48, 0x30, 0xCB, 0x81, 0xDA, 0x40, 0x61, 0x08,
    0xDB, 0x80, 0x04, 0xF0, 0x5C, 0x27, 0x8A, 0x51, 0x0D, 0x70, 0xC8, 0xC0, 0x05, 0x30, 0xC9, 0x00,
    0x83, 0x70, 0xCA, 0x00, 0x48, 0x30, 0xCB, 0x81, 0xDA, 0x40, 0x61, 0x08, 0xDB, 0x80, 0x04, 0xF0,
    0x5C, 0x27, 0x8A, 0x51, 0x61, 0x8B, 0x66, 0xA8, 0x9C, 0x91, 0x67, 0xE8, 0x1C, 0x51, 0x0D, 0x70,
    0xC8, 0xC0, 0x05, 0x30, 0xC9, 0x00, 0x80, 0xF0, 0xCA, 0x00, 0x48, 0x30, 0xCB, 0x81, 0xDA, 0x40,
    0x61, 0x08, 0xDB, 0x80, 0x04, 0xF0, 0x5C, 0x27, 0x8A, 0x51, 0x05, 0x30, 0xDF, 0xC0, 0xDF, 0x8B,
    0x77, 0x28, 0x0D, 0x70, 0x83, 0x52, 0x03, 0x53, 0xC8, 0xC0, 0x05, 0x30, 0xC9, 0x00, 0x87, 0xB0,
    0xCA, 0x00, 0x0B, 0x70, 0xCB, 0x40, 0x48, 0x30, 0xDA, 0x40, 0x61, 0x08, 0xDB, 0x80, 0x04, 0xF0,
    0x5C, 0x27, 0x8A, 0x51, 0x00, 0xB0, 0xE1, 0x48, 0x03, 0x9D, 0xA9, 0xA8, 0x54, 0xE7, 0x8A, 0x51,
    0xC5, 0x00, 0xF3, 0x30, 0xC5, 0x85, 0x45, 0x08, 0xDA, 0x40, 0x00, 0xB0, 0x4C, 0xE7, 0x8A, 0x51,
    0x00, 0xB0, 0x54, 0xE7, 0x8A, 0x51, 0xC5, 0x00, 0xFE, 0xF9, 0x01, 0x38, 0xC5, 0x00, 0xDA, 0x40,
    0x00, 0xB0, 0x4C, 0xE7, 0x8A, 0x51, 0x00, 0xB0, 0x54, 0xE7, 0x8A, 0x51, 0xC5, 0x00, 0xC5, 0x50,
    0xC3, 0xA8, 0x54, 0xE7, 0x8A, 0x51, 0xC5, 0x00, 0x3F, 0x30, 0xC5, 0x85, 0x45, 0x08, 0xDA, 0x40,
    0x00, 0xB0, 0x4C, 0xE7, 0x8A, 0x51, 0x00, 0xB0, 0x54, 0xE7, 0x8A, 0x51, 0xC5, 0x00, 0xEF, 0xF9,
    0x10, 0x38, 0xC5, 0x00, 0xDA, 0x40, 0x00, 0xB0, 0x4C, 0xE7, 0x8A, 0x51, 0x00, 0xB0, 0x54, 0xE7,
    0x8A, 0x51, 0xC5, 0x00, 0xC5, 0x92, 0x45, 0x08, 0xDA, 0x40, 0x00, 0xB0, 0x4C, 0xE7, 0x8A, 0x51,
    0x86, 0x70, 0xC8, 0xC0, 0xE1, 0x48, 0x03, 0x9D, 0xDC, 0xE8, 0x83, 0x96, 0x3E, 0x88, 0x83, 0x52,
    0xC9, 0x00, 0x83, 0x96, 0x3D, 0x88, 0x83, 0x52, 0xCA, 0x00, 0x83, 0x96, 0x3C, 0x48, 0x83, 0x52,
    0xCB, 0x40, 0x83, 0x96, 0x3B, 0x88, 0xEA, 0xE8, 0x83, 0x96, 0x42, 0xC8, 0x83, 0x52, 0xC9, 0x00,
    0x83, 0x96, 0x41, 0xC8, 0x83, 0x52, 0xCA, 0x00, 0x83, 0x96, 0x40, 0x88, 0x83, 0x52, 0xCB, 0x40,
    0x83, 0x96, 0x3F, 0xC8, 0x83, 0x52, 0xCC, 0x00, 0x48, 0x30, 0xDA, 0x40, 0x61, 0x08, 0xDB, 0x80,
    0x05, 0x30, 0x5C, 0x27, 0x8A, 0x51, 0x0D, 0x70, 0xC8, 0xC0, 0x08, 0xF0, 0xC9, 0x00, 0x8F, 0xF0,
    0xCA, 0x00, 0x48, 0x30, 0xCB, 0x81, 0xCC, 0x41, 0xCD, 0x81, 0xDA, 0x40, 0x61, 0x08, 0xDB, 0x80,
    0x06, 0x30, 0x5C, 0x27, 0x8A, 0x51, 0x82, 0x30, 0xC8, 0xC0, 0xFF, 0xB0, 0xC9, 0x00, 0xCA, 0x00,
    0xCB, 0x40, 0x48, 0x30, 0xDA, 0x40, 0x61, 0x08, 0xDB, 0x80, 0x04, 0xF0, 0x5C, 0x27, 0x8A, 0x51,
    0x82, 0x30, 0xC8, 0xC0, 0xFF, 0xB0, 0xC9, 0x00, 0xCA, 0x00, 0xCB, 0x40, 0x48, 0x30, 0xDA, 0x40,
    0x61, 0x08, 0xDB, 0x80, 0x04, 0xF0, 0x5C, 0x27, 0x8A, 0x51, 0xC7, 0xF0, 0xDF, 0xC0, 0x00, 0x00,
    0xDF, 0x8B, 0x1F, 0x29, 0x23, 0xA9, 0x00, 0x00, 0x08, 0x40, 0xEC, 0x40, 0xC1, 0x70, 0xC8, 0xC0,
    0x48, 0x30, 0xDA, 0x40, 0x6C, 0x48, 0xDB, 0x80, 0x01, 0xF0, 0x5C, 0x27, 0x8A, 0x51, 0x9F, 0x30,
    0xE0, 0xC0, 0xE0, 0x8B, 0x31, 0xA9, 0x34, 0xA9, 0x95, 0xB0, 0x83, 0x52, 0x03, 0x53, 0xC8, 0xC0,
    0x3F, 0xC8, 0xC9, 0x00, 0x3E, 0x88, 0xCA, 0x00, 0x3C, 0x48, 0xCB, 0x40, 0x48, 0x30, 0xCC, 0x41,
    0xCC, 0x8A, 0xDA, 0x40, 0x6C, 0x48, 0xDB, 0x80, 0x05, 0x30, 0x5C, 0x27, 0x8A, 0x51, 0x1D, 0xB0,
    0xC8, 0xC0, 0x08, 0xF0, 0xC9, 0x00, 0xE2, 0xB0, 0xCA, 0x00, 0x48, 0x30, 0xCB, 0x81, 0xCC, 0x41,
    0xDA, 0x40, 0x6C, 0x48, 0xDB, 0x80, 0x05, 0x30, 0x95, 0x27, 0x8A, 0x51, 0x48, 0xC8, 0xCD, 0x40,
    0x13, 0x70, 0xCD, 0xC5, 0x0D, 0x70, 0xC8, 0xC0, 0x08, 0xF0, 0xC9, 0x00, 0xE2, 0xB0, 0xCA, 0x00,
    0x4D, 0x48, 0xCB, 0x40, 0x48, 0x30, 0xDA, 0x40, 0x6C, 0x48, 0xDB, 0x80, 0x04, 0xF0, 0x5C, 0x27,
    0x8A, 0x51, 0xEC, 0x88, 0x03, 0x9D, 0x6E, 0x29, 0x25, 0x70, 0x6F, 0x69, 0x2A, 0x70, 0x54, 0xE7,
    0x8A, 0x51, 0xEB, 0x80, 0xEA, 0x40, 0x3F, 0x30, 0xEA, 0xC5, 0x8E, 0xB0, 0xC8, 0xC0, 0x6A, 0x48,
    0xC9, 0x00, 0x48, 0x30, 0xCA, 0x41, 0xDA, 0x40, 0x6C, 0x48, 0xDB, 0x80, 0x03, 0x30, 0x5C, 0x27,
    0x8A, 0x51, 0x6B, 0x88, 0xE0, 0xC0, 0x06, 0x30, 0x03, 0xD0, 0xE0, 0x4C, 0xFF, 0x7E, 0x03, 0x9D,
    0x84, 0x69, 0x60, 0xC8, 0xEA, 0x40, 0x03, 0x30, 0xEA, 0xC5, 0x00, 0xB0, 0xEC, 0x88, 0x03, 0x9D,
    0x9D, 0x29, 0x54, 0xE7, 0x8A, 0x51, 0xC5, 0x00, 0x6A, 0x48, 0xE0, 0xC0, 0x03, 0xD0, 0xE0, 0x8D,
    0x03, 0xD0, 0xE0, 0x8D, 0x45, 0x08, 0xF3, 0xB9, 0xAA, 0xE9, 0x54, 0xE7, 0x8A, 0x51, 0xC5, 0x00,
    0x6A, 0x48, 0xE0, 0xC0, 0x06, 0x30, 0x03, 0xD0, 0xE0, 0x8D, 0xFF, 0x7E, 0x03, 0x9D, 0xA3, 0xE9,
    0x45, 0x08, 0x3F, 0xB9, 0x60, 0xC4, 0xC5, 0x00, 0xDA, 0x40, 0x00, 0xB0, 0x4C, 0xE7, 0x8A, 0x51,
    0xEC, 0x88, 0x03, 0x9D, 0xBD, 0x69, 0x27, 0xB0, 0x54, 0xE7, 0x8A, 0x51, 0xEA, 0x40, 0x28, 0x30,
    0x54, 0xE7, 0x8A, 0x51, 0xEB, 0x80, 0x29, 0x70, 0xC6, 0xE9, 0x2C, 0x70, 0x54, 0xE7, 0x8A, 0x51,
    0xEA, 0x40, 0x2D, 0xB0, 0x54, 0xE7, 0x8A, 0x51, 0xEB, 0x80, 0x2E, 0xB0, 0x54, 0xE7, 0x8A, 0x51,
    0xE3, 0x40, 0x86, 0x70, 0xC8, 0xC0, 0x03, 0xD0, 0x6A, 0x8C, 0xC9, 0x00, 0x6B, 0x88, 0xE0, 0xC0,
    0x03, 0xD0, 0xE0, 0x4C, 0x6A, 0x48, 0xE1, 0x00, 0x06, 0x30, 0x03, 0xD0, 0xE1, 0xCD, 0xFF, 0x7E,
    0x03, 0xD0, 0x03, 0x9D, 0xD6, 0x29, 0x61, 0x8D, 0x60, 0xC4, 0xCA, 0x00, 0x63, 0x48, 0xE0, 0xC0,
    0x03, 0xD0, 0xE0, 0x4C, 0x6B, 0x88, 0xE1, 0x00, 0x06, 0x30, 0x03, 0xD0, 0xE1, 0xCD, 0xFF, 0x7E,
    0x03, 0xD0, 0x03, 0x9D, 0xE6, 0x29, 0x61, 0x8D, 0x60, 0xC4, 0xCB, 0x40, 0x63, 0x48, 0xE0, 0xC0,
    0x06, 0x30, 0x03, 0xD0, 0xE0, 0x8D, 0xFF, 0x7E, 0x03, 0xD0, 0x03, 0x9D, 0xF2, 0x29, 0x60, 0x4D,
    0xCC, 0x00, 0x48, 0x30, 0xDA, 0x40, 0x6C, 0x48, 0xDB, 0x80, 0x05, 0x30, 0x5C, 0x27, 0x8A, 0x51,
    0xE7, 0xC1, 0x02, 0xF0, 0x67, 0x82, 0x03, 0x18, 0x21, 0x6A, 0xC7, 0xF0, 0xE0, 0xC0, 0x00, 0x00,
    0xE0, 0x8B, 0x07, 0xAA, 0x0B, 0xAA, 0x00, 0x00, 0x1D, 0xB0, 0x83, 0x52, 0x03, 0x53, 0xC8, 0xC0,
    0x08, 0xF0, 0xC9, 0x00, 0xC8, 0x70, 0xCA, 0x00, 0x48, 0x30, 0xCB, 0x81, 0xCC, 0x41, 0xDA, 0x40,
    0x6C, 0x48, 0xDB, 0x80, 0x05, 0x30, 0x95, 0x27, 0x8A, 0x51, 0xC8, 0x9A, 0x21, 0x6A, 0xE7, 0x0A,
    0x01, 0x2A, 0x48, 0xC8, 0x20, 0x79, 0x67, 0x84, 0xDA, 0x40, 0x1C, 0x70, 0x4C, 0xE7, 0x8A, 0x51,
    0x1D, 0xB0, 0xC8, 0xC0, 0x08, 0xF0, 0xC9, 0x00, 0xDD, 0x30, 0xCA, 0x00, 0x48, 0x30, 0xCB, 0x81,
    0xCC, 0x41, 0xDA, 0x40, 0x6C, 0x48, 0xDB, 0x80, 0x05, 0x30, 0x95, 0x27, 0x8A, 0x51, 0x48, 0xC8,
    0xDA, 0x40, 0x1B, 0xB0, 0x4C, 0xE7, 0x8A, 0x51, 0x48, 0xC8, 0xE9, 0x40, 0x07, 0x70, 0xE9, 0xC5,
    0x04, 0xF0, 0x69, 0x42, 0x03, 0x5C, 0x46, 0xAA, 0x04, 0xF0, 0xE9, 0x40, 0xEC, 0x88, 0x03, 0x9D,
    0x50, 0x6A, 0x69, 0x48, 0xDA, 0x40, 0x1D, 0xB0, 0x4C, 0xE7, 0x8A, 0x51, 0x26, 0x70, 0x57, 0x2A,
    0x69, 0xCE, 0xF0, 0x39, 0xDA, 0x40, 0x1D, 0xB0, 0x4C, 0xE7, 0x8A, 0x51, 0x2B, 0xB0, 0x54, 0xE7,
    0x8A, 0x51, 0xEA, 0x40, 0xEA, 0x9F, 0x19, 0xEB, 0x3D, 0xF0, 0x54, 0xE7, 0x8A, 0x51, 0xEB, 0x80,
    0x3E, 0xF0, 0x54, 0xE7, 0xEA, 0x40, 0x06, 0x30, 0xDA, 0x40, 0x69, 0x48, 0x8A, 0x95, 0x81, 0x22,
    0x8A, 0x51, 0x01, 0xBE, 0x84, 0x80, 0x8A, 0x95, 0x00, 0x60, 0x8A, 0x51, 0xE8, 0x00, 0x06, 0x30,
    0xDA, 0x40, 0x69, 0x48, 0x8A, 0x95, 0x81, 0x22, 0x8A, 0x51, 0x02, 0xBE, 0x84, 0x80, 0x8A, 0x95,
    0x00, 0x60, 0x8A, 0x51, 0xE6, 0x40, 0x6B, 0x88, 0x68, 0x02, 0x03, 0x5C, 0x87, 0xEA, 0x6B, 0x88,
    0x68, 0x46, 0x03, 0x9D, 0xA9, 0xEA, 0x6A, 0x48, 0x66, 0x42, 0x03, 0x18, 0xA9, 0xEA, 0x1D, 0xB0,
    0xC8, 0xC0, 0x08, 0xF0, 0xC9, 0x00, 0xC1, 0x70, 0xCA, 0x00, 0x48, 0x30, 0xCB, 0x81, 0xCC, 0x41,
    0xDA, 0x40, 0x6C, 0x48, 0xDB, 0x80, 0x05, 0x30, 0x95, 0x27, 0x8A, 0x51, 0x48, 0xC8, 0xEB, 0x80,
    0x1F, 0x79, 0xE0, 0xB8, 0xEB, 0x80, 0x0D, 0x70, 0xC8, 0xC0, 0x08, 0xF0, 0xC9, 0x00, 0xC1, 0x70,
    0xCA, 0x00, 0x6B, 0x88, 0xCB, 0x40, 0x48, 0x30, 0xDA, 0x40, 0x6C, 0x48, 0xDB, 0x80, 0x04, 0xF0,
    0x5C, 0x27, 0x06, 0x30, 0xDA, 0x40, 0x69, 0x48, 0x8A, 0x95, 0x81, 0x22, 0x8A, 0x51, 0x03, 0xFE,
    0x84, 0x80, 0x8A, 0x95, 0x00, 0x60, 0x8A, 0x51, 0xE8, 0x00, 0x06, 0x30, 0xDA, 0x40, 0x69, 0x48,
    0x8A, 0x95, 0x81, 0x22, 0x8A, 0x51, 0x04, 0xBE, 0x84, 0x80, 0x8A, 0x95, 0x00, 0x60, 0x8A, 0x51,
    0xE6, 0x40, 0x6B, 0x88, 0x68, 0x02, 0x03, 0x5C, 0xCD, 0x2A, 0x6B, 0x88, 0x68, 0x46, 0x03, 0x9D,
    0xDF, 0xEB, 0x6A, 0x48, 0x66, 0x42, 0x03, 0x18, 0xDF, 0xEB, 0x06, 0x30, 0xDA, 0x40, 0x69, 0x48,
    0x8A, 0x95, 0x81, 0x22, 0x8A, 0x51, 0x05, 0xFE, 0x84, 0x80, 0x8A, 0x95, 0x00, 0x60, 0x8A, 0x51,
    0xE8, 0x00, 0x06, 0x30, 0xDA, 0x40, 0x69, 0x48, 0x8A, 0x95, 0x81, 0x22, 0x8A, 0x51, 0x06, 0xFE,
    0x84, 0x80, 0x8A, 0x95, 0x00, 0x60, 0x8A, 0x51, 0xE6, 0x40, 0x6B, 0x88, 0x68, 0x02, 0x03, 0x5C,
    0xF1, 0x2A, 0x6B, 0x88, 0x68, 0x46, 0x03, 0x9D, 0x05, 0xAB, 0x6A, 0x48, 0x66, 0x42, 0x03, 0x18,
    0x05, 0xAB, 0x1D, 0xB0, 0xC8, 0xC0, 0x08, 0xF0, 0xC9, 0x00, 0xC2, 0x70, 0xCA, 0x00, 0x48, 0x30,
    0xCB, 0x81, 0xCC, 0x41, 0xDA, 0x40, 0x6C, 0x48, 0xDB, 0x80, 0x05, 0x30, 0x95, 0x27, 0x8A, 0x51,
    0x48, 0xC8, 0xEB, 0x80, 0xE1, 0x39, 0x0E, 0xB8, 0xCF, 0xAB, 0x1D, 0xB0, 0xC8, 0xC0, 0x08, 0xF0,
    0xC9, 0x00, 0xC2, 0x70, 0xCA, 0x00, 0x48, 0x30, 0xCB, 0x81, 0xCC, 0x41, 0xDA, 0x40, 0x6C, 0x48,
    0xDB, 0x80, 0x05, 0x30, 0x95, 0x27, 0x8A, 0x51, 0x48, 0xC8, 0xEB, 0x80, 0xE1, 0x39, 0x06, 0x78,
    0xCF, 0xAB, 0x07, 0x70, 0xEA, 0xC5, 0x05, 0x30, 0x6A, 0x42, 0x03, 0x18, 0x29, 0xEB, 0x69, 0x48,
    0x3C, 0x7E, 0x84, 0x80, 0x8A, 0x95, 0x00, 0x60, 0x8A, 0x51, 0xE4, 0x00, 0x69, 0x48, 0x2D, 0x7E,
    0x44, 0xAB, 0x6A, 0x48, 0x05, 0xBA, 0x03, 0x9D, 0x37, 0x6B, 0x69, 0x48, 0x41, 0xFE, 0x84, 0x80,
    0x8A, 0x95, 0x00, 0x60, 0x8A, 0x51, 0xE4, 0x00, 0x69, 0x48, 0x32, 0x3E, 0x44, 0xAB, 0x06, 0x30,
    0x6A, 0x42, 0x03, 0x5C, 0x49, 0xEB, 0x69, 0x48, 0x46, 0x3E, 0x84, 0x80, 0x8A, 0x95, 0x00, 0x60,
    0x8A, 0x51, 0xE4, 0x00, 0x69, 0x48, 0x37, 0xBE, 0x84, 0x80, 0x8A, 0x95, 0x00, 0x60, 0x8A, 0x51,
    0xE5, 0x40, 0x0D, 0x70, 0xC8, 0xC0, 0x08, 0xF0, 0xC9, 0x00, 0x89, 0x70, 0xCA, 0x00, 0x06, 0x30,
    0x6A, 0x42, 0x03, 0x5C, 0x55, 0x2B, 0x09, 0x30, 0x56, 0x2B, 0x0D, 0x70, 0xCB, 0x40, 0x48, 0x30,
    0xDA, 0x40, 0x6C, 0x48, 0xDB, 0x80, 0x04, 0xF0, 0x5C, 0x27, 0x8A, 0x51, 0x06, 0x30, 0x6A, 0x42,
    0x03, 0x5C, 0x85, 0xEB, 0x1D, 0xB0, 0xC8, 0xC0, 0x08, 0xF0, 0xC9, 0x00, 0xC2, 0x70, 0xCA, 0x00,
    0x48, 0x30, 0xCB, 0x81, 0xCC, 0x41, 0xDA, 0x40, 0x6C, 0x48, 0xDB, 0x80, 0x05, 0x30, 0x95, 0x27,
    0x8A, 0x51, 0x48, 0xC8, 0xEB, 0x80, 0x9F, 0xB9, 0x20, 0x38, 0xEB, 0x80, 0x0D, 0x70, 0xC8, 0xC0,
    0x08, 0xF0, 0xC9, 0x00, 0xC2, 0x70, 0xCA, 0x00, 0x6B, 0x88, 0xCB, 0x40, 0x48, 0x30, 0xDA, 0x40,
    0x6C, 0x48, 0xDB, 0x80, 0x04, 0xF0, 0x5C, 0x27, 0x8A, 0x51, 0x64, 0x08, 0x03, 0x59, 0xB4, 0x2B,
    0x1D, 0xB0, 0xC8, 0xC0, 0x08, 0xF0, 0xC9, 0x00, 0xC1, 0x70, 0xCA, 0x00, 0x48, 0x30, 0xCB, 0x81,
    0xCC, 0x41, 0xDA, 0x40, 0x6C, 0x48, 0xDB, 0x80, 0x05, 0x30, 0x95, 0x27, 0x8A, 0x51, 0x48, 0xC8,
    0xEB, 0x80, 0x64, 0x08, 0xE0, 0xC0, 0x05, 0x30, 0x03, 0xD0, 0xE0, 0x8D, 0xFF, 0x7E, 0x03, 0x9D,
    0x9C, 0x2B, 0x6B, 0x88, 0x1F, 0x79, 0x60, 0xC4, 0xEB, 0x80, 0x0D, 0x70, 0xC8, 0xC0, 0x08, 0xF0,
    0xC9, 0x00, 0xC1, 0x70, 0xCA, 0x00, 0x6B, 0x88, 0xCB, 0x40, 0x48, 0x30, 0xDA, 0x40, 0x6C, 0x48,
    0xDB, 0x80, 0x04, 0xF0, 0x5C, 0x27, 0x8A, 0x51, 0x65, 0x48, 0x03, 0x59, 0xDF, 0xEB, 0x1D, 0xB0,
    0xC8, 0xC0, 0x08, 0xF0, 0xC9, 0x00, 0xC2, 0x70, 0xCA, 0x00, 0x48, 0x30, 0xCB, 0x81, 0xCC, 0x41,
    0xDA, 0x40, 0x6C, 0x48, 0xDB, 0x80, 0x05, 0x30, 0x95, 0x27, 0x8A, 0x51, 0x48, 0xC8, 0xEB, 0x80,
    0x65, 0x48, 0xE0, 0xC0, 0x03, 0xD0, 0xE0, 0x8D, 0x6B, 0x88, 0xE1, 0x39, 0x60, 0xC4, 0xEB, 0x80,
    0x0D, 0x70, 0xC8, 0xC0, 0x08, 0xF0, 0xC9, 0x00, 0xC2, 0x70, 0xCA, 0x00, 0x6B, 0x88, 0xCB, 0x40,
    0x48, 0x30, 0xDA, 0x40, 0x6C, 0x48, 0xDB, 0x80, 0x04, 0xF0, 0x5C, 0x27, 0x8A, 0x51, 0x5F, 0xC8,
    0x03, 0x9D, 0x9D, 0x5B, 0xE4, 0x2B, 0xA4, 0xAC, 0xE2, 0x41, 0xE2, 0x8A, 0x6C, 0xCB, 0xEE, 0xAB,
    0x00, 0xB0, 0x54, 0xE7, 0x8A, 0x51, 0xC5, 0x00, 0x45, 0x52, 0xF3, 0xAB, 0x00, 0xB0, 0x54, 0xE7,
    0x8A, 0x51, 0xC5, 0x00, 0x45, 0x10, 0x45, 0x08, 0xDA, 0x40, 0x00, 0xB0, 0x4C, 0xE7, 0x8A, 0x51,
    0x05, 0x30, 0xE0, 0xC0, 0xE0, 0x8B, 0xFA, 0xAB, 0x00, 0xB0, 0x54, 0xE7, 0x8A, 0x51, 0xC5, 0x00,
    0xFD, 0xF9, 0x02, 0x38, 0xC5, 0x00, 0xDA, 0x40, 0x00, 0xB0, 0x4C, 0xE7, 0x8A, 0x51, 0x00, 0xB0,
    0x54, 0xE7, 0x8A, 0x51, 0xC5, 0x00, 0xDF, 0xF9, 0x20, 0x38, 0xC5, 0x00, 0xDA, 0x40, 0x00, 0xB0,
    0x4C, 0xE7, 0x8A, 0x51, 0xE7, 0xC1, 0x40, 0x88, 0x67, 0x82, 0x03, 0x18, 0x23, 0xAC, 0xE4, 0xB0,
    0xE0, 0xC0, 0x1A, 0xAC, 0x1B, 0xEC, 0xE0, 0x8B, 0x19, 0xAC, 0x1E, 0xEC, 0x00, 0x00, 0x83, 0x52,
    0x03, 0x53, 0xE7, 0x0A, 0x13, 0xAC, 0x0D, 0x70, 0xC8, 0xC0, 0x05, 0x30, 0xC9, 0x00, 0x84, 0x30,
    0xCA, 0x00, 0x48, 0x30, 0xCB, 0x81, 0xDA, 0x40, 0x6C, 0x48, 0xDB, 0x80, 0x04, 0xF0, 0x5C, 0x27,
    0x8A, 0x51, 0x0D, 0x70, 0xC8, 0xC0, 0x05, 0x30, 0xC9, 0x00, 0x85, 0x70, 0xCA, 0x00, 0x48, 0x30,
    0xCB, 0x81, 0xDA, 0x40, 0x6C, 0x48, 0xDB, 0x80, 0x04, 0xF0, 0x5C, 0x27, 0x8A, 0x51, 0x0D, 0x70,
    0xC8, 0xC0, 0x05, 0x30, 0xC9, 0x00, 0x82, 0x30, 0xCA, 0x00, 0x3F, 0x30, 0xCB, 0x40, 0x48, 0x30,
    0xDA, 0x40, 0x6C, 0x48, 0xDB, 0x80, 0x04, 0xF0, 0x5C, 0x27, 0x8A, 0x51, 0x0D, 0x70, 0xC8, 0xC0,
    0x05, 0x30, 0xC9, 0x00, 0x80, 0xF0, 0xCA, 0x00, 0x3E, 0xF0, 0xCB, 0x40, 0x48, 0x30, 0xDA, 0x40,
    0x6C, 0x48, 0xDB, 0x80, 0x04, 0xF0, 0x5C, 0x27, 0x8A, 0x51, 0x0D, 0x70, 0xC8, 0xC0, 0x05, 0x30,
    0xC9, 0x00, 0x83, 0x70, 0xCA, 0x00, 0x3E, 0xF0, 0xCB, 0x40, 0x48, 0x30, 0xDA, 0x40, 0x6C, 0x48,
    0xDB, 0x80, 0x04, 0xF0, 0x5C, 0x27, 0x8A, 0x51, 0x6C, 0x83, 0x03, 0x9D, 0x71, 0xEC, 0x9C, 0xD5,
    0x72, 0xEC, 0x1C, 0x95, 0x05, 0x30, 0xE0, 0xC0, 0xE0, 0x8B, 0x74, 0xEC, 0x0D, 0x70, 0x83, 0x52,
    0x03, 0x53, 0xC8, 0xC0, 0x05, 0x30, 0xC9, 0x00, 0x87, 0xB0, 0xCA, 0x00, 0x09, 0x30, 0xCB, 0x40,
    0x48, 0x30, 0xDA, 0x40, 0x6C, 0x48, 0xDB, 0x80, 0x04, 0xF0, 0x5C, 0x27, 0x8A, 0x51, 0xE4, 0xB0,
    0xE0, 0xC0, 0x8A, 0xAC, 0x8B, 0xEC, 0xE0, 0x8B, 0x89, 0xAC, 0x8E, 0xEC, 0x00, 0x00, 0xD1, 0xB0,
    0x83, 0x52, 0x03, 0x53, 0xC8, 0xC0, 0x48, 0x30, 0xDA, 0x40, 0x6C, 0x48, 0xDB, 0x80, 0x01, 0xF0,
    0x5C, 0x27, 0x8A, 0x51, 0x04, 0xF0, 0xE1, 0x00, 0x1C, 0x70, 0xE0, 0xC0, 0xE0, 0x8B, 0x9E, 0x2C,
    0xE1, 0xCB, 0x9E, 0x2C, 0x00, 0x00, 0xA5, 0xEC, 0xE2, 0x41, 0x83, 0x52, 0x03, 0x53, 0x62, 0x08,
    0x08, 0x40, 0x55, 0xB0, 0x83, 0x52, 0x9B, 0x40, 0xC4, 0x01, 0x02, 0xF0, 0x44, 0xC2, 0x03, 0x18,
    0x6D, 0x6D, 0x44, 0xC8, 0x01, 0xBE, 0x9B, 0x40, 0x44, 0xC8, 0xB4, 0x7E, 0x84, 0x80, 0x83, 0x93,
    0x80, 0x81, 0x44, 0xC8, 0xB4, 0x7E, 0x84, 0x80, 0x80, 0x88, 0x03, 0x9D, 0xE5, 0x2C, 0x3C, 0xB0,
    0x54, 0xE7, 0x8A, 0x51, 0xC5, 0x00, 0x44, 0x18, 0xD1, 0xEC, 0x44, 0xC8, 0xB4, 0x7E, 0x84, 0x80,
    0x45, 0x08, 0xDC, 0x40, 0x07, 0x70, 0x03, 0xD0, 0xDC, 0xCC, 0xFF, 0x7E, 0x03, 0x9D, 0xCB, 0x2C,
    0xDC, 0x2C, 0x44, 0xC8, 0xB4, 0x7E, 0x84, 0x80, 0x45, 0x08, 0xDC, 0x40, 0x05, 0x30, 0x03, 0xD0,
    0xDC, 0xCC, 0xFF, 0x7E, 0x03, 0x9D, 0xD7, 0x6C, 0x5C, 0x48, 0x83, 0x93, 0x80, 0x40, 0x44, 0xC8,
    0xB4, 0x7E, 0x84, 0x80, 0x01, 0xF0, 0x80, 0xC5, 0xB9, 0x2C, 0x3E, 0xF0, 0x54, 0xE7, 0x8A, 0x51,
    0xC5, 0x00, 0x45, 0x08, 0x03, 0x59, 0x05, 0xAD, 0x10, 0xF0, 0x45, 0x02, 0x03, 0x18, 0x05, 0xAD,
    0x44, 0xC8, 0xB0, 0x3E, 0x84, 0x80, 0x45, 0x08, 0x83, 0x93, 0x80, 0x40, 0x44, 0xC8, 0xB0, 0x3E,
    0x84, 0x80, 0x00, 0x48, 0xDA, 0x40, 0x1B, 0xB0, 0x4C, 0xE7, 0x8A, 0x51, 0x44, 0xC8, 0xAE, 0xBE,
    0x84, 0x80, 0x83, 0x93, 0x80, 0x81, 0x80, 0xCA, 0x24, 0xAD, 0x45, 0x08, 0xFF, 0x3A, 0x03, 0x9D,
    0x11, 0xAD, 0x44, 0xC8, 0xB0, 0x3E, 0x84, 0x80, 0x04, 0xF0, 0x83, 0x93, 0x80, 0x40, 0xFF, 0xB0,
    0x1B, 0x2D, 0x44, 0xC8, 0xB0, 0x3E, 0x84, 0x80, 0x04, 0xF0, 0x83, 0x93, 0x80, 0x40, 0x44, 0xC8,
    0xB0, 0x3E, 0x84, 0x80, 0x00, 0x48, 0xDA, 0x40, 0x1B, 0xB0, 0x4C, 0xE7, 0x8A, 0x51, 0x44, 0xC8,
    0xAE, 0xBE, 0x84, 0x80, 0x83, 0x93, 0x80, 0x81, 0x3F, 0x30, 0x54, 0xE7, 0x8A, 0x51, 0xC5, 0x00,
    0x45, 0x08, 0x03, 0x59, 0x44, 0xAD, 0x0E, 0x70, 0x45, 0x02, 0x03, 0x18, 0x44, 0xAD, 0x44, 0xC8,
    0xAA, 0x7E, 0x84, 0x80, 0x45, 0x08, 0x83, 0x93, 0x80, 0x40, 0x44, 0xC8, 0xAA, 0x7E, 0x84, 0x80,
    0x00, 0x48, 0xDA, 0x40, 0x1C, 0x70, 0x4C, 0xE7, 0x8A, 0x51, 0x44, 0xC8, 0xA8, 0x3E, 0x84, 0x80,
    0x83, 0x93, 0x80, 0x81, 0x80, 0xCA, 0x63, 0x2D, 0x45, 0x08, 0xFF, 0x3A, 0x03, 0x9D, 0x50, 0xAD,
    0x44, 0xC8, 0xAA, 0x7E, 0x84, 0x80, 0x0D, 0x70, 0x83, 0x93, 0x80, 0x40, 0xFF, 0xB0, 0x5A, 0x2D,
    0x44, 0xC8, 0xAA, 0x7E, 0x84, 0x80, 0x0D, 0x70, 0x83, 0x93, 0x80, 0x40, 0x44, 0xC8, 0xAA, 0x7E,
    0x84, 0x80, 0x00, 0x48, 0xDA, 0x40, 0x1C, 0x70, 0x4C, 0xE7, 0x8A, 0x51, 0x44, 0xC8, 0xA8, 0x3E,
    0x84, 0x80, 0x83, 0x93, 0x80, 0x81, 0x44, 0xC8, 0xB2, 0x7E, 0x84, 0x80, 0x00, 0x48, 0xDA, 0x40,
    0x1A, 0x70, 0x4C, 0xE7, 0x8A, 0x51, 0xC4, 0x4A, 0xAD, 0x2C, 0x03, 0x30, 0x9B, 0x40, 0x3C, 0xB0,
    0x54, 0xE7, 0x8A, 0x51, 0xC5, 0x00, 0x03, 0xBA, 0x03, 0x9D, 0x6F, 0xAD, 0x3E, 0xF0, 0x54, 0xE7,
    0x8A, 0x51, 0xA8, 0xC0, 0x3F, 0x30, 0x54, 0xE7, 0x8A, 0x51, 0xAA, 0x00, 0x28, 0xC2, 0x03, 0x5C,
    0x97, 0x6D, 0x0E, 0x70, 0x28, 0xC2, 0x03, 0x18, 0x97, 0x6D, 0x2A, 0x08, 0x03, 0x59, 0x97, 0x6D,
    0x28, 0xC8, 0xDA, 0x40, 0x1B, 0xB0, 0x4C, 0xE7, 0x8A, 0x51, 0x2A, 0x08, 0xDA, 0x40, 0x1C, 0x70,
    0x4C, 0xE7, 0x8A, 0x51, 0x28, 0xC8, 0xA7, 0x40, 0x2A, 0x08, 0xA9, 0x00, 0xA5, 0x2D, 0x0D, 0x70,
    0xDA, 0x40, 0x1B, 0xB0, 0x4C, 0xE7, 0x8A, 0x51, 0x1C, 0x70, 0xDA, 0x81, 0xDA, 0xCA, 0x4C, 0xE7,
    0x8A, 0x51, 0x0D, 0x70, 0xA7, 0x40, 0xA9, 0x41, 0xA9, 0x8A, 0x04, 0xF0, 0x9B, 0x40, 0x3C, 0xB0,
    0x54, 0xE7, 0x8A, 0x51, 0xC5, 0x00, 0x04, 0x7A, 0x03, 0x9D, 0xA7, 0x6D, 0x3E, 0xF0, 0x54, 0xE7,
    0x8A, 0x51, 0xAC, 0x00, 0x3F, 0x30, 0x54, 0xE7, 0x8A, 0x51, 0xAE, 0x40, 0x2C, 0x02, 0x03, 0x5C,
    0xCB, 0x6D, 0x02, 0xF0, 0x2E, 0x42, 0x03, 0x5C, 0xCB, 0x6D, 0x2C, 0x08, 0xDA, 0x40, 0x1B, 0xB0,
    0x4C, 0xE7, 0x8A, 0x51, 0x2E, 0x48, 0xDA, 0x40, 0x1C, 0x70, 0x4C, 0xE7, 0x8A, 0x51, 0x2C, 0x08,
    0xAB, 0x40, 0x2E, 0x48, 0xD8, 0x2D, 0x0C, 0x30, 0xDA, 0x40, 0x1B, 0xB0, 0x4C, 0xE7, 0x8A, 0x51,
    0x03, 0x30, 0xDA, 0x40, 0x1C, 0x70, 0x4C, 0xE7, 0x8A, 0x51, 0x0C, 0x30, 0xAB, 0x40, 0x03, 0x30,
    0xAD, 0x40, 0x05, 0x30, 0x9B, 0x40, 0x3C, 0xB0, 0x54, 0xE7, 0x8A, 0x51, 0xC5, 0x00, 0x05, 0xBA,
    0x03, 0x9D, 0xDB, 0xAD, 0x3E, 0xF0, 0x54, 0xE7, 0x8A, 0x51, 0xB4, 0x00, 0x3F, 0x30, 0x54, 0xE7,
    0x8A, 0x51, 0xB6, 0x40, 0x34, 0x02, 0x03, 0x5C, 0x02, 0x6E, 0x10, 0xF0, 0x34, 0x02, 0x03, 0x18,
    0x02, 0x6E, 0x36, 0x48, 0x03, 0x59, 0x02, 0x6E, 0x34, 0x08, 0xDA, 0x40, 0x1B, 0xB0, 0x4C, 0xE7,
    0x8A, 0x51, 0x36, 0x48, 0xDA, 0x40, 0x1C, 0x70, 0x4C, 0xE7, 0x8A, 0x51, 0x34, 0x08, 0xB3, 0x40,
    0x36, 0x48, 0x0F, 0x2E, 0x0F, 0xB0, 0xDA, 0x40, 0x1B, 0xB0, 0x4C, 0xE7, 0x8A, 0x51, 0x04, 0xF0,
    0xDA, 0x40, 0x1C, 0x70, 0x4C, 0xE7, 0x8A, 0x51, 0x0F, 0xB0, 0xB3, 0x40, 0x04, 0xF0, 0xB5, 0x40,
    0x06, 0x30, 0x9B, 0x40, 0x3C, 0xB0, 0x54, 0xE7, 0x8A, 0x51, 0xC5, 0x00, 0x06, 0xBA, 0x03, 0x9D,
    0x12, 0xAE, 0x3D, 0xF0, 0x54, 0xE7, 0x8A, 0x51, 0xB9, 0x40, 0x3E, 0xF0, 0x54, 0xE7, 0x8A, 0x51,
    0xB8, 0x00, 0x3F, 0x30, 0x54, 0xE7, 0x8A, 0x51, 0xBB, 0x80, 0x38, 0x08, 0x39, 0x42, 0x03, 0x5C,
    0x47, 0x2E, 0x3B, 0x88, 0x38, 0x02, 0x03, 0x5C, 0x47, 0x2E, 0x3B, 0x88, 0x03, 0x59, 0x47, 0x2E,
    0x39, 0x48, 0xDA, 0x40, 0x1A, 0x70, 0x4C, 0xE7, 0x8A, 0x51, 0x38, 0x08, 0xDA, 0x40, 0x1B, 0xB0,
    0x4C, 0xE7, 0x8A, 0x51, 0x3B, 0x88, 0xDA, 0x40, 0x1C, 0x70, 0x4C, 0xE7, 0x8A, 0x51, 0x39, 0x48,
    0x83, 0x96, 0xBA, 0x40, 0x83, 0x52, 0x38, 0x08, 0xB7, 0x80, 0x3B, 0x88, 0x5D, 0x6E, 0x5A, 0xB0,
    0xDA, 0x40, 0x1A, 0x70, 0x4C, 0xE7, 0x8A, 0x51, 0x50, 0x30, 0xDA, 0x40, 0x1B, 0xB0, 0x4C, 0xE7,
    0x8A, 0x51, 0x28, 0x30, 0xDA, 0x40, 0x1C, 0x70, 0x4C, 0xE7, 0x8A, 0x51, 0x5A, 0xB0, 0x83, 0x96,
    0xBA, 0x40, 0x50, 0x30, 0x83, 0x52, 0xB7, 0x80, 0x28, 0x30, 0xBA, 0x40, 0x07, 0x70, 0x9B, 0x40,
    0x3C, 0xB0, 0x54, 0xE7, 0x8A, 0x51, 0xC5, 0x00, 0x07, 0xFA, 0x03, 0x9D, 0x60, 0xAE, 0x3E, 0xF0,
    0x54, 0xE7, 0x8A, 0x51, 0xAF, 0x80, 0x3F, 0x30, 0x54, 0xE7, 0x8A, 0x51, 0xB0, 0xC0, 0x2F, 0x82,
    0x03, 0x5C, 0x8A, 0xEE, 0x10, 0xF0, 0x2F, 0x82, 0x03, 0x18, 0x8A, 0xEE, 0x30, 0xC8, 0x03, 0x59,
    0x8A, 0xEE, 0x2F, 0x88, 0xDA, 0x40, 0x1B, 0xB0, 0x4C, 0xE7, 0x8A, 0x51, 0x30, 0xC8, 0xDA, 0x40,
    0x1C, 0x70, 0x4C, 0xE7, 0x8A, 0x51, 0x2F, 0x88, 0x83, 0x96, 0xB6, 0x40, 0x83, 0x52, 0x30, 0xC8,
    0x83, 0x96, 0x98, 0xEE, 0x0E, 0x70, 0xDA, 0x40, 0x1B, 0xB0, 0x4C, 0xE7, 0x8A, 0x51, 0x04, 0xF0,
    0xDA, 0x40, 0x1C, 0x70, 0x4C, 0xE7, 0x8A, 0x51, 0x0E, 0x70, 0x83, 0x96, 0xB6, 0x40, 0x04, 0xF0,
    0xB7, 0x80, 0x08, 0xF0, 0x83, 0x52, 0x9B, 0x40, 0x3C, 0xB0, 0x54, 0xE7, 0x8A, 0x51, 0xC5, 0x00,
    0x08, 0x7A, 0x03, 0x9D, 0x9C, 0x2E, 0x3E, 0xF0, 0x54, 0xE7, 0x8A, 0x51, 0xB1, 0x00, 0x3F, 0x30,
    0x54, 0xE7, 0x8A, 0x51, 0xB2, 0x00, 0x31, 0x08, 0x32, 0x02, 0x03, 0x18, 0xC4, 0xEE, 0x02, 0xF0,
    0x32, 0x02, 0x03, 0x5C, 0xC4, 0xEE, 0x31, 0x08, 0xDA, 0x40, 0x1B, 0xB0, 0x4C, 0xE7, 0x8A, 0x51,
    0x32, 0x08, 0xDA, 0x40, 0x1C, 0x70, 0x4C, 0xE7, 0x8A, 0x51, 0x31, 0x08, 0x83, 0x96, 0xB8, 0x00,
    0x83, 0x52, 0x32, 0x08, 0x83, 0x96, 0xD2, 0x2E, 0x84, 0x30, 0xDA, 0x40, 0x1B, 0xB0, 0x4C, 0xE7,
    0x8A, 0x51, 0x34, 0x70, 0xDA, 0x40, 0x1C, 0x70, 0x4C, 0xE7, 0x8A, 0x51, 0x84, 0x30, 0x83, 0x96,
    0xB8, 0x00, 0x34, 0x70, 0xB9, 0x40, 0x09, 0x30, 0x83, 0x52, 0x9B, 0x40, 0x3C, 0xB0, 0x54, 0xE7,
    0x8A, 0x51, 0xC5, 0x00, 0x09, 0xBA, 0x03, 0x9D, 0xD6, 0x6E, 0x3D, 0xF0, 0x54, 0xE7, 0x8A, 0x51,
    0xBF, 0xC0, 0x3E, 0xF0, 0x54, 0xE7, 0x8A, 0x51, 0xBE, 0x80, 0x3F, 0x30, 0x54, 0xE7, 0x8A, 0x51,
    0xBC, 0x40, 0x07, 0x70, 0x3F, 0xC2, 0x03, 0x18, 0x05, 0xEF, 0x08, 0xF0, 0x3E, 0x82, 0x03, 0x18,
    0x05, 0xEF, 0x02, 0xF0, 0x3C, 0x42, 0x03, 0x18, 0x05, 0xEF, 0x3F, 0xC8, 0xDA, 0x40, 0x1A, 0x70,
    0x4C, 0xE7, 0x8A, 0x51, 0x3E, 0x88, 0xDA, 0x40, 0x1B, 0xB0, 0x4C, 0xE7, 0x8A, 0x51, 0x3C, 0x48,
    0xDA, 0x40, 0x1C, 0x70, 0x4C, 0xE7, 0x8A, 0x51, 0x18, 0xEF, 0x1A, 0x70, 0xDA, 0x81, 0xDA, 0xCA,
    0x4C, 0xE7, 0x8A, 0x51, 0x02, 0xF0, 0xDA, 0x40, 0x1B, 0xB0, 0x4C, 0xE7, 0x8A, 0x51, 0x1C, 0x70,
    0xDA, 0x81, 0x4C, 0xE7, 0x8A, 0x51, 0x02, 0xF0, 0xBF, 0x01, 0xBF, 0x4A, 0xBE, 0x80, 0xBC, 0x81,
    0x0A, 0x30, 0x9B, 0x40, 0x3C, 0xB0, 0x54, 0xE7, 0x8A, 0x51, 0xC5, 0x00, 0x0A, 0xBA, 0x03, 0x9D,
    0x1A, 0x2F, 0x3F, 0x30, 0x54, 0xE7, 0x8A, 0x51, 0xC0, 0x80, 0xDA, 0x40, 0x1C, 0x70, 0x4C, 0xE7,
    0x8A, 0x51, 0x0B, 0x70, 0x9B, 0x40, 0x3C, 0xB0, 0x54, 0xE7, 0x8A, 0x51, 0xC5, 0x00, 0x0B, 0xFA,
    0x03, 0x9D, 0x2B, 0x6F, 0x3F, 0x30, 0x54, 0xE7, 0x8A, 0x51, 0xBD, 0x80, 0x3D, 0x88, 0x03, 0x59,
    0x3D, 0xAF, 0x3D, 0x0B, 0x3C, 0x6F, 0x3D, 0xAF, 0xBD, 0xC1, 0x3D, 0x88, 0xDA, 0x40, 0x1C, 0x70,
    0x4C, 0xE7, 0x8A, 0x51, 0x0F, 0xB0, 0x9B, 0x40, 0x3C, 0xB0, 0x54, 0xE7, 0x8A, 0x51, 0xC5, 0x00,
    0x0F, 0x3A, 0x03, 0x59, 0x08, 0x40, 0x44, 0xEF, 0xDB, 0x80, 0x5A, 0x48, 0x96, 0x00, 0x5B, 0x88,
    0x95, 0x00, 0x17, 0x94, 0x17, 0x50, 0x08, 0x40, 0x83, 0x52, 0x03, 0x53, 0xDA, 0x40, 0x95, 0x00,
    0x97, 0xD4, 0x97, 0x90, 0x0D, 0x08, 0x08, 0x40, 0xDD, 0x80, 0x5B, 0xD8, 0x7A, 0xAF, 0xDE, 0xC1,
    0x5D, 0x88, 0x5E, 0x82, 0x03, 0x18, 0x6F, 0xEF, 0x5E, 0x88, 0x5A, 0xC7, 0xDC, 0x40, 0x84, 0x80,
    0x83, 0x93, 0x00, 0x48, 0x99, 0x00, 0x18, 0x14, 0x18, 0xD0, 0xDE, 0x0A, 0x60, 0xEF, 0x18, 0x55,
    0x18, 0x11, 0x83, 0x52, 0x03, 0x53, 0x11, 0x5C, 0x08, 0x40, 0x05, 0x30, 0xDC, 0x40, 0xDC, 0x0B,
    0x77, 0xEF, 0x71, 0x6F, 0xDE, 0xC1, 0x5D, 0x88, 0x5E, 0x82, 0x03, 0x18, 0x8A, 0x2F, 0x5E, 0x88,
    0x5A, 0xC7, 0xDC, 0x40, 0x84, 0x80, 0x83, 0x93, 0x00, 0x48, 0x9A, 0x00, 0x98, 0x95, 0x98, 0x51,
    0xDE, 0x0A, 0x7B, 0xEF, 0x98, 0x96, 0x98, 0x52, 0x83, 0x52, 0x03, 0x53, 0x91, 0x9C, 0x08, 0x40,
    0x05, 0x30, 0xDC, 0x40, 0xDC, 0x0B, 0x92, 0x2F, 0x8C, 0x2F, 0xDD, 0x80, 0x5B, 0xD8, 0xC4, 0x2F,
    0xDE, 0xC1, 0x5D, 0x88, 0x5E, 0x82, 0x03, 0x18, 0xA8, 0x2F, 0x5E, 0x88, 0x5A, 0xC7, 0xDC, 0x40,
    0x84, 0x80, 0x83, 0x93, 0x00, 0x48, 0x99, 0x00, 0x18, 0x14, 0x18, 0xD0, 0xDE, 0x0A, 0x99, 0x6F,
    0x18, 0x55, 0x18, 0x11, 0x83, 0x52, 0x03, 0x53, 0x11, 0x5C, 0xB4, 0x6F, 0x2A, 0x70, 0xDC, 0x40,
    0xDC, 0x0B, 0xB0, 0x2F, 0x00, 0x00, 0xAA, 0x6F, 0xDE, 0xC1, 0x5D, 0x88, 0x5E, 0x82, 0x03, 0x18,
    0x08, 0x40, 0x5E, 0x88, 0x5A, 0xC7, 0xDC, 0x40, 0x84, 0x80, 0x0F, 0x48, 0x83, 0x93, 0x80, 0x40,
    0x98, 0x54, 0x98, 0x10, 0xDE, 0x0A, 0xB5, 0xAF, 0xDE, 0xC1, 0x5D, 0x88, 0x5E, 0x82, 0x03, 0x18,
    0xD4, 0x6F, 0x5E, 0x88, 0x5A, 0xC7, 0xDC, 0x40, 0x84, 0x80, 0x83, 0x93, 0x00, 0x48, 0x9A, 0x00,
    0x98, 0x95, 0x98, 0x51, 0xDE, 0x0A, 0xC5, 0x6F, 0x98, 0x96, 0x98, 0x52, 0x83, 0x52, 0x03, 0x53,
    0x91, 0x9C, 0xE0, 0x2F, 0x2A, 0x70, 0xDC, 0x40, 0xDC, 0x0B, 0xDC, 0xAF, 0x00, 0x00, 0xD6, 0xAF,
    0xDE, 0xC1, 0x5D, 0x88, 0x5E, 0x82, 0x03, 0x18, 0x08, 0x40, 0x5E, 0x88, 0x5A, 0xC7, 0xDC, 0x40,
    0x84, 0x80, 0x10, 0x88, 0x83, 0x93, 0x80, 0x40, 0x18, 0x56, 0x18, 0x12, 0xDE, 0x0A, 0xE1, 0x6F,
    0xEF, 0x01, 0x83, 0x93, 0x21, 0x30, 0x84, 0x80, 0x5A, 0xB0, 0x8A, 0x95, 0x79, 0xE2, 0x8A, 0x51,
    0xA0, 0x30, 0x84, 0x80, 0xC8, 0x70, 0x8A, 0x95, 0x79, 0xE2, 0x83, 0x01, 0x8A, 0x95, 0x34, 0xEB,
    0x08, 0xF0, 0x8A, 0xC0, 0x04, 0x88, 0x84, 0x0A, 0x82, 0x47, 0x00, 0xF4, 0x01, 0x34, 0x48, 0x74,
    0x02, 0x34, 0x3D, 0x34, 0x03, 0x74, 0x33, 0xF4, 0x00, 0xF4, 0xA4, 0xB4, 0x00, 0xF4, 0xF6, 0x74,
    0x03, 0x74, 0x33, 0xF4, 0x00, 0xF4, 0x52, 0xB4, 0x00, 0xF4, 0x52, 0xB4, 0x00, 0xF4, 0xCD, 0x34,
    0x00, 0xF4, 0x29, 0xB4, 0x00, 0xF4, 0x29, 0xB4, 0x00, 0xF4, 0x66, 0xF4, 0x00, 0xF4, 0x15, 0xB4,
    0x00, 0xF4, 0x15, 0xB4, 0x00, 0xF4, 0x29, 0xB4, 0x7F, 0xB4, 0x34, 0xB4, 0x2F, 0x34, 0x2A, 0xB4,
    0x26, 0xB4, 0x21, 0x74, 0x1A, 0xB4, 0x16, 0xB4, 0x0F, 0xF4, 0x09, 0x74, 0x04, 0x34, 0x02, 0x34,
    0x01, 0x34, 0x00, 0xF4, 0x00, 0xF4, 0x00, 0xF4, 0x00, 0xF4, 0x03, 0x74, 0x03, 0x74, 0x00, 0xF4,
    0x00, 0xF4, 0x03, 0x74, 0x03, 0x74, 0x07, 0xB4, 0x01, 0x34, 0x01, 0x34, 0x01, 0x34, 0x07, 0xB4,
    0x07, 0xB4, 0x00, 0xF4, 0x00, 0xF4, 0x07, 0xB4, 0x07, 0xB4, 0x07, 0xB4, 0x00, 0xF4, 0x07, 0xB4,
    0x07, 0xB4, 0x07, 0xB4, 0x07, 0xB4, 0x07, 0xB4, 0x07, 0xB4, 0x07, 0xB4, 0x07, 0xB4, 0x07, 0xB4,
    0xFF, 0xBF, 0xFF, 0xBF, 0xFF, 0xBF, 0xFF, 0xBF, 0xFF, 0xBF, 0xFF, 0xBF, 0xFF, 0xBF, 0xFF, 0xBF,
    0xFF, 0xBF, 0xFF, 0xBF, 0xFF, 0xBF, 0xFF, 0xBF, 0xFF, 0xBF, 0xFF, 0xBF, 0xFF, 0xBF, 0xFF, 0xBF,
    0xFF, 0xBF, 0xFF, 0xBF, 0xFF, 0xBF, 0xFF, 0xBF, 0xFF, 0xBF, 0xFF, 0xBF, 0xFF, 0xBF, 0xFF, 0xBF,
    0xFF, 0xBF, 0xFF, 0xBF, 0xFF, 0xBF, 0xFF, 0xBF, 0xFF, 0xBF, 0xFF, 0xBF, 0xFF, 0xBF, 0xFF, 0xBF,
    0xFF, 0xBF, 0xFF, 0xBF, 0xFF, 0xBF, 0xFF, 0xBF, 0xFF, 0xBF, 0xFF, 0xBF, 0xFF, 0xBF, 0xFF, 0xBF,
    0xFF, 0xBF, 0xFF, 0xBF, 0xFF, 0xBF, 0xFF, 0xBF, 0xFF, 0xBF, 0xFF, 0xBF, 0xFF, 0xBF, 0xFF, 0xBF,
    0xFF, 0xBF, 0xFF, 0xBF, 0xFF, 0xBF, 0xFF, 0xBF, 0xFF, 0xBF, 0xFF, 0xBF, 0xFF, 0xBF, 0xFF, 0xBF,
    0xFF, 0xBF, 0xFF, 0xBF, 0xFF, 0xBF, 0xFF, 0xBF, 0xFF, 0xBF, 0xFF, 0xBF, 0xFF, 0xBF, 0xFF, 0xBF,
    0xFF, 0xBF, 0xFF, 0xBF, 0xFF, 0xBF, 0xFF, 0xBF, 0xFF, 0xBF, 0xFF, 0xBF, 0xFF, 0xBF, 0xFF, 0xBF,
    0xFF, 0xBF, 0xFF, 0xBF, 0xFF, 0xBF, 0xFF, 0xBF, 0xFF, 0xBF, 0xFF, 0xBF, 0xFF, 0xBF, 0xFF, 0xBF,
    0xFF, 0xBF, 0xFF, 0xBF, 0xFF, 0xBF, 0xFF, 0xBF, 0xFF, 0xBF, 0xFF, 0xBF, 0xFF, 0xBF, 0xFF, 0xBF,
    0xFF, 0xBF, 0xFF, 0xBF, 0xFF, 0xBF, 0xFF, 0xBF, 0xFF, 0xBF, 0xFF, 0xBF, 0xFF, 0xBF, 0xFF, 0xBF,
    0xFF, 0xBF, 0xFF, 0xBF, 0xFF, 0xBF, 0xFF, 0xBF, 0xFF, 0xBF, 0xFF, 0xBF, 0xFF, 0xBF, 0xFF, 0xBF,
    0xFF, 0xBF, 0xFF, 0xBF, 0xFF, 0xBF, 0xFF, 0xBF, 0xFF, 0xBF, 0xFF, 0xBF, 0xFF, 0xBF, 0xFF, 0xBF,
    0xFF, 0xBF, 0xFF, 0xBF, 0xFF, 0xBF, 0xFF, 0xBF, 0xFF, 0xBF, 0xFF, 0xBF, 0xFF, 0xBF, 0xFF, 0xBF,
    0xFF, 0xBF, 0xFF, 0xBF, 0xFF, 0xBF, 0xFF, 0xBF, 0xFF, 0xBF, 0xFF, 0xBF, 0xFF, 0xBF, 0xFF, 0xBF,
    0xFF, 0xBF, 0xFF, 0xBF, 0xFF, 0xBF, 0xFF, 0xBF, 0xFF, 0xBF, 0xFF, 0xBF, 0xFF, 0xBF, 0xFF, 0xBF,
    0xFF, 0xBF, 0xFF, 0xBF, 0xFF, 0xBF, 0xFF, 0xBF, 0xFF, 0xBF, 0xFF, 0xBF, 0xFF, 0xBF, 0xFF, 0xBF,
    0xFF, 0xBF, 0xFF, 0xBF, 0xFF, 0xBF, 0xFF, 0xBF, 0xFF, 0xBF, 0xFF, 0xBF, 0xFF, 0xBF, 0xFF, 0xBF,
    0xFF, 0xBF, 0xFF, 0xBF, 0xFF, 0xBF, 0xFF, 0xBF, 0xFF, 0xBF, 0xFF, 0xBF, 0xFF, 0xBF, 0xFF, 0xBF,
    0xFF, 0xBF, 0xFF, 0xBF, 0xFF, 0xBF, 0xFF, 0xBF, 0xFF, 0xBF, 0xFF, 0xBF, 0xFF, 0xBF, 0xFF, 0xBF,
    0xFF, 0xBF, 0xFF, 0xBF, 0xFF, 0xBF, 0xFF, 0xBF, 0xFF, 0xBF, 0xFF, 0xBF, 0xFF, 0xBF, 0xFF, 0xBF,
    0xFF, 0xBF, 0xFF, 0xBF, 0xFF, 0xBF, 0xFF, 0xBF, 0xFF, 0xBF, 0xFF, 0xBF, 0xFF, 0xBF, 0xFF, 0xBF,
    0xFF, 0xBF, 0xFF, 0xBF, 0xFF, 0xBF, 0xFF, 0xBF, 0xFF, 0xBF, 0xFF, 0xBF, 0xFF, 0xBF, 0xFF, 0xBF,
    0xFF, 0xBF, 0xFF, 0xBF, 0xFF, 0xBF, 0xFF, 0xBF, 0xFF, 0xBF, 0xFF, 0xBF, 0xFF, 0xBF, 0xFF, 0xBF,
    0xFF, 0xBF, 0xFF, 0xBF, 0xFF, 0xBF, 0xFF, 0xBF, 0xFF, 0xBF, 0xFF, 0xBF, 0xFF, 0xBF, 0xFF, 0xBF,
    0xFF, 0xBF, 0xFF, 0xBF, 0xFF, 0xBF, 0xFF, 0xBF, 0xFF, 0xBF, 0xFF, 0xBF, 0xFF, 0xBF, 0xFF, 0xBF,
    0xFF, 0xBF, 0xFF, 0xBF, 0xFF, 0xBF, 0xFF, 0xBF, 0xFF, 0xBF, 0xFF, 0xBF, 0xFF, 0xBF, 0xFF, 0xBF,
    0xFF, 0xBF, 0xFF, 0xBF, 0xFF, 0xBF, 0xFF, 0xBF, 0xFF, 0xBF, 0xFF, 0xBF, 0xFF, 0xBF, 0xFF, 0xBF,
    0xFF, 0xBF, 0xFF, 0xBF, 0xFF, 0xBF, 0xFF, 0xBF, 0xFF, 0xBF, 0xFF, 0xBF, 0xFF, 0xBF, 0xFF, 0xBF,
    0xFF, 0xBF, 0xFF, 0xBF, 0xFF, 0xBF, 0xFF, 0xBF, 0xFF, 0xBF, 0xFF, 0xBF, 0xFF, 0xBF, 0xFF, 0xBF,
    0xFF, 0xBF, 0xFF, 0xBF, 0xFF, 0xBF, 0xFF, 0xBF, 0xFF, 0xBF, 0xFF, 0xBF, 0xFF, 0xBF, 0xFF, 0xBF,
    0xFF, 0xBF, 0xFF, 0xBF, 0xFF, 0xBF, 0xFF, 0xBF, 0xFF, 0xBF, 0xFF, 0xBF, 0xFF, 0xBF, 0xFF, 0xBF,
    0xFF, 0xBF, 0xFF, 0xBF, 0xFF, 0xBF, 0xFF, 0xBF, 0xFF, 0xBF, 0xFF, 0xBF, 0xFF, 0xBF, 0xFF, 0xBF,
    0xFF, 0xBF, 0xFF, 0xBF, 0xFF, 0xBF, 0xFF, 0xBF, 0xFF, 0xBF, 0xFF, 0xBF, 0xFF, 0xBF, 0xFF, 0xBF,
    0xFF, 0xBF, 0xFF, 0xBF, 0xFF, 0xBF, 0xFF, 0xBF, 0xFF, 0xBF, 0xFF, 0xBF, 0xFF, 0xBF, 0xFF, 0xBF,
    0xFF, 0xBF, 0xFF, 0xBF, 0xFF, 0xBF, 0xFF, 0xBF, 0xFF, 0xBF, 0xFF, 0xBF, 0xFF, 0xBF, 0xFF, 0xBF,
    0xFF, 0xBF, 0xFF, 0xBF, 0xFF, 0xBF, 0xFF, 0xBF, 0xFF, 0xBF, 0xFF, 0xBF, 0xFF, 0xBF, 0xFF, 0xBF,
    0xFF, 0xBF, 0xFF, 0xBF, 0xFF, 0xBF, 0xFF, 0xBF, 0xFF, 0xBF, 0xFF, 0xBF, 0xFF, 0xBF, 0xFF, 0xBF,
    0xFF, 0xBF, 0xFF, 0xBF, 0xFF, 0xBF, 0xFF, 0xBF, 0xFF, 0xBF, 0xFF, 0xBF, 0xFF, 0xBF, 0xFF, 0xBF,
    0xFF, 0xBF, 0xFF, 0xBF, 0xFF, 0xBF, 0xFF, 0xBF, 0xFF, 0xBF, 0xFF, 0xBF, 0xFF, 0xBF, 0xFF, 0xBF,
    0xFF, 0xBF, 0xFF, 0xBF, 0xFF, 0xBF, 0xFF, 0xBF, 0xFF, 0xBF, 0xFF, 0xBF, 0xFF, 0xBF, 0xFF, 0xBF,
    0xFF, 0xBF, 0xFF, 0xBF, 0xFF, 0xBF, 0xFF, 0xBF, 0xFF, 0xBF, 0xFF, 0xBF, 0xFF, 0xBF, 0xFF, 0xBF,
    0xFF, 0xBF, 0xFF, 0xBF, 0xFF, 0xBF, 0xFF, 0xBF, 0xFF, 0xBF, 0xFF, 0xBF, 0xFF, 0xBF, 0xFF, 0xBF,
    0xFF, 0xBF, 0xFF, 0xBF, 0xFF, 0xBF, 0xFF, 0xBF, 0xFF, 0xBF, 0xFF, 0xBF, 0xFF, 0xBF, 0xFF, 0xBF,
    0xFF, 0xBF, 0xFF, 0xBF, 0xFF, 0xBF, 0xFF, 0xBF, 0xFF, 0xBF, 0xFF, 0xBF, 0xFF, 0xBF, 0xFF, 0xBF,
    0xFF, 0xBF, 0xFF, 0xBF, 0xFF, 0xBF, 0xFF, 0xBF, 0xFF, 0xBF, 0xFF, 0xBF, 0xFF, 0xBF, 0xFF, 0xBF,
    0xFF, 0xBF, 0xFF, 0xBF, 0xFF, 0xBF, 0xFF, 0xBF, 0xFF, 0xBF, 0xFF, 0xBF, 0xFF, 0xBF, 0xFF, 0xBF,
    0xFF, 0xBF, 0xFF, 0xBF, 0xFF, 0xBF, 0xFF, 0xBF, 0xFF, 0xBF, 0xFF, 0xBF, 0xFF, 0xBF, 0xFF, 0xBF,
    0xFF, 0xBF, 0xFF, 0xBF, 0xFF, 0xBF, 0xFF, 0xBF, 0xFF, 0xBF, 0xFF, 0xBF, 0xFF, 0xBF, 0xFF, 0xBF,
    0xFF, 0xBF, 0xFF, 0xBF, 0xFF, 0xBF, 0xFF, 0xBF, 0xFF, 0xBF, 0xFF, 0xBF, 0xFF, 0xBF, 0xFF, 0xBF,
    0xFF, 0xBF, 0xFF, 0xBF, 0xFF, 0xBF, 0xFF, 0xBF, 0xFF, 0xBF, 0xFF, 0xBF, 0xFF, 0xBF, 0xFF, 0xBF,
    0xFF, 0xBF, 0xFF, 0xBF, 0xFF, 0xBF, 0xFF, 0xBF, 0xFF, 0xBF, 0xFF, 0xBF, 0xFF, 0xBF, 0xFF, 0xBF,
    0xFF, 0xBF, 0xFF, 0xBF, 0xFF, 0xBF, 0xFF, 0xBF, 0xFF, 0xBF, 0xFF, 0xBF, 0xFF, 0xBF, 0xFF, 0xBF,
    0xFF, 0xBF, 0xFF, 0xBF, 0xFF, 0xBF, 0xFF, 0xBF, 0xFF, 0xBF, 0xFF, 0xBF, 0xFF, 0xBF, 0xFF, 0xBF,
    0xFF, 0xBF, 0xFF, 0xBF, 0xFF, 0xBF, 0xFF, 0xBF, 0xFF, 0xBF, 0xFF, 0xBF, 0xFF, 0xBF, 0xFF, 0xBF,
    0xFF, 0xBF, 0xFF, 0xBF, 0xFF, 0xBF, 0xFF, 0xBF, 0xFF, 0xBF, 0xFF, 0xBF, 0xFF, 0xBF, 0xFF, 0xBF,
    0xFF, 0xBF, 0xFF, 0xBF, 0xFF, 0xBF, 0xFF, 0xBF, 0xFF, 0xBF, 0xFF, 0xBF, 0xFF, 0xBF, 0xFF, 0xBF,
    0xFF, 0xBF, 0xFF, 0xBF, 0xFF, 0xBF, 0xFF, 0xBF, 0xFF, 0xBF, 0xFF, 0xBF, 0xFF, 0xBF, 0xFF, 0xBF,
    0xFF, 0xBF, 0xFF, 0xBF, 0xFF, 0xBF, 0xFF, 0xBF, 0xFF, 0xBF, 0xFF, 0xBF, 0xFF, 0xBF, 0xFF, 0xBF,
    0xFF, 0xBF, 0xFF, 0xBF, 0xFF, 0xBF, 0xFF, 0xBF, 0xFF, 0xBF, 0xFF, 0xBF, 0xFF, 0xBF, 0xFF, 0xBF,
    0xFF, 0xBF, 0xFF, 0xBF, 0xFF, 0xBF, 0xFF, 0xBF, 0xFF, 0xBF, 0xFF, 0xBF, 0xFF, 0xBF, 0xFF, 0xBF,
    0xFF, 0xBF, 0xFF, 0xBF, 0xFF, 0xBF, 0xFF, 0xBF, 0xFF, 0xBF, 0xFF, 0xBF, 0xFF, 0xBF, 0xFF, 0xBF,
    0xFF, 0xBF, 0xFF, 0xBF, 0xFF, 0xBF, 0xFF, 0xBF, 0xFF, 0xBF, 0xFF, 0xBF, 0xFF, 0xBF, 0xFF, 0xBF,
    0xFF, 0xBF, 0xFF, 0xBF, 0xFF, 0xBF, 0xFF, 0xBF, 0xFF, 0xBF, 0xFF, 0xBF, 0xFF, 0xBF, 0xFF, 0xBF,
    0xFF, 0xBF, 0xFF, 0xBF, 0xFF, 0xBF, 0xFF, 0xBF, 0xFF, 0xBF, 0xFF, 0xBF, 0xFF, 0xBF, 0xFF, 0xBF,
    0xFF, 0xBF, 0xFF, 0xBF, 0xFF, 0xBF, 0xFF, 0xBF, 0xFF, 0xBF, 0xFF, 0xBF, 0xFF, 0xBF, 0xFF, 0xBF,
    0xFF, 0xBF, 0xFF, 0xBF, 0xFF, 0xBF, 0xFF, 0xBF, 0xFF, 0xBF, 0xFF, 0xBF, 0xFF, 0xBF, 0xFF, 0xBF,
    0xFF, 0xBF, 0xFF, 0xBF, 0xFF, 0xBF, 0xFF, 0xBF, 0xFF, 0xBF, 0xFF, 0xBF, 0xFF, 0xBF, 0xFF, 0xBF,
    0xFF, 0xBF, 0x64, 0xC0, 0x80, 0x81, 0x84, 0x0A, 0x04, 0xC6, 0x03, 0x59, 0x00, 0xF4, 0x04, 0xC6,
    0x7A, 0x2A, 0xDC, 0x40, 0xDB, 0xC1, 0x5A, 0x48, 0x5C, 0x98, 0xDB, 0x47, 0x03, 0xD0, 0xDA, 0x0D,
    0x5A, 0x48, 0xDC, 0xD8, 0xDB, 0x47, 0x03, 0xD0, 0xDA, 0x0D, 0x5A, 0x48, 0x5C, 0xD9, 0xDB, 0x47,
    0x03, 0xD0, 0xDA, 0x0D, 0x5A, 0x48, 0xDC, 0x19, 0xDB, 0x47, 0x03, 0xD0, 0xDA, 0x0D, 0x5A, 0x48,
    0x5C, 0xDA, 0xDB, 0x47, 0x03, 0xD0, 0xDA, 0x0D, 0x5A, 0x48, 0xDC, 0x1A, 0xDB, 0x47, 0x03, 0xD0,
    0xDA, 0x0D, 0x5A, 0x48, 0x5C, 0x1B, 0xDB, 0x47, 0x03, 0xD0, 0xDA, 0x0D, 0x5A, 0x48, 0xDC, 0x5B,
    0xDB, 0x47, 0x5B, 0x88, 0x08, 0x40, 0x1D, 0xB0, 0xC8, 0xC0, 0x08, 0xF0, 0xC9, 0x00, 0x8B, 0xB0,
    0xCA, 0x00, 0x48, 0x30, 0xCB, 0x81, 0xCC, 0x41, 0xCD, 0x81, 0xCE, 0x81, 0xCF, 0xC1, 0xDA, 0x40,
    0x08, 0xF0, 0xDB, 0xC1, 0x8A, 0x51, 0x95, 0x27, 0x8A, 0x95, 0x4B, 0x48, 0x83, 0x96, 0xBE, 0x80,
    0x83, 0x52, 0x4A, 0x08, 0x83, 0x96, 0xBD, 0x80, 0x83, 0x52, 0x49, 0x08, 0x83, 0x96, 0xBC, 0x40,
    0x83, 0x52, 0x48, 0xC8, 0x83, 0x96, 0xBB, 0x80, 0x1D, 0xB0, 0x83, 0x52, 0xC8, 0xC0, 0x08, 0xF0,
    0xC9, 0x00, 0x8B, 0xB0, 0xCA, 0x00, 0x48, 0x30, 0xCB, 0x81, 0xCC, 0x41, 0xCD, 0x81, 0xCE, 0x81,
    0xCF, 0xC1, 0xDA, 0x40, 0x08, 0xF0, 0xDB, 0xC1, 0xDB, 0x0A, 0x8A, 0x51, 0x95, 0x27, 0x4B, 0x48,
    0x83, 0x96, 0xC2, 0xC0, 0x83, 0x52, 0x4A, 0x08, 0x83, 0x96, 0xC1, 0xC0, 0x83, 0x52, 0x49, 0x08,
    0x83, 0x96, 0xC0, 0x80, 0x83, 0x52, 0x48, 0xC8, 0x83, 0x96, 0xBF, 0xC0, 0x08, 0x40, 0xC4, 0x01,
    0x02, 0xF0, 0x44, 0xC2, 0x03, 0x18, 0x0F, 0x2B, 0x44, 0xC8, 0xB2, 0x7E, 0x84, 0x80, 0x83, 0x93,
    0x80, 0x81, 0x44, 0xC8, 0xB0, 0x3E, 0x84, 0x80, 0x80, 0x81, 0x44, 0xC8, 0xAA, 0x7E, 0x84, 0x80,
    0x80, 0x81, 0x44, 0xC8, 0xB4, 0x7E, 0x84, 0x80, 0x80, 0x81, 0x44, 0xC8, 0xA8, 0x3E, 0x84, 0x80,
    0x80, 0x81, 0x44, 0xC8, 0xAE, 0xBE, 0x84, 0x80, 0x80, 0x81, 0xC4, 0x4A, 0xF0, 0xEA, 0x0D, 0x70,
    0xA9, 0x41, 0xA9, 0x8A, 0xA7, 0x40, 0x03, 0x30, 0xAD, 0x40, 0x0C, 0x30, 0xAB, 0x40, 0x04, 0xF0,
    0xB5, 0x40, 0x0F, 0xB0, 0xB3, 0x40, 0x28, 0x30, 0xBA, 0x40, 0x50, 0x30, 0xB7, 0x80, 0x5A, 0xB0,
    0x83, 0x96, 0xBA, 0x40, 0x04, 0xF0, 0xB7, 0x80, 0x0E, 0x70, 0xB6, 0x40, 0x34, 0x70, 0xB9, 0x40,
    0x84, 0x30, 0xB8, 0x00, 0x83, 0x52, 0x02, 0xF0, 0xBF, 0x01, 0xBF, 0x4A, 0xBE, 0x80, 0x0A, 0x30,
    0xBC, 0x81, 0xC0, 0x80, 0xBD, 0xC1, 0x08, 0x40, 0x9B, 0x81, 0x0A, 0x30, 0xA0, 0x80, 0x95, 0x41,
    0x96, 0x41, 0x97, 0x81, 0x98, 0x01, 0x99, 0x41, 0x9A, 0x41, 0x9B, 0x81, 0x9C, 0x41, 0x9E, 0x81,
    0x9B, 0x81, 0xDA, 0x40, 0x1C, 0x70, 0x8A, 0x51, 0x4C, 0xE7, 0x8A, 0x95, 0x8A, 0x95, 0xEF, 0x62,
    0x8A, 0x95, 0x3D, 0xF0, 0x8A, 0x51, 0x54, 0xE7, 0x8A, 0x95, 0xC5, 0x00, 0xF7, 0xFA, 0x03, 0x9D,
    0x54, 0xEB, 0x83, 0x96, 0xC3, 0x41, 0x57, 0x6B, 0x83, 0x96, 0xC3, 0x41, 0xC3, 0x8A, 0x43, 0x08,
    0x03, 0x59, 0x5E, 0x6B, 0x8A, 0x51, 0xA9, 0xA4, 0x8A, 0x95, 0x61, 0xEB, 0x01, 0xF0, 0x83, 0x52,
    0x9B, 0x40, 0x8A, 0x95, 0xAB, 0xE2, 0x8A, 0x95, 0x00, 0xB0, 0x8A, 0x51, 0x54, 0xE7, 0x8A, 0x95,
    0xC5, 0x00, 0xFE, 0xF9, 0x01, 0x38, 0xC5, 0x00, 0xDA, 0x40, 0x00, 0xB0, 0x8A, 0x51, 0x4C, 0xE7,
    0x8A, 0x95, 0x00, 0xB0, 0x8A, 0x51, 0x54, 0xE7, 0x8A, 0x95, 0xC5, 0x00, 0xEF, 0xF9, 0x10, 0x38,
    0xC5, 0x00, 0x45, 0x08, 0xDA, 0x40, 0x00, 0xB0, 0x8A, 0x51, 0x4C, 0xE7, 0x8A, 0x95, 0x1C, 0x54,
    0x9C, 0x94, 0x9C, 0xD6, 0x35, 0xB0, 0xED, 0x80, 0xED, 0x4B, 0x84, 0xAB, 0x83, 0x52, 0x03, 0x53,
    0x9C, 0x92, 0x9C, 0x17, 0x35, 0xB0, 0xED, 0x80, 0xED, 0x4B, 0x8C, 0xEB, 0x83, 0x52, 0x03, 0x53,
    0x9C, 0xD3, 0xC4, 0x01, 0x02, 0xF0, 0x44, 0xC2, 0x03, 0x18, 0x5F, 0x6C, 0x08, 0xF0, 0xDF, 0xC0,
    0xAC, 0xB0, 0xE0, 0xC0, 0x97, 0xF0, 0xE1, 0x00, 0x44, 0xC8, 0xE2, 0x00, 0x0D, 0x70, 0x8A, 0x51,
    0x07, 0x20, 0x8A, 0x95, 0x44, 0xC8, 0xA8, 0x3E, 0x84, 0x80, 0x83, 0x93, 0x00, 0xCB, 0xB2, 0x2B,
    0x44, 0xC8, 0xAA, 0x7E, 0x84, 0x80, 0x00, 0x48, 0xED, 0x80, 0x44, 0xC8, 0x21, 0xFE, 0x84, 0x80,
    0x6D, 0x88, 0xB6, 0x6B, 0x44, 0xC8, 0x21, 0xFE, 0x84, 0x80, 0x27, 0x48, 0x80, 0x40, 0x44, 0xC8,
    0x21, 0xFE, 0x84, 0x80, 0x00, 0x48, 0x1F, 0xBE, 0x84, 0x80, 0x8A, 0x95, 0x00, 0x60, 0x8A, 0x95,
    0xED, 0x80, 0x44, 0xC8, 0x25, 0x3E, 0x84, 0x80, 0x6D, 0x88, 0x80, 0x40, 0x08, 0xF0, 0xDF, 0xC0,
    0xB6, 0xF0, 0xE0, 0xC0, 0x44, 0xC8, 0x21, 0xFE, 0x84, 0x80, 0x00, 0x48, 0x20, 0x38, 0xE1, 0x00,
    0x44, 0xC8, 0xE2, 0x00, 0x0D, 0x70, 0x8A, 0x51, 0x07, 0x20, 0x8A, 0x95, 0x44, 0xC8, 0xAE, 0xBE,
    0x84, 0x80, 0x83, 0x93, 0x00, 0xCB, 0xE6, 0x6B, 0x44, 0xC8, 0xB0, 0x3E, 0x84, 0x80, 0x00, 0x48,
    0xED, 0x80, 0x44, 0xC8, 0x58, 0x3E, 0x84, 0x80, 0x6D, 0x88, 0xEA, 0x6B, 0x44, 0xC8, 0x58, 0x3E,
    0x84, 0x80, 0x35, 0x48, 0x80, 0x40, 0x06, 0x30, 0xDA, 0x40, 0x44, 0xC8, 0x58, 0x3E, 0x84, 0x80,
    0x35, 0x48, 0x00, 0x42, 0x8A, 0x95, 0x81, 0x22, 0x8A, 0x95, 0xED, 0x80, 0x44, 0xC8, 0xAC, 0x7E,
    0x84, 0x80, 0x6D, 0x88, 0x83, 0x93, 0x80, 0x40, 0x44, 0xC8, 0xAC, 0x7E, 0x84, 0x80, 0x00, 0x48,
    0xED, 0x80, 0x44, 0xC8, 0x25, 0x3E, 0x84, 0x80, 0x00, 0x48, 0x6D, 0x07, 0xEE, 0x80, 0x44, 0xC8,
    0x23, 0x3E, 0x84, 0x80, 0x6E, 0x88, 0x80, 0x40, 0x44, 0xC8, 0x23, 0x3E, 0x84, 0x80, 0x7F, 0x70,
    0x00, 0x42, 0x03, 0x5C, 0x18, 0x6C, 0x44, 0xC8, 0x23, 0x3E, 0x84, 0x80, 0x7F, 0x70, 0x80, 0x40,
    0x44, 0x18, 0x21, 0x6C, 0x44, 0xC8, 0x23, 0x3E, 0x84, 0x80, 0x00, 0x48, 0xDA, 0x40, 0x03, 0x30,
    0x27, 0xEC, 0x44, 0xC8, 0x23, 0x3E, 0x84, 0x80, 0x00, 0x48, 0xDA, 0x40, 0x04, 0xF0, 0x8A, 0x51,
    0x4C, 0xE7, 0x8A, 0x95, 0x44, 0x18, 0x43, 0xAC, 0x44, 0xC8, 0x58, 0x3E, 0x84, 0x80, 0x83, 0x93,
    0x00, 0x48, 0xED, 0x80, 0x01, 0xF0, 0x03, 0xD0, 0xED, 0x4D, 0xFF, 0x7E, 0x03, 0xD0, 0x03, 0x9D,
    0x34, 0xAC, 0x6D, 0x0D, 0x02, 0xBE, 0xC5, 0x00, 0xDA, 0x40, 0x01, 0xF0, 0x8A, 0x51, 0x4C, 0xE7,
    0x8A, 0x95, 0x01, 0xF0, 0x59, 0xEC, 0x44, 0xC8, 0x58, 0x3E, 0x84, 0x80, 0x83, 0x93, 0x00, 0x48,
    0xED, 0x80, 0x01, 0xF0, 0x03, 0xD0, 0xED, 0x4D, 0xFF, 0x7E, 0x03, 0xD0, 0x03, 0x9D, 0x4B, 0xEC,
    0x6D, 0x0D, 0x02, 0xBE, 0xC5, 0x00, 0xDA, 0x40, 0x02, 0xF0, 0x8A, 0x51, 0x4C, 0xE7, 0x8A, 0x95,
    0x02, 0xF0, 0xDA, 0x81, 0x8A, 0x51, 0x4C, 0xE7, 0x8A, 0x95, 0xC4, 0x4A, 0x92, 0xEB, 0xC2, 0x01,
    0x08, 0xF0, 0x42, 0xC2, 0x03, 0x18, 0x84, 0x6C, 0x42, 0xC8, 0xDA, 0x40, 0x05, 0x30, 0x8A, 0x51,
    0x4C, 0xE7, 0x8A, 0x95, 0x42, 0xC8, 0xA0, 0xFE, 0x84, 0x80, 0x83, 0x96, 0x37, 0x88, 0x83, 0x93,
    0x80, 0x40, 0x83, 0x52, 0x42, 0xC8, 0xA0, 0xFE, 0x84, 0x80, 0x03, 0x14, 0x00, 0xCD, 0xC5, 0x00,
    0xDA, 0x40, 0x06, 0x30, 0x8A, 0x51, 0x4C, 0xE7, 0x8A, 0x95, 0x06, 0x30, 0xDA, 0x81, 0x8A, 0x51,
    0x4C, 0xE7, 0x8A, 0x95, 0xC2, 0x4A, 0x60, 0x6C, 0x9B, 0x81, 0x3F, 0x30, 0x8A, 0x51, 0x54, 0xE7,
    0x8A, 0x95, 0xC5, 0x00, 0xFF, 0x3A, 0x03, 0x59, 0x9B, 0x81, 0x12, 0x18, 0x1C, 0x9C, 0xA5, 0xEC,
    0x1C, 0x10, 0x3D, 0x88, 0xDF, 0xC0, 0x00, 0xB0, 0x8A, 0x51, 0x25, 0x61, 0x8A, 0x95, 0xC6, 0x00,
    0x46, 0x8B, 0x9F, 0x6C, 0x1B, 0x48, 0xBF, 0xF9, 0x01, 0x38, 0x9B, 0x40, 0xA5, 0xEC, 0x41, 0x30,
    0x9B, 0x84, 0x00, 0xB0, 0x8A, 0x51, 0x15, 0x20, 0x8A, 0x95, 0x83, 0x52, 0x03, 0x53, 0x12, 0x5C,
    0x1C, 0x58, 0xB4, 0xEC, 0x46, 0x8B, 0xB1, 0xEC, 0xC6, 0x41, 0x00, 0xB0, 0x8A, 0x51, 0x15, 0x20,
    0x8A, 0x95, 0x83, 0x52, 0x03, 0x53, 0x1C, 0x54, 0x92, 0x58, 0x9C, 0xDC, 0xCC, 0xEC, 0x9C, 0x50,
    0x3D, 0x88, 0xDF, 0xC0, 0x01, 0xF0, 0x8A, 0x51, 0x25, 0x61, 0x8A, 0x95, 0xC7, 0x40, 0x47, 0xCB,
    0xC6, 0xEC, 0x1B, 0x48, 0x7F, 0xF9, 0x02, 0x38, 0x9B, 0x40, 0xCC, 0xEC, 0x82, 0x30, 0x9B, 0x84,
    0x01, 0xF0, 0x8A, 0x51, 0x15, 0x20, 0x8A, 0x95, 0x83, 0x52, 0x03, 0x53, 0x92, 0x9C, 0x9C, 0x98,
    0xDB, 0x6C, 0x47, 0xCB, 0xD8, 0xEC, 0xC7, 0x81, 0x01, 0xF0, 0x8A, 0x51, 0x15, 0x20, 0x8A, 0x95,
    0x83, 0x52, 0x03, 0x53, 0x9C, 0x94, 0xC2, 0x01, 0x08, 0xF0, 0x42, 0xC2, 0x03, 0x18, 0x2D, 0x2D,
    0x42, 0xC8, 0xDA, 0x40, 0x05, 0x30, 0x8A, 0x51, 0x4C, 0xE7, 0x8A, 0x95, 0x24, 0x30, 0x8A, 0x51,
    0x54, 0xE7, 0x8A, 0x95, 0x83, 0x96, 0xC4, 0xC0, 0x38, 0x02, 0x03, 0x18, 0x00, 0x2D, 0x83, 0x52,
    0x42, 0xC8, 0xA0, 0xFE, 0x84, 0x80, 0x83, 0x96, 0x36, 0x48, 0x83, 0x93, 0x00, 0x42, 0x03, 0x18,
    0x00, 0x2D, 0x83, 0x52, 0x42, 0xC8, 0xA0, 0xFE, 0x84, 0x80, 0x00, 0x48, 0x01, 0xBE, 0x14, 0xAD,
    0x39, 0x48, 0x44, 0xC2, 0x03, 0x18, 0x2A, 0xED, 0x83, 0x52, 0x42, 0xC8, 0xA0, 0xFE, 0x84, 0x80,
    0x83, 0x93, 0x00, 0x48, 0x83, 0x96, 0x37, 0x82, 0x03, 0x18, 0x2A, 0xED, 0x83, 0x52, 0x42, 0xC8,
    0xA0, 0xFE, 0x84, 0x80, 0x00, 0x48, 0xFF, 0x7E, 0xED, 0x80, 0x42, 0xC8, 0xA0, 0xFE, 0x84, 0x80,
    0x6D, 0x88, 0x80, 0x40, 0x42, 0xC8, 0xA0, 0xFE, 0x84, 0x80, 0x03, 0x14, 0x00, 0xCD, 0xC5, 0x00,
    0xDA, 0x40, 0x06, 0x30, 0x8A, 0x51, 0x4C, 0xE7, 0x8A, 0x95, 0x06, 0x30, 0xDA, 0x81, 0x8A, 0x51,
    0x4C, 0xE7, 0x8A, 0x95, 0x83, 0x52, 0xC2, 0x4A, 0xDC, 0x2C, 0x83, 0x96, 0xC6, 0x41, 0x83, 0x52,
    0x21, 0x30, 0xC4, 0x01, 0x8A, 0x51, 0x54, 0xE7, 0x8A, 0x95, 0xC3, 0x00, 0x20, 0xF0, 0x8A, 0x51,
    0x54, 0xE7, 0x8A, 0x95, 0xC1, 0xC0, 0x94, 0x9C, 0x8F, 0x6D, 0x44, 0xC8, 0xA8, 0x3E, 0x84, 0x80,
    0x83, 0x93, 0x80, 0x88, 0x03, 0x9D, 0x84, 0xAD, 0x44, 0xC8, 0x21, 0xFE, 0x84, 0x80, 0x00, 0x48,
    0x29, 0x02, 0x03, 0x18, 0x84, 0xAD, 0x44, 0xC8, 0x21, 0xFE, 0x84, 0x80, 0x00, 0x48, 0xFF, 0x7E,
    0xED, 0x80, 0x44, 0xC8, 0x21, 0xFE, 0x84, 0x80, 0x6D, 0x88, 0x80, 0x40, 0x08, 0xF0, 0xDF, 0xC0,
    0xB6, 0xF0, 0xE0, 0xC0, 0x44, 0xC8, 0x21, 0xFE, 0x84, 0x80, 0x00, 0x48, 0x20, 0x38, 0xE1, 0x00,
    0x44, 0xC8, 0xE2, 0x00, 0x0D, 0x70, 0x8A, 0x51, 0x07, 0x20, 0x8A, 0x95, 0x01, 0xF0, 0xDA, 0x81,
    0xDA, 0xCA, 0x8A, 0x51, 0x4C, 0xE7, 0x8A, 0x95, 0x01, 0xF0, 0xDA, 0x81, 0x8A, 0x51, 0x4C, 0xE7,
    0x8A, 0x95, 0x44, 0xC8, 0x21, 0xFE, 0x84, 0x80, 0x83, 0x93, 0x00, 0x48, 0x1F, 0xBE, 0x84, 0x80,
    0x8A, 0x95, 0x00, 0x60, 0x8A, 0x95, 0xED, 0x80, 0x44, 0xC8, 0x25, 0x3E, 0x84, 0x80, 0x6D, 0x88,
    0x80, 0x40, 0x83, 0x96, 0xC6, 0x41, 0xC6, 0x8A, 0x83, 0x52, 0x9C, 0x92, 0x1C, 0x96, 0x05, 0x30,
    0xED, 0x80, 0xED, 0x4B, 0x89, 0xED, 0x83, 0x52, 0x03, 0x53, 0x1C, 0x52, 0x6B, 0x6E, 0x44, 0xC8,
    0xAE, 0xBE, 0x84, 0x80, 0x83, 0x93, 0x80, 0x88, 0x03, 0x9D, 0x0F, 0x2E, 0x44, 0xC8, 0x21, 0xFE,
    0x84, 0x80, 0x00, 0x48, 0x27, 0x86, 0x03, 0x9D, 0xA0, 0xAD, 0x37, 0x88, 0x83, 0x96, 0xA2, 0xED,
    0x83, 0x96, 0x3A, 0x48, 0xC5, 0x00, 0x83, 0x52, 0x43, 0x08, 0x83, 0x96, 0x45, 0x02, 0x03, 0x18,
    0xC9, 0x2D, 0x83, 0x52, 0x44, 0xC8, 0x58, 0x3E, 0x84, 0x80, 0x33, 0x48, 0x00, 0x42, 0x03, 0x18,
    0xC9, 0x2D, 0x44, 0xC8, 0x58, 0x3E, 0x84, 0x80, 0x00, 0x48, 0x01, 0xBE, 0xED, 0x80, 0x44, 0xC8,
    0x58, 0x3E, 0x84, 0x80, 0x6D, 0x88, 0x80, 0x40, 0x44, 0xC8, 0x58, 0x3E, 0x84, 0x80, 0x00, 0x48,
    0xED, 0x80, 0x01, 0xF0, 0x03, 0xD0, 0xED, 0x4D, 0xFF, 0x7E, 0x03, 0xD0, 0x03, 0x9D, 0xC3, 0x2D,
    0xEC, 0x6D, 0x83, 0x52, 0x3A, 0x48, 0x43, 0x02, 0x44, 0xC8, 0x03, 0x18, 0x10, 0x6E, 0x58, 0x3E,
    0x84, 0x80, 0x00, 0x48, 0x35, 0x42, 0x44, 0xC8, 0x03, 0x18, 0x10, 0x6E, 0x58, 0x3E, 0x84, 0x80,
    0x00, 0x48, 0xFF, 0x7E, 0xED, 0x80, 0x44, 0xC8, 0x58, 0x3E, 0x84, 0x80, 0x6D, 0x88, 0x80, 0x40,
    0x44, 0xC8, 0x58, 0x3E, 0x84, 0x80, 0x00, 0x48, 0xED, 0x80, 0x01, 0xF0, 0x03, 0xD0, 0xED, 0x4D,
    0xFF, 0x7E, 0x03, 0xD0, 0x03, 0x9D, 0xE7, 0xAD, 0x6D, 0x0D, 0x02, 0xBE, 0xC5, 0x00, 0xDA, 0x40,
    0x01, 0xF0, 0x8A, 0x51, 0x4C, 0xE7, 0x8A, 0x95, 0x01, 0xF0, 0xDA, 0x81, 0x8A, 0x51, 0x4C, 0xE7,
    0x8A, 0x95, 0x83, 0x96, 0x06, 0x30, 0xC6, 0x41, 0xC6, 0x8A, 0x83, 0x52, 0xDA, 0x40, 0x44, 0xC8,
    0x58, 0x3E, 0x84, 0x80, 0x35, 0x48, 0x83, 0x93, 0x00, 0x42, 0x8A, 0x95, 0x81, 0x22, 0x8A, 0x95,
    0xED, 0x80, 0x44, 0xC8, 0xAC, 0x7E, 0x84, 0x80, 0x6D, 0x88, 0x83, 0x93, 0x80, 0x40, 0x44, 0xC8,
    0xA8, 0x3E, 0x84, 0x80, 0x80, 0x88, 0x03, 0x9D, 0x6B, 0x6E, 0x41, 0xC8, 0x2B, 0x42, 0x03, 0x18,
    0x26, 0xEE, 0x44, 0xC8, 0x21, 0xFE, 0x84, 0x80, 0x00, 0x48, 0x29, 0x02, 0x03, 0x18, 0x26, 0xEE,
    0x44, 0xC8, 0x21, 0xFE, 0x84, 0x80, 0x00, 0x48, 0xFF, 0x7E, 0x36, 0x2E, 0x2D, 0x48, 0x41, 0xC2,
    0x03, 0x18, 0x6B, 0x6E, 0x44, 0xC8, 0x21, 0xFE, 0x84, 0x80, 0x27, 0x48, 0x00, 0x42, 0x03, 0x18,
    0x6B, 0x6E, 0x44, 0xC8, 0x21, 0xFE, 0x84, 0x80, 0x00, 0x48, 0x01, 0xBE, 0xED, 0x80, 0x44, 0xC8,
    0x21, 0xFE, 0x84, 0x80, 0x6D, 0x88, 0x80, 0x40, 0x08, 0xF0, 0xDF, 0xC0, 0xB6, 0xF0, 0xE0, 0xC0,
    0x44, 0xC8, 0x21, 0xFE, 0x84, 0x80, 0x00, 0x48, 0x20, 0x38, 0xE1, 0x00, 0x44, 0xC8, 0xE2, 0x00,
    0x0D, 0x70, 0x8A, 0x51, 0x07, 0x20, 0x8A, 0x95, 0x01, 0xF0, 0xDA, 0x81, 0xDA, 0xCA, 0x8A, 0x51,
    0x4C, 0xE7, 0x8A, 0x95, 0x01, 0xF0, 0xDA, 0x81, 0x8A, 0x51, 0x4C, 0xE7, 0x8A, 0x95, 0x83, 0x96,
    0xC6, 0x41, 0xC6, 0x8A, 0x83, 0x52, 0x44, 0xC8, 0x21, 0xFE, 0x84, 0x80, 0x83, 0x93, 0x00, 0x48,
    0x1F, 0xBE, 0x84, 0x80, 0x8A, 0x95, 0x00, 0x60, 0x8A, 0x95, 0xED, 0x80, 0x44, 0xC8, 0x25, 0x3E,
    0x84, 0x80, 0x6D, 0x88, 0x80, 0x40, 0x83, 0x96, 0x46, 0x8B, 0x95, 0x2E, 0x83, 0x52, 0x44, 0xC8,
    0xAC, 0x7E, 0x84, 0x80, 0x83, 0x93, 0x00, 0x48, 0xED, 0x80, 0x44, 0xC8, 0x25, 0x3E, 0x84, 0x80,
    0x00, 0x48, 0x6D, 0x07, 0xEE, 0x80, 0x44, 0xC8, 0x23, 0x3E, 0x84, 0x80, 0x6E, 0x88, 0x80, 0x40,
    0x44, 0xC8, 0x23, 0x3E, 0x84, 0x80, 0x7F, 0x70, 0x00, 0x42, 0x44, 0xC8, 0x03, 0x5C, 0x8D, 0x2E,
    0x23, 0x3E, 0x84, 0x80, 0x7F, 0x70, 0x80, 0x40, 0x44, 0xC8, 0x23, 0x3E, 0x84, 0x80, 0x00, 0x48,
    0xDA, 0x40, 0x03, 0x30, 0x8A, 0x51, 0x4C, 0xE7, 0x8A, 0x95, 0x83, 0x52, 0x23, 0x70, 0xC4, 0x01,
    0xC4, 0x4A, 0x8A, 0x51, 0x54, 0xE7, 0x8A, 0x95, 0xC3, 0x00, 0x22, 0x30, 0x8A, 0x51, 0x54, 0xE7,
    0x8A, 0x95, 0xC1, 0xC0, 0x83, 0x96, 0xC7, 0x81, 0x83, 0x52, 0x94, 0xDD, 0xF9, 0xAE, 0x44, 0xC8,
    0xA8, 0x3E, 0x84, 0x80, 0x83, 0x93, 0x80, 0x88, 0x03, 0x9D, 0xEE, 0xAE, 0x44, 0xC8, 0x21, 0xFE,
    0x84, 0x80, 0x00, 0x48, 0x29, 0x02, 0x03, 0x18, 0xEE, 0xAE, 0x44, 0xC8, 0x21, 0xFE, 0x84, 0x80,
    0x00, 0x48, 0xFF, 0x7E, 0xED, 0x80, 0x44, 0xC8, 0x21, 0xFE, 0x84, 0x80, 0x6D, 0x88, 0x80, 0x40,
    0x08, 0xF0, 0xDF, 0xC0, 0xB6, 0xF0, 0xE0, 0xC0, 0x44, 0xC8, 0x21, 0xFE, 0x84, 0x80, 0x00, 0x48,
    0x20, 0x38, 0xE1, 0x00, 0x44, 0xC8, 0xE2, 0x00, 0x0D, 0x70, 0x8A, 0x51, 0x07, 0x20, 0x8A, 0x95,
    0x02, 0xF0, 0xDA, 0x81, 0xDA, 0xCA, 0x8A, 0x51, 0x4C, 0xE7, 0x8A, 0x95, 0x02, 0xF0, 0xDA, 0x81,
    0x8A, 0x51, 0x4C, 0xE7, 0x8A, 0x95, 0x44, 0xC8, 0x21, 0xFE, 0x84, 0x80, 0x83, 0x93, 0x00, 0x48,
    0x1F, 0xBE, 0x84, 0x80, 0x8A, 0x95, 0x00, 0x60, 0x8A, 0x95, 0xED, 0x80, 0x44, 0xC8, 0x25, 0x3E,
    0x84, 0x80, 0x6D, 0x88, 0x80, 0x40, 0x83, 0x96, 0xC7, 0x81, 0xC7, 0xCA, 0x83, 0x52, 0x9C, 0xD3,
    0x1C, 0xD7, 0x05, 0x30, 0xED, 0x80, 0xED, 0x4B, 0xF3, 0xAE, 0x83, 0x52, 0x03, 0x53, 0x1C, 0x93,
    0xD5, 0xAF, 0x44, 0xC8, 0xAE, 0xBE, 0x84, 0x80, 0x83, 0x93, 0x80, 0x88, 0x03, 0x9D, 0x79, 0xAF,
    0x44, 0xC8, 0x21, 0xFE, 0x84, 0x80, 0x00, 0x48, 0x27, 0x86, 0x03, 0x9D, 0x0A, 0xEF, 0x37, 0x88,
    0x83, 0x96, 0x0C, 0xEF, 0x83, 0x96, 0x3A, 0x48, 0xC5, 0x00, 0x83, 0x52, 0x43, 0x08, 0x83, 0x96,
    0x45, 0x02, 0x03, 0x18, 0x33, 0x6F, 0x83, 0x52, 0x44, 0xC8, 0x58, 0x3E, 0x84, 0x80, 0x33, 0x48,
    0x00, 0x42, 0x03, 0x18, 0x33, 0x6F, 0x44, 0xC8, 0x58, 0x3E, 0x84, 0x80, 0x00, 0x48, 0x01, 0xBE,
    0xED, 0x80, 0x44, 0xC8, 0x58, 0x3E, 0x84, 0x80, 0x6D, 0x88, 0x80, 0x40, 0x44, 0xC8, 0x58, 0x3E,
    0x84, 0x80, 0x00, 0x48, 0xED, 0x80, 0x01, 0xF0, 0x03, 0xD0, 0xED, 0x4D, 0xFF, 0x7E, 0x03, 0xD0,
    0x03, 0x9D, 0x2D, 0x6F, 0x56, 0x6F, 0x83, 0x52, 0x3A, 0x48, 0x43, 0x02, 0x44, 0xC8, 0x03, 0x18,
    0x7A, 0xAF, 0x58, 0x3E, 0x84, 0x80, 0x00, 0x48, 0x35, 0x42, 0x44, 0xC8, 0x03, 0x18, 0x7A, 0xAF,
    0x58, 0x3E, 0x84, 0x80, 0x00, 0x48, 0xFF, 0x7E, 0xED, 0x80, 0x44, 0xC8, 0x58, 0x3E, 0x84, 0x80,
    0x6D, 0x88, 0x80, 0x40, 0x44, 0xC8, 0x58, 0x3E, 0x84, 0x80, 0x00, 0x48, 0xED, 0x80, 0x01, 0xF0,
    0x03, 0xD0, 0xED, 0x4D, 0xFF, 0x7E, 0x03, 0xD0, 0x03, 0x9D, 0x51, 0x2F, 0x6D, 0x0D, 0x02, 0xBE,
    0xC5, 0x00, 0xDA, 0x40, 0x02, 0xF0, 0x8A, 0x51, 0x4C, 0xE7, 0x8A, 0x95, 0x02, 0xF0, 0xDA, 0x81,
    0x8A, 0x51, 0x4C, 0xE7, 0x8A, 0x95, 0x83, 0x96, 0x06, 0x30, 0xC7, 0x81, 0xC7, 0xCA, 0x83, 0x52,
    0xDA, 0x40, 0x44, 0xC8, 0x58, 0x3E, 0x84, 0x80, 0x35, 0x48, 0x83, 0x93, 0x00, 0x42, 0x8A, 0x95,
    0x81, 0x22, 0x8A, 0x95, 0xED, 0x80, 0x44, 0xC8, 0xAC, 0x7E, 0x84, 0x80, 0x6D, 0x88, 0x83, 0x93,
    0x80, 0x40, 0x44, 0xC8, 0xA8, 0x3E, 0x84, 0x80, 0x80, 0x88, 0x03, 0x9D, 0xD5, 0xAF, 0x41, 0xC8,
    0x2B, 0x42, 0x03, 0x18, 0x90, 0xEF, 0x44, 0xC8, 0x21, 0xFE, 0x84, 0x80, 0x00, 0x48, 0x29, 0x02,
    0x03, 0x18, 0x90, 0xEF, 0x44, 0xC8, 0x21, 0xFE, 0x84, 0x80, 0x00, 0x48, 0xFF, 0x7E, 0xA0, 0xEF,
    0x2D, 0x48, 0x41, 0xC2, 0x03, 0x18, 0xD5, 0xAF, 0x44, 0xC8, 0x21, 0xFE, 0x84, 0x80, 0x27, 0x48,
    0x00, 0x42, 0x03, 0x18, 0xD5, 0xAF, 0x44, 0xC8, 0x21, 0xFE, 0x84, 0x80, 0x00, 0x48, 0x01, 0xBE,
    0xED, 0x80, 0x44, 0xC8, 0x21, 0xFE, 0x84, 0x80, 0x6D, 0x88, 0x80, 0x40, 0x08, 0xF0, 0xDF, 0xC0,
    0xB6, 0xF0, 0xE0, 0xC0, 0x44, 0xC8, 0x21, 0xFE, 0x84, 0x80, 0x00, 0x48, 0x20, 0x38, 0xE1, 0x00,
    0x44, 0xC8, 0xE2, 0x00, 0x0D, 0x70, 0x8A, 0x51, 0x07, 0x20, 0x8A, 0x95, 0x02, 0xF0, 0xDA, 0x81,
    0xDA, 0xCA, 0x8A, 0x51, 0x4C, 0xE7, 0x8A, 0x95, 0x02, 0xF0, 0xDA, 0x81, 0x8A, 0x51, 0x4C, 0xE7,
    0x8A, 0x95, 0x83, 0x96, 0xC7, 0x81, 0xC7, 0xCA, 0x83, 0x52, 0x44, 0xC8, 0x21, 0xFE, 0x84, 0x80,
    0x83, 0x93, 0x00, 0x48, 0x1F, 0xBE, 0x84, 0x80, 0x8A, 0x95, 0x00, 0x60, 0x8A, 0x95, 0xED, 0x80,
    0x44, 0xC8, 0x25, 0x3E, 0x84, 0x80, 0x6D, 0x88, 0x80, 0x40, 0x83, 0x96, 0x47, 0xCB, 0x85, 0xAC,
    0x83, 0x52, 0x44, 0xC8, 0xAC, 0x7E, 0x84, 0x80, 0x83, 0x93, 0x00, 0x48, 0xED, 0x80, 0x44, 0xC8,
    0x25, 0x3E, 0x84, 0x80, 0x00, 0x48, 0x6D, 0x07, 0xEE, 0x80, 0x44, 0xC8, 0x23, 0x3E, 0x84, 0x80,
    0x6E, 0x88, 0x80, 0x40, 0x44, 0xC8, 0x23, 0x3E, 0x84, 0x80, 0x7F, 0x70, 0x00, 0x42, 0x44, 0xC8,
    0x03, 0x5C, 0xF7, 0x2F, 0x23, 0x3E, 0x84, 0x80, 0x7F, 0x70, 0x80, 0x40, 0x44, 0xC8, 0x23, 0x3E,
    0x84, 0x80, 0x00, 0x48, 0xDA, 0x40, 0x04, 0xF0, 0x8A, 0x51, 0x4C, 0xE7, 0x8A, 0x95, 0x85, 0xAC,
])

_ARB_FW = bytes([
    0x8A, 0x51, 0xE9, 0xAF, 0x00, 0xB0, 0x8A, 0xC0, 0x04, 0x88, 0x84, 0x0A, 0x82, 0x47, 0x00, 0xF4,
    0x01, 0x34, 0x02, 0x34, 0x04, 0x34, 0x08, 0x34, 0x10, 0x34, 0x20, 0x34, 0x40, 0x34, 0x80, 0x34,
    0x01, 0x34, 0x02, 0x34, 0x04, 0x34, 0x08, 0x34, 0x10, 0x34, 0x20, 0x34, 0x40, 0x34, 0x80, 0x34,
    0x00, 0xF4, 0x00, 0xF4, 0x00, 0xF4, 0x00, 0xF4, 0x00, 0xF4, 0x01, 0x34, 0x03, 0x74, 0x07, 0xB4,
    0x0F, 0xF4, 0x1F, 0x34, 0x3F, 0x74, 0x7F, 0xB4, 0xFF, 0xF4, 0xFF, 0xBF, 0xFF, 0xBF, 0xFF, 0xBF,
    0xFF, 0xBF, 0xFF, 0xBF, 0xFF, 0xBF, 0xFF, 0xBF, 0xFF, 0xBF, 0xFF, 0xBF, 0xFF, 0xBF, 0xFF, 0xBF,
    0xFF, 0xBF, 0xFF, 0xBF, 0xFF, 0xBF, 0xFF, 0xBF, 0xFF, 0xBF, 0xFF, 0xBF, 0xFF, 0xBF, 0xFF, 0xBF,
    0xFF, 0xBF, 0xFF, 0xBF, 0xFF, 0xBF, 0xFF, 0xBF, 0xFF, 0xBF, 0xFF, 0xBF, 0xFF, 0xBF, 0xFF, 0xBF,
    0xFF, 0xBF, 0xFF, 0xBF, 0xFF, 0xBF, 0xFF, 0xBF, 0xFF, 0xBF, 0xFF, 0xBF, 0xFF, 0xBF, 0xFF, 0xBF,
    0xFF, 0xBF, 0xFF, 0xBF, 0xFF, 0xBF, 0xFF, 0xBF, 0xFF, 0xBF, 0xFF, 0xBF, 0xFF, 0xBF, 0xFF, 0xBF,
    0xFF, 0xBF, 0xFF, 0xBF, 0xFF, 0xBF, 0xFF, 0xBF, 0xFF, 0xBF, 0xFF, 0xBF, 0xFF, 0xBF, 0xFF, 0xBF,
    0xFF, 0xBF, 0xFF, 0xBF, 0xFF, 0xBF, 0xFF, 0xBF, 0xFF, 0xBF, 0xFF, 0xBF, 0xFF, 0xBF, 0xFF, 0xBF,
    0xFF, 0xBF, 0xFF, 0xBF, 0xFF, 0xBF, 0xFF, 0xBF, 0xFF, 0xBF, 0xFF, 0xBF, 0xFF, 0xBF, 0xFF, 0xBF,
    0xFF, 0xBF, 0xFF, 0xBF, 0xFF, 0xBF, 0xFF, 0xBF, 0xFF, 0xBF, 0xFF, 0xBF, 0xFF, 0xBF, 0xFF, 0xBF,
    0xFF, 0xBF, 0xFF, 0xBF, 0xFF, 0xBF, 0xFF, 0xBF, 0xFF, 0xBF, 0xFF, 0xBF, 0xFF, 0xBF, 0xFF, 0xBF,
    0xFF, 0xBF, 0xFF, 0xBF, 0xFF, 0xBF, 0xFF, 0xBF, 0xFF, 0xBF, 0xFF, 0xBF, 0xFF, 0xBF, 0xFF, 0xBF,
    0xFF, 0xBF, 0xFF, 0xBF, 0xFF, 0xBF, 0xFF, 0xBF, 0xFF, 0xBF, 0xFF, 0xBF, 0xFF, 0xBF, 0xFF, 0xBF,
    0xFF, 0xBF, 0xFF, 0xBF, 0xFF, 0xBF, 0xFF, 0xBF, 0xFF, 0xBF, 0xFF, 0xBF, 0xFF, 0xBF, 0xFF, 0xBF,
    0xFF, 0xBF, 0xFF, 0xBF, 0xFF, 0xBF, 0xFF, 0xBF, 0xFF, 0xBF, 0xFF, 0xBF, 0xFF, 0xBF, 0xFF, 0xBF,
    0xFF, 0xBF, 0xFF, 0xBF, 0xFF, 0xBF, 0xFF, 0xBF, 0xFF, 0xBF, 0xFF, 0xBF, 0xFF, 0xBF, 0xFF, 0xBF,
    0xFF, 0xBF, 0xFF, 0xBF, 0xFF, 0xBF, 0xFF, 0xBF, 0xFF, 0xBF, 0xFF, 0xBF, 0xFF, 0xBF, 0xFF, 0xBF,
    0xFF, 0xBF, 0xFF, 0xBF, 0xFF, 0xBF, 0xFF, 0xBF, 0xFF, 0xBF, 0xFF, 0xBF, 0xFF, 0xBF, 0xFF, 0xBF,
    0xFF, 0xBF, 0xFF, 0xBF, 0xFF, 0xBF, 0xFF, 0xBF, 0xFF, 0xBF, 0xFF, 0xBF, 0xFF, 0xBF, 0xFF, 0xBF,
    0xFF, 0xBF, 0xFF, 0xBF, 0xFF, 0xBF, 0xFF, 0xBF, 0xFF, 0xBF, 0xFF, 0xBF, 0xFF, 0xBF, 0xFF, 0xBF,
    0xFF, 0xBF, 0xFF, 0xBF, 0xFF, 0xBF, 0xFF, 0xBF, 0xFF, 0xBF, 0xFF, 0xBF, 0xFF, 0xBF, 0xFF, 0xBF,
    0xFF, 0xBF, 0xFF, 0xBF, 0xFF, 0xBF, 0xFF, 0xBF, 0xFF, 0xBF, 0xFF, 0xBF, 0xFF, 0xBF, 0xFF, 0xBF,
    0xFF, 0xBF, 0xFF, 0xBF, 0xFF, 0xBF, 0xFF, 0xBF, 0xFF, 0xBF, 0xFF, 0xBF, 0xFF, 0xBF, 0xFF, 0xBF,
    0xFF, 0xBF, 0xFF, 0xBF, 0xFF, 0xBF, 0xFF, 0xBF, 0xFF, 0xBF, 0xFF, 0xBF, 0xFF, 0xBF, 0xFF, 0xBF,
    0xFF, 0xBF, 0xFF, 0xBF, 0xFF, 0xBF, 0xFF, 0xBF, 0xFF, 0xBF, 0xFF, 0xBF, 0xFF, 0xBF, 0xFF, 0xBF,
    0xFF, 0xBF, 0xFF, 0xBF, 0xFF, 0xBF, 0xFF, 0xBF, 0xFF, 0xBF, 0xFF, 0xBF, 0xFF, 0xBF, 0xFF, 0xBF,
    0xFF, 0xBF, 0xFF, 0xBF, 0xFF, 0xBF, 0xFF, 0xBF, 0xFF, 0xBF, 0xFF, 0xBF, 0xFF, 0xBF, 0xFF, 0xBF,
    0xFF, 0xBF, 0xFF, 0xBF, 0xFF, 0xBF, 0xFF, 0xBF, 0xFF, 0xBF, 0xFF, 0xBF, 0xFF, 0xBF, 0xFF, 0xBF,
    0xFF, 0xBF, 0xFF, 0xBF, 0xFF, 0xBF, 0xFF, 0xBF, 0xFF, 0xBF, 0xFF, 0xBF, 0xFF, 0xBF, 0xFF, 0xBF,
    0xFF, 0xBF, 0xFF, 0xBF, 0xFF, 0xBF, 0xFF, 0xBF, 0xFF, 0xBF, 0xFF, 0xBF, 0xFF, 0xBF, 0xFF, 0xBF,
    0xFF, 0xBF, 0xFF, 0xBF, 0xFF, 0xBF, 0xFF, 0xBF, 0xFF, 0xBF, 0xFF, 0xBF, 0xFF, 0xBF, 0xFF, 0xBF,
    0xFF, 0xBF, 0xFF, 0xBF, 0xFF, 0xBF, 0xFF, 0xBF, 0xFF, 0xBF, 0xFF, 0xBF, 0xFF, 0xBF, 0xFF, 0xBF,
    0xFF, 0xBF, 0xFF, 0xBF, 0xFF, 0xBF, 0xFF, 0xBF, 0xFF, 0xBF, 0xFF, 0xBF, 0xFF, 0xBF, 0xFF, 0xBF,
    0xFF, 0xBF, 0xFF, 0xBF, 0xFF, 0xBF, 0xFF, 0xBF, 0xFF, 0xBF, 0xFF, 0xBF, 0xFF, 0xBF, 0xFF, 0xBF,
    0xFF, 0xBF, 0xFF, 0xBF, 0xFF, 0xBF, 0xFF, 0xBF, 0xFF, 0xBF, 0xFF, 0xBF, 0xFF, 0xBF, 0xFF, 0xBF,
    0xFF, 0xBF, 0xFF, 0xBF, 0xFF, 0xBF, 0xFF, 0xBF, 0xFF, 0xBF, 0xFF, 0xBF, 0xFF, 0xBF, 0xFF, 0xBF,
    0xFF, 0xBF, 0xFF, 0xBF, 0xFF, 0xBF, 0xFF, 0xBF, 0xFF, 0xBF, 0xFF, 0xBF, 0xFF, 0xBF, 0xFF, 0xBF,
    0xFF, 0xBF, 0xFF, 0xBF, 0xFF, 0xBF, 0xFF, 0xBF, 0xFF, 0xBF, 0xFF, 0xBF, 0xFF, 0xBF, 0xFF, 0xBF,
    0xFF, 0xBF, 0xFF, 0xBF, 0xFF, 0xBF, 0xFF, 0xBF, 0xFF, 0xBF, 0xFF, 0xBF, 0xFF, 0xBF, 0xFF, 0xBF,
    0xFF, 0xBF, 0xFF, 0xBF, 0xFF, 0xBF, 0xFF, 0xBF, 0xFF, 0xBF, 0xFF, 0xBF, 0xFF, 0xBF, 0xFF, 0xBF,
    0xFF, 0xBF, 0xFF, 0xBF, 0xFF, 0xBF, 0xFF, 0xBF, 0xFF, 0xBF, 0xFF, 0xBF, 0xFF, 0xBF, 0xFF, 0xBF,
    0xFF, 0xBF, 0xFF, 0xBF, 0xFF, 0xBF, 0xFF, 0xBF, 0xFF, 0xBF, 0xFF, 0xBF, 0xFF, 0xBF, 0xFF, 0xBF,
    0xFF, 0xBF, 0xFF, 0xBF, 0xFF, 0xBF, 0xFF, 0xBF, 0xFF, 0xBF, 0xFF, 0xBF, 0xFF, 0xBF, 0xFF, 0xBF,
    0xFF, 0xBF, 0xFF, 0xBF, 0xFF, 0xBF, 0xFF, 0xBF, 0xFF, 0xBF, 0xFF, 0xBF, 0xFF, 0xBF, 0xFF, 0xBF,
    0xFF, 0xBF, 0xFF, 0xBF, 0xFF, 0xBF, 0xFF, 0xBF, 0xFF, 0xBF, 0xFF, 0xBF, 0xFF, 0xBF, 0xFF, 0xBF,
    0xFF, 0xBF, 0xFF, 0xBF, 0xFF, 0xBF, 0xFF, 0xBF, 0xFF, 0xBF, 0xFF, 0xBF, 0xFF, 0xBF, 0xFF, 0xBF,
    0xFF, 0xBF, 0xFF, 0xBF, 0xFF, 0xBF, 0xFF, 0xBF, 0xFF, 0xBF, 0xFF, 0xBF, 0xFF, 0xBF, 0xFF, 0xBF,
    0xFF, 0xBF, 0xFF, 0xBF, 0xFF, 0xBF, 0xFF, 0xBF, 0xFF, 0xBF, 0xFF, 0xBF, 0xFF, 0xBF, 0xFF, 0xBF,
    0xFF, 0xBF, 0xFF, 0xBF, 0xFF, 0xBF, 0xFF, 0xBF, 0xFF, 0xBF, 0xFF, 0xBF, 0xFF, 0xBF, 0xFF, 0xBF,
    0xFF, 0xBF, 0xFF, 0xBF, 0xFF, 0xBF, 0xFF, 0xBF, 0xFF, 0xBF, 0xFF, 0xBF, 0xFF, 0xBF, 0xFF, 0xBF,
    0xFF, 0xBF, 0xFF, 0xBF, 0xFF, 0xBF, 0xFF, 0xBF, 0xFF, 0xBF, 0xFF, 0xBF, 0xFF, 0xBF, 0xFF, 0xBF,
    0xFF, 0xBF, 0xFF, 0xBF, 0xFF, 0xBF, 0xFF, 0xBF, 0xFF, 0xBF, 0xFF, 0xBF, 0xFF, 0xBF, 0xFF, 0xBF,
    0xFF, 0xBF, 0xFF, 0xBF, 0xFF, 0xBF, 0xFF, 0xBF, 0xFF, 0xBF, 0xFF, 0xBF, 0xFF, 0xBF, 0xFF, 0xBF,
    0xFF, 0xBF, 0xFF, 0xBF, 0xFF, 0xBF, 0xFF, 0xBF, 0xFF, 0xBF, 0xFF, 0xBF, 0xFF, 0xBF, 0xFF, 0xBF,
    0xFF, 0xBF, 0xFF, 0xBF, 0xFF, 0xBF, 0xFF, 0xBF, 0xFF, 0xBF, 0xFF, 0xBF, 0xFF, 0xBF, 0xFF, 0xBF,
    0xFF, 0xBF, 0xFF, 0xBF, 0xFF, 0xBF, 0xFF, 0xBF, 0xFF, 0xBF, 0xFF, 0xBF, 0xFF, 0xBF, 0xFF, 0xBF,
    0xFF, 0xBF, 0xFF, 0xBF, 0xFF, 0xBF, 0xFF, 0xBF, 0xFF, 0xBF, 0xFF, 0xBF, 0xFF, 0xBF, 0xFF, 0xBF,
    0xFF, 0xBF, 0xFF, 0xBF, 0xFF, 0xBF, 0xFF, 0xBF, 0xFF, 0xBF, 0xFF, 0xBF, 0xFF, 0xBF, 0xFF, 0xBF,
    0xFF, 0xBF, 0xFF, 0xBF, 0xFF, 0xBF, 0xFF, 0xBF, 0xFF, 0xBF, 0xFF, 0xBF, 0xFF, 0xBF, 0xFF, 0xBF,
    0xFF, 0xBF, 0xFF, 0xBF, 0xFF, 0xBF, 0xFF, 0xBF, 0xFF, 0xBF, 0xFF, 0xBF, 0xFF, 0xBF, 0xFF, 0xBF,
    0xFF, 0xBF, 0xFF, 0xBF, 0xFF, 0xBF, 0xFF, 0xBF, 0xFF, 0xBF, 0xFF, 0xBF, 0xFF, 0xBF, 0xFF, 0xBF,
    0xFF, 0xBF, 0xFF, 0xBF, 0xFF, 0xBF, 0xFF, 0xBF, 0xFF, 0xBF, 0xFF, 0xBF, 0xFF, 0xBF, 0xFF, 0xBF,
    0xFF, 0xBF, 0xFF, 0xBF, 0xFF, 0xBF, 0xFF, 0xBF, 0xFF, 0xBF, 0xFF, 0xBF, 0xFF, 0xBF, 0xFF, 0xBF,
    0xFF, 0xBF, 0xFF, 0xBF, 0xFF, 0xBF, 0xFF, 0xBF, 0xFF, 0xBF, 0xFF, 0xBF, 0xFF, 0xBF, 0xFF, 0xBF,
    0xFF, 0xBF, 0xFF, 0xBF, 0xFF, 0xBF, 0xFF, 0xBF, 0xFF, 0xBF, 0xFF, 0xBF, 0xFF, 0xBF, 0xFF, 0xBF,
    0xFF, 0xBF, 0xFF, 0xBF, 0xFF, 0xBF, 0xFF, 0xBF, 0xFF, 0xBF, 0xFF, 0xBF, 0xFF, 0xBF, 0xFF, 0xBF,
    0xFF, 0xBF, 0xFF, 0xBF, 0xFF, 0xBF, 0xFF, 0xBF, 0xFF, 0xBF, 0xFF, 0xBF, 0xFF, 0xBF, 0xFF, 0xBF,
    0xFF, 0xBF, 0xFF, 0xBF, 0xFF, 0xBF, 0xFF, 0xBF, 0xFF, 0xBF, 0xFF, 0xBF, 0xFF, 0xBF, 0xFF, 0xBF,
    0xFF, 0xBF, 0xFF, 0xBF, 0xFF, 0xBF, 0xFF, 0xBF, 0xFF, 0xBF, 0xFF, 0xBF, 0xFF, 0xBF, 0xFF, 0xBF,
    0xFF, 0xBF, 0xFF, 0xBF, 0xFF, 0xBF, 0xFF, 0xBF, 0xFF, 0xBF, 0xFF, 0xBF, 0xFF, 0xBF, 0xFF, 0xBF,
    0xFF, 0xBF, 0xFF, 0xBF, 0xFF, 0xBF, 0xFF, 0xBF, 0xFF, 0xBF, 0xFF, 0xBF, 0xFF, 0xBF, 0xFF, 0xBF,
    0xFF, 0xBF, 0xFF, 0xBF, 0xFF, 0xBF, 0xFF, 0xBF, 0xFF, 0xBF, 0xFF, 0xBF, 0xFF, 0xBF, 0xFF, 0xBF,
    0xFF, 0xBF, 0xFF, 0xBF, 0xFF, 0xBF, 0xFF, 0xBF, 0xFF, 0xBF, 0xFF, 0xBF, 0xFF, 0xBF, 0xFF, 0xBF,
    0xFF, 0xBF, 0xFF, 0xBF, 0xFF, 0xBF, 0xFF, 0xBF, 0xFF, 0xBF, 0xFF, 0xBF, 0xFF, 0xBF, 0xFF, 0xBF,
    0xFF, 0xBF, 0xFF, 0xBF, 0xFF, 0xBF, 0xFF, 0xBF, 0xFF, 0xBF, 0xFF, 0xBF, 0xFF, 0xBF, 0xFF, 0xBF,
    0xFF, 0xBF, 0xFF, 0xBF, 0xFF, 0xBF, 0xFF, 0xBF, 0xFF, 0xBF, 0xFF, 0xBF, 0xFF, 0xBF, 0xFF, 0xBF,
    0xFF, 0xBF, 0xFF, 0xBF, 0xFF, 0xBF, 0xFF, 0xBF, 0xFF, 0xBF, 0xFF, 0xBF, 0xFF, 0xBF, 0xFF, 0xBF,
    0xFF, 0xBF, 0xFF, 0xBF, 0xFF, 0xBF, 0xFF, 0xBF, 0xFF, 0xBF, 0xFF, 0xBF, 0xFF, 0xBF, 0xFF, 0xBF,
    0xFF, 0xBF, 0xFF, 0xBF, 0xFF, 0xBF, 0xFF, 0xBF, 0xFF, 0xBF, 0xFF, 0xBF, 0xFF, 0xBF, 0xFF, 0xBF,
    0xFF, 0xBF, 0xFF, 0xBF, 0xFF, 0xBF, 0xFF, 0xBF, 0xFF, 0xBF, 0xFF, 0xBF, 0xFF, 0xBF, 0xFF, 0xBF,
    0xFF, 0xBF, 0xFF, 0xBF, 0xFF, 0xBF, 0xFF, 0xBF, 0xFF, 0xBF, 0xFF, 0xBF, 0xFF, 0xBF, 0xFF, 0xBF,
    0xFF, 0xBF, 0xFF, 0xBF, 0xFF, 0xBF, 0xFF, 0xBF, 0xFF, 0xBF, 0xFF, 0xBF, 0xFF, 0xBF, 0xFF, 0xBF,
    0xFF, 0xBF, 0xFF, 0xBF, 0xFF, 0xBF, 0xFF, 0xBF, 0xFF, 0xBF, 0xFF, 0xBF, 0xFF, 0xBF, 0xFF, 0xBF,
    0xFF, 0xBF, 0xFF, 0xBF, 0xFF, 0xBF, 0xFF, 0xBF, 0xFF, 0xBF, 0xFF, 0xBF, 0xFF, 0xBF, 0xFF, 0xBF,
    0xFF, 0xBF, 0xFF, 0xBF, 0xFF, 0xBF, 0xFF, 0xBF, 0xFF, 0xBF, 0xFF, 0xBF, 0xFF, 0xBF, 0xFF, 0xBF,
    0xFF, 0xBF, 0xFF, 0xBF, 0xFF, 0xBF, 0xFF, 0xBF, 0xFF, 0xBF, 0xFF, 0xBF, 0xFF, 0xBF, 0xFF, 0xBF,
    0xFF, 0xBF, 0xFF, 0xBF, 0xFF, 0xBF, 0xFF, 0xBF, 0xFF, 0xBF, 0xFF, 0xBF, 0xFF, 0xBF, 0xFF, 0xBF,
    0xFF, 0xBF, 0xFF, 0xBF, 0xFF, 0xBF, 0xFF, 0xBF, 0xFF, 0xBF, 0xFF, 0xBF, 0xFF, 0xBF, 0xFF, 0xBF,
    0xFF, 0xBF, 0xFF, 0xBF, 0xFF, 0xBF, 0xFF, 0xBF, 0xFF, 0xBF, 0xFF, 0xBF, 0xFF, 0xBF, 0xFF, 0xBF,
    0xFF, 0xBF, 0xFF, 0xBF, 0xFF, 0xBF, 0xFF, 0xBF, 0xFF, 0xBF, 0xFF, 0xBF, 0xFF, 0xBF, 0xFF, 0xBF,
    0xFF, 0xBF, 0xFF, 0xBF, 0xFF, 0xBF, 0xFF, 0xBF, 0xFF, 0xBF, 0xFF, 0xBF, 0xFF, 0xBF, 0xFF, 0xBF,
    0xFF, 0xBF, 0xFF, 0xBF, 0xFF, 0xBF, 0xFF, 0xBF, 0xFF, 0xBF, 0xFF, 0xBF, 0xFF, 0xBF, 0xFF, 0xBF,
    0xFF, 0xBF, 0xFF, 0xBF, 0xFF, 0xBF, 0xFF, 0xBF, 0xFF, 0xBF, 0xFF, 0xBF, 0xFF, 0xBF, 0xFF, 0xBF,
    0xFF, 0xBF, 0xFF, 0xBF, 0xFF, 0xBF, 0xFF, 0xBF, 0xFF, 0xBF, 0xFF, 0xBF, 0xFF, 0xBF, 0xFF, 0xBF,
    0xFF, 0xBF, 0xFF, 0xBF, 0xFF, 0xBF, 0xFF, 0xBF, 0xFF, 0xBF, 0xFF, 0xBF, 0xFF, 0xBF, 0xFF, 0xBF,
    0xFF, 0xBF, 0xFF, 0xBF, 0xFF, 0xBF, 0xFF, 0xBF, 0xFF, 0xBF, 0xFF, 0xBF, 0xFF, 0xBF, 0xFF, 0xBF,
    0xFF, 0xBF, 0xFF, 0xBF, 0xFF, 0xBF, 0xFF, 0xBF, 0xFF, 0xBF, 0xFF, 0xBF, 0xFF, 0xBF, 0xFF, 0xBF,
    0xFF, 0xBF, 0xFF, 0xBF, 0xFF, 0xBF, 0xFF, 0xBF, 0xFF, 0xBF, 0xFF, 0xBF, 0xFF, 0xBF, 0xFF, 0xBF,
    0xFF, 0xBF, 0xFF, 0xBF, 0xFF, 0xBF, 0xFF, 0xBF, 0xFF, 0xBF, 0xFF, 0xBF, 0xFF, 0xBF, 0xFF, 0xBF,
    0xFF, 0xBF, 0xFF, 0xBF, 0xFF, 0xBF, 0xFF, 0xBF, 0xFF, 0xBF, 0xFF, 0xBF, 0xFF, 0xBF, 0xFF, 0xBF,
    0xFF, 0xBF, 0xFF, 0xBF, 0xFF, 0xBF, 0xFF, 0xBF, 0xFF, 0xBF, 0xFF, 0xBF, 0xFF, 0xBF, 0xFF, 0xBF,
    0xFF, 0xBF, 0xFF, 0xBF, 0xFF, 0xBF, 0xFF, 0xBF, 0xFF, 0xBF, 0xFF, 0xBF, 0xFF, 0xBF, 0xFF, 0xBF,
    0xFF, 0xBF, 0xFF, 0xBF, 0xFF, 0xBF, 0xFF, 0xBF, 0xFF, 0xBF, 0xFF, 0xBF, 0xFF, 0xBF, 0xFF, 0xBF,
    0xFF, 0xBF, 0xFF, 0xBF, 0xFF, 0xBF, 0xFF, 0xBF, 0xFF, 0xBF, 0xFF, 0xBF, 0xFF, 0xBF, 0xFF, 0xBF,
    0xFF, 0xBF, 0xFF, 0xBF, 0xFF, 0xBF, 0xFF, 0xBF, 0xFF, 0xBF, 0xFF, 0xBF, 0xFF, 0xBF, 0xFF, 0xBF,
    0xFF, 0xBF, 0xFF, 0xBF, 0xFF, 0xBF, 0xFF, 0xBF, 0xFF, 0xBF, 0xFF, 0xBF, 0xFF, 0xBF, 0xFF, 0xBF,
    0xFF, 0xBF, 0xFF, 0xBF, 0xFF, 0xBF, 0xFF, 0xBF, 0xFF, 0xBF, 0xFF, 0xBF, 0xFF, 0xBF, 0xFF, 0xBF,
    0xFF, 0xBF, 0xFF, 0xBF, 0xFF, 0xBF, 0xFF, 0xBF, 0xFF, 0xBF, 0xFF, 0xBF, 0xFF, 0xBF, 0xFF, 0xBF,
    0xFF, 0xBF, 0xFF, 0xBF, 0xFF, 0xBF, 0xFF, 0xBF, 0xFF, 0xBF, 0xFF, 0xBF, 0xFF, 0xBF, 0xFF, 0xBF,
    0xFF, 0xBF, 0xFF, 0xBF, 0xFF, 0xBF, 0xFF, 0xBF, 0xFF, 0xBF, 0xFF, 0xBF, 0xFF, 0xBF, 0xFF, 0xBF,
    0xFF, 0xBF, 0xFF, 0xBF, 0xFF, 0xBF, 0xFF, 0xBF, 0xFF, 0xBF, 0xFF, 0xBF, 0xFF, 0xBF, 0xFF, 0xBF,
    0xFF, 0xBF, 0xFF, 0xBF, 0xFF, 0xBF, 0xFF, 0xBF, 0xFF, 0xBF, 0xFF, 0xBF, 0xFF, 0xBF, 0xFF, 0xBF,
    0xFF, 0xBF, 0xFF, 0xBF, 0xFF, 0xBF, 0xFF, 0xBF, 0xFF, 0xBF, 0xFF, 0xBF, 0xFF, 0xBF, 0xFF, 0xBF,
    0xFF, 0xBF, 0xFF, 0xBF, 0xFF, 0xBF, 0xFF, 0xBF, 0xFF, 0xBF, 0xFF, 0xBF, 0xFF, 0xBF, 0xFF, 0xBF,
    0xFF, 0xBF, 0xFF, 0xBF, 0xFF, 0xBF, 0xFF, 0xBF, 0xFF, 0xBF, 0xFF, 0xBF, 0xFF, 0xBF, 0xFF, 0xBF,
    0xFF, 0xBF, 0xFF, 0xBF, 0xFF, 0xBF, 0xFF, 0xBF, 0xFF, 0xBF, 0xFF, 0xBF, 0xFF, 0xBF, 0xFF, 0xBF,
    0xFF, 0xBF, 0xFF, 0xBF, 0xFF, 0xBF, 0xFF, 0xBF, 0xFF, 0xBF, 0xFF, 0xBF, 0xFF, 0xBF, 0xFF, 0xBF,
    0xFF, 0xBF, 0xFF, 0xBF, 0xFF, 0xBF, 0xFF, 0xBF, 0xFF, 0xBF, 0xFF, 0xBF, 0xFF, 0xBF, 0xFF, 0xBF,
    0xFF, 0xBF, 0xFF, 0xBF, 0xFF, 0xBF, 0xFF, 0xBF, 0xFF, 0xBF, 0xFF, 0xBF, 0xFF, 0xBF, 0xFF, 0xBF,
    0xFF, 0xBF, 0xFF, 0xBF, 0xFF, 0xBF, 0xFF, 0xBF, 0xFF, 0xBF, 0xFF, 0xBF, 0xFF, 0xBF, 0xFF, 0xBF,
    0xFF, 0xBF, 0xFF, 0xBF, 0xFF, 0xBF, 0xFF, 0xBF, 0xFF, 0xBF, 0xFF, 0xBF, 0xFF, 0xBF, 0xFF, 0xBF,
    0xFF, 0xBF, 0xFF, 0xBF, 0xFF, 0xBF, 0xFF, 0xBF, 0xFF, 0xBF, 0xFF, 0xBF, 0xFF, 0xBF, 0xFF, 0xBF,
    0xFF, 0xBF, 0xFF, 0xBF, 0xFF, 0xBF, 0xFF, 0xBF, 0xFF, 0xBF, 0xFF, 0xBF, 0xFF, 0xBF, 0xFF, 0xBF,
    0xFF, 0xBF, 0xFF, 0xBF, 0xFF, 0xBF, 0xFF, 0xBF, 0xFF, 0xBF, 0xFF, 0xBF, 0xFF, 0xBF, 0xFF, 0xBF,
    0xFF, 0xBF, 0xFF, 0xBF, 0xFF, 0xBF, 0xFF, 0xBF, 0xFF, 0xBF, 0xFF, 0xBF, 0xFF, 0xBF, 0x64, 0xC0,
    0x80, 0x81, 0x84, 0x0A, 0x04, 0xC6, 0x03, 0x59, 0x00, 0xF4, 0x04, 0xC6, 0x08, 0x2C, 0x95, 0x41,
    0x96, 0x41, 0x97, 0x81, 0x98, 0x01, 0x99, 0x41, 0x9A, 0x41, 0x9B, 0x81, 0x9C, 0x41, 0x9E, 0x81,
    0xDC, 0x81, 0x10, 0xF0, 0x5C, 0x42, 0x03, 0x18, 0x38, 0xAC, 0x5C, 0x48, 0x22, 0xFE, 0x84, 0x80,
    0x80, 0x81, 0x5C, 0x48, 0xB0, 0x3E, 0x84, 0x80, 0x80, 0x81, 0x5C, 0x48, 0xD0, 0x3E, 0x84, 0x80,
    0x80, 0x81, 0x5C, 0x48, 0xA0, 0xFE, 0x84, 0x80, 0x80, 0x81, 0x5C, 0x48, 0xC0, 0xFE, 0x84, 0x80,
    0x80, 0x81, 0x5C, 0x48, 0xE0, 0x3E, 0x84, 0x80, 0xFF, 0xB0, 0x80, 0x40, 0xDC, 0xCA, 0x19, 0xAC,
    0xC6, 0x41, 0xC7, 0x81, 0xC9, 0x41, 0xC4, 0x01, 0xC8, 0x01, 0x6F, 0xD0, 0xEF, 0x10, 0xA1, 0x01,
    0xDC, 0x81, 0x40, 0xF0, 0x5C, 0x42, 0x03, 0x18, 0x4D, 0xEC, 0x5C, 0x48, 0xA0, 0xFE, 0x84, 0x80,
    0xFF, 0xB0, 0x83, 0xD7, 0x80, 0x40, 0xDC, 0xCA, 0x41, 0x6C, 0xC5, 0x41, 0x08, 0xF0, 0x45, 0x02,
    0x03, 0x18, 0x08, 0x40, 0x45, 0x08, 0x3A, 0x7E, 0x84, 0x80, 0x83, 0x93, 0x80, 0x81, 0x45, 0x08,
    0x32, 0x3E, 0x84, 0x80, 0x80, 0x81, 0xC5, 0x8A, 0x4E, 0xEC, 0x02, 0xF0, 0xA0, 0x80, 0x8A, 0x51,
    0x0F, 0xA4, 0x8A, 0x51, 0x03, 0x30, 0x9E, 0x40, 0x02, 0xF0, 0x9E, 0x40, 0x01, 0xF0, 0x9E, 0x40,
    0x9E, 0x81, 0x9B, 0x81, 0x02, 0xF0, 0xE1, 0x00, 0x01, 0xF0, 0xE2, 0x00, 0x61, 0x08, 0x96, 0x00,
    0x62, 0x08, 0x95, 0x00, 0x17, 0x94, 0x17, 0x50, 0x2A, 0x70, 0x83, 0x52, 0x03, 0x53, 0xE1, 0x00,
    0x61, 0x08, 0x95, 0x00, 0x97, 0xD4, 0x97, 0x90, 0x0D, 0x08, 0xDF, 0xC0, 0x5F, 0xC8, 0xF7, 0xFA,
    0x03, 0x9D, 0x84, 0x6C, 0xEE, 0xC1, 0x86, 0xAC, 0xEE, 0xC1, 0xEE, 0x0A, 0x6E, 0x88, 0x03, 0x59,
    0xCC, 0xEC, 0x01, 0xF0, 0x9B, 0x40, 0x29, 0x70, 0x83, 0x52, 0x03, 0x53, 0xE1, 0x00, 0x61, 0x08,
    0x95, 0x00, 0x97, 0xD4, 0x97, 0x90, 0x0D, 0x08, 0xDF, 0xC0, 0x5F, 0x4B, 0x8B, 0xEC, 0x28, 0x30,
    0x83, 0x52, 0x03, 0x53, 0xE1, 0x00, 0x61, 0x08, 0x95, 0x00, 0x97, 0xD4, 0x97, 0x90, 0x0D, 0x08,
    0xCA, 0x00, 0x0D, 0x70, 0x4A, 0x02, 0x03, 0x18, 0xAC, 0xEC, 0x05, 0x30, 0x4A, 0x02, 0xD5, 0x81,
    0x03, 0x5C, 0xAD, 0x2C, 0xD5, 0xCA, 0xAD, 0x2C, 0xD5, 0x81, 0x2A, 0x70, 0x83, 0x52, 0x03, 0x53,
    0xE1, 0x00, 0x61, 0x08, 0x95, 0x00, 0x97, 0xD4, 0x97, 0x90, 0x0D, 0x08, 0xD6, 0x40, 0x10, 0xF0,
    0x56, 0x42, 0x03, 0x5C, 0xBD, 0x6C, 0x10, 0xF0, 0xD6, 0x40, 0xF0, 0xB0, 0xD6, 0x0E, 0xD6, 0xC5,
    0x2B, 0xB0, 0x83, 0x52, 0x03, 0x53, 0xE1, 0x00, 0x61, 0x08, 0x95, 0x00, 0x97, 0xD4, 0x97, 0x90,
    0x0D, 0x08, 0xE0, 0xC0, 0x9B, 0x81, 0xD5, 0x2C, 0x07, 0x70, 0xD5, 0x81, 0xD5, 0xCA, 0xCA, 0x00,
    0x30, 0x30, 0xD6, 0x40, 0xE0, 0x01, 0x01, 0xF0, 0x9B, 0x40, 0x0E, 0x58, 0xD5, 0x2C, 0x25, 0x70,
    0x83, 0x52, 0x03, 0x53, 0xE1, 0x00, 0x61, 0x08, 0x95, 0x00, 0x97, 0xD4, 0x97, 0x90, 0x0D, 0x08,
    0xD7, 0x80, 0x07, 0x70, 0xD7, 0x05, 0x57, 0x88, 0xC5, 0x00, 0x08, 0xF0, 0x45, 0x02, 0x03, 0x18,
    0xD5, 0x2C, 0x45, 0x08, 0x8A, 0x51, 0xF1, 0xE4, 0x8A, 0x51, 0x0E, 0x58, 0xD5, 0x2C, 0xC5, 0x8A,
    0xE5, 0x2C, 0xED, 0x80, 0xE1, 0x00, 0x00, 0xB0, 0xE2, 0x00, 0x61, 0x08, 0x96, 0x00, 0x62, 0x08,
    0x95, 0x00, 0x17, 0x94, 0x17, 0x50, 0x8E, 0xDC, 0x08, 0x40, 0x18, 0x14, 0x05, 0x30, 0xE8, 0x00,
    0xE8, 0xCB, 0x00, 0x2D, 0x21, 0x30, 0x83, 0x52, 0x03, 0x53, 0xE1, 0x00, 0x61, 0x08, 0x95, 0x00,
    0x97, 0xD4, 0x97, 0x90, 0x0D, 0x08, 0xC6, 0x00, 0x22, 0x30, 0x83, 0x52, 0x03, 0x53, 0xE1, 0x00,
    0x61, 0x08, 0x95, 0x00, 0x97, 0xD4, 0x97, 0x90, 0x0D, 0x08, 0xC7, 0x40, 0x24, 0x30, 0x83, 0x52,
    0x03, 0x53, 0xE1, 0x00, 0x61, 0x08, 0x95, 0x00, 0x97, 0xD4, 0x97, 0x90, 0x0D, 0x08, 0xC9, 0x00,
    0x20, 0xF0, 0x83, 0x52, 0x03, 0x53, 0xE1, 0x00, 0x61, 0x08, 0x95, 0x00, 0x97, 0xD4, 0x97, 0x90,
    0x0D, 0x08, 0xC4, 0xC0, 0x23, 0x70, 0x83, 0x52, 0x03, 0x53, 0xE1, 0x00, 0x61, 0x08, 0x95, 0x00,
    0x97, 0xD4, 0x97, 0x90, 0x0D, 0x08, 0xC8, 0xC0, 0x18, 0xD0, 0x55, 0xCB, 0x40, 0x6D, 0x48, 0xC8,
    0xE8, 0x00, 0xE9, 0x81, 0xE8, 0x1B, 0xE9, 0xC3, 0x4A, 0x46, 0x69, 0x44, 0x03, 0x59, 0x4A, 0xED,
    0x0A, 0x30, 0x49, 0x02, 0x03, 0x5C, 0x77, 0xAD, 0x44, 0xC8, 0x80, 0x7A, 0x78, 0x7E, 0x03, 0x5C,
    0x6B, 0x6D, 0x77, 0xAD, 0x44, 0xC8, 0x80, 0x7A, 0x78, 0x7E, 0x03, 0x5C, 0xC4, 0xDB, 0x40, 0x6D,
    0x44, 0xC8, 0x3A, 0x7E, 0x84, 0x80, 0x83, 0x93, 0x00, 0x48, 0x01, 0xBE, 0xE8, 0x00, 0x44, 0xC8,
    0x3A, 0x7E, 0x84, 0x80, 0x68, 0x08, 0x80, 0x40, 0x44, 0xC8, 0x3A, 0x7E, 0x84, 0x80, 0x00, 0x48,
    0xE1, 0x00, 0x44, 0xC8, 0x01, 0xBE, 0xE2, 0x00, 0x61, 0x08, 0x96, 0x00, 0x62, 0x08, 0x95, 0x00,
    0x17, 0x94, 0x17, 0x50, 0x40, 0x6D, 0xC4, 0xDB, 0x77, 0xAD, 0x48, 0xC8, 0x80, 0x7A, 0x73, 0xBE,
    0x03, 0x18, 0x77, 0xAD, 0x48, 0xC8, 0x80, 0x7A, 0x7B, 0xFE, 0x03, 0x18, 0x79, 0x6D, 0x6F, 0x55,
    0x1A, 0xEE, 0x6F, 0x11, 0x48, 0xC8, 0x11, 0xFE, 0x84, 0x80, 0x8A, 0x51, 0x02, 0xA0, 0x8A, 0x51,
    0xC7, 0xC5, 0x48, 0xC8, 0xE8, 0x00, 0x03, 0xD0, 0xE8, 0xCD, 0x03, 0xD0, 0xE8, 0xCD, 0x03, 0xD0,
    0xE8, 0xCD, 0x44, 0xC8, 0x68, 0x87, 0xD8, 0x7E, 0xDE, 0x80, 0xA0, 0xFE, 0x84, 0x80, 0x83, 0xD7,
    0x00, 0x48, 0xDC, 0x40, 0x3E, 0xF0, 0x83, 0x52, 0x03, 0x53, 0xE1, 0x00, 0x61, 0x08, 0x95, 0x00,
    0x97, 0xD4, 0x97, 0x90, 0x0D, 0x08, 0xC2, 0xC0, 0x3F, 0x30, 0x83, 0x52, 0x03, 0x53, 0xE1, 0x00,
    0x61, 0x08, 0x95, 0x00, 0x97, 0xD4, 0x97, 0x90, 0x0D, 0x08, 0xC3, 0x00, 0x6F, 0x11, 0xDC, 0x81,
    0x08, 0xF0, 0x5C, 0x42, 0x03, 0x18, 0xDF, 0xED, 0x5C, 0x48, 0xE0, 0x3E, 0x84, 0x80, 0x83, 0x93,
    0x00, 0x48, 0x5E, 0xC6, 0x03, 0x9D, 0xDB, 0xAD, 0x5C, 0x48, 0x01, 0xBE, 0x84, 0x80, 0x8A, 0x51,
    0x02, 0xA0, 0x8A, 0x51, 0x42, 0x05, 0x03, 0x59, 0xDB, 0xAD, 0x46, 0x08, 0xE1, 0x00, 0x5C, 0x48,
    0xB0, 0x3E, 0x84, 0x80, 0x00, 0x48, 0xE2, 0x00, 0x5C, 0x48, 0x22, 0xFE, 0x84, 0x80, 0x00, 0x48,
    0xE3, 0x40, 0x56, 0x48, 0xE4, 0x00, 0x48, 0xC8, 0xE5, 0x40, 0x47, 0x48, 0x52, 0xE7, 0x8A, 0x51,
    0xE8, 0x00, 0x68, 0x4C, 0x03, 0x5C, 0xD8, 0x2D, 0x83, 0x52, 0x03, 0x53, 0x6F, 0x55, 0xDB, 0xAD,
    0x83, 0x52, 0x03, 0x53, 0x6F, 0x11, 0x6F, 0x59, 0xDF, 0xED, 0xDC, 0xCA, 0xA8, 0xED, 0x6F, 0x59,
    0x1A, 0xEE, 0x08, 0xF0, 0xDC, 0x40, 0x10, 0xF0, 0x5C, 0x42, 0x03, 0x18, 0x1A, 0xEE, 0x5C, 0x48,
    0xE0, 0x3E, 0x84, 0x80, 0x83, 0x93, 0x00, 0x48, 0x5E, 0xC6, 0x03, 0x9D, 0x16, 0xEE, 0x5C, 0x48,
    0x01, 0xBE, 0x84, 0x80, 0x8A, 0x51, 0x02, 0xA0, 0x8A, 0x51, 0x43, 0x45, 0x03, 0x59, 0x16, 0xEE,
    0x46, 0x08, 0xE1, 0x00, 0x5C, 0x48, 0xB0, 0x3E, 0x84, 0x80, 0x00, 0x48, 0xE2, 0x00, 0x5C, 0x48,
    0x22, 0xFE, 0x84, 0x80, 0x00, 0x48, 0xE3, 0x40, 0x56, 0x48, 0xE4, 0x00, 0x48, 0xC8, 0xE5, 0x40,
    0x47, 0x48, 0x52, 0xE7, 0x8A, 0x51, 0xE8, 0x00, 0x68, 0x4C, 0x03, 0x5C, 0x13, 0xEE, 0x83, 0x52,
    0x03, 0x53, 0x6F, 0x55, 0x16, 0xEE, 0x83, 0x52, 0x03, 0x53, 0x6F, 0x11, 0x6F, 0x59, 0x1A, 0xEE,
    0xDC, 0xCA, 0xE3, 0x6D, 0x6F, 0x59, 0x08, 0x40, 0x48, 0xC8, 0xFB, 0x3E, 0xE8, 0x00, 0x01, 0xF0,
    0xE8, 0x8A, 0xE9, 0x40, 0x00, 0xB0, 0xEA, 0x40, 0x28, 0xAE, 0x03, 0xD0, 0xE9, 0x0D, 0xEA, 0x0D,
    0xE8, 0xCB, 0x25, 0xEE, 0x60, 0xC8, 0x69, 0x85, 0xEB, 0x80, 0xEC, 0x81, 0xE0, 0xDB, 0xEC, 0xC3,
    0x83, 0x52, 0x03, 0x53, 0x6A, 0x48, 0xEC, 0xC5, 0x6C, 0x48, 0x6B, 0x84, 0x03, 0x9D, 0x3B, 0x6E,
    0xDD, 0xC1, 0xDD, 0x0A, 0x3D, 0x6E, 0x02, 0xF0, 0xDD, 0x80, 0xDB, 0xC1, 0x5D, 0x88, 0x5B, 0x82,
    0x03, 0x18, 0x08, 0x40, 0x11, 0x30, 0xDC, 0x40, 0x3C, 0xB0, 0x83, 0x52, 0x03, 0x53, 0xE1, 0x00,
    0x61, 0x08, 0x95, 0x00, 0x97, 0xD4, 0x97, 0x90, 0x0D, 0x08, 0xD8, 0x00, 0x3D, 0xF0, 0x83, 0x52,
    0x03, 0x53, 0xE1, 0x00, 0x61, 0x08, 0x95, 0x00, 0x97, 0xD4, 0x97, 0x90, 0x0D, 0x08, 0xD9, 0x40,
    0x48, 0xC8, 0x80, 0x7A, 0x75, 0xBE, 0x03, 0x5C, 0x65, 0x2E, 0x58, 0x08, 0x80, 0x7A, 0x70, 0x3E,
    0x03, 0x5C, 0xD8, 0x1B, 0x75, 0x6E, 0x58, 0x08, 0x6C, 0x2E, 0x59, 0x48, 0x80, 0x7A, 0x70, 0x3E,
    0x03, 0x5C, 0xD9, 0x5B, 0x6E, 0x6E, 0x59, 0x48, 0xDC, 0x40, 0x75, 0x6E, 0x58, 0x08, 0x80, 0x7A,
    0x70, 0x3E, 0x03, 0x18, 0x75, 0x6E, 0xD8, 0x5F, 0x63, 0x2E, 0x10, 0xF0, 0x5C, 0x42, 0x03, 0x18,
    0x50, 0xEF, 0x5C, 0x48, 0x22, 0xFE, 0x84, 0x80, 0x46, 0x08, 0x83, 0x93, 0x80, 0x40, 0x5C, 0x48,
    0xB0, 0x3E, 0x84, 0x80, 0x47, 0x48, 0x80, 0x40, 0x5C, 0x48, 0xD0, 0x3E, 0x84, 0x80, 0x49, 0x08,
    0x80, 0x40, 0x5C, 0x48, 0xA0, 0xFE, 0x84, 0x80, 0x44, 0xC8, 0x80, 0x40, 0x5C, 0x48, 0xC0, 0xFE,
    0x84, 0x80, 0x48, 0xC8, 0x80, 0x40, 0x5C, 0x48, 0xE0, 0x3E, 0x84, 0x80, 0x5E, 0x88, 0x80, 0x40,
    0x5E, 0x88, 0xA0, 0xFE, 0x84, 0x80, 0x5C, 0x48, 0x83, 0xD7, 0x80, 0x40, 0x48, 0xC8, 0xE1, 0x00,
    0x17, 0xB0, 0xE2, 0x00, 0x61, 0x08, 0x96, 0x00, 0x62, 0x08, 0x95, 0x00, 0x17, 0x94, 0x17, 0x50,
    0x44, 0xC8, 0xE1, 0x00, 0x18, 0x30, 0xE2, 0x00, 0x61, 0x08, 0x96, 0x00, 0x62, 0x08, 0x95, 0x00,
    0x17, 0x94, 0x17, 0x50, 0x46, 0x08, 0xE1, 0x00, 0x19, 0x70, 0xE2, 0x00, 0x61, 0x08, 0x96, 0x00,
    0x62, 0x08, 0x95, 0x00, 0x17, 0x94, 0x17, 0x50, 0x47, 0x48, 0xE1, 0x00, 0x1A, 0x70, 0xE2, 0x00,
    0x61, 0x08, 0x96, 0x00, 0x62, 0x08, 0x95, 0x00, 0x17, 0x94, 0x17, 0x50, 0x5C, 0x48, 0xE1, 0x00,
    0x16, 0x70, 0xE2, 0x00, 0x61, 0x08, 0x96, 0x00, 0x62, 0x08, 0x95, 0x00, 0x17, 0x94, 0x17, 0x50,
    0x49, 0x08, 0xE1, 0x00, 0x1B, 0xB0, 0xE2, 0x00, 0x61, 0x08, 0x96, 0x00, 0x62, 0x08, 0x95, 0x00,
    0x17, 0x94, 0x17, 0x50, 0x5B, 0x88, 0xE1, 0x00, 0x11, 0x30, 0xE2, 0x00, 0x61, 0x08, 0x96, 0x00,
    0x62, 0x08, 0x95, 0x00, 0x17, 0x94, 0x17, 0x50, 0x08, 0xF0, 0x5C, 0x42, 0x5C, 0x48, 0x03, 0x18,
    0x12, 0xEF, 0x01, 0xBE, 0x84, 0x80, 0x8A, 0x51, 0x02, 0xA0, 0x8A, 0x51, 0xE1, 0x00, 0x12, 0x30,
    0xE2, 0x00, 0x61, 0x08, 0x96, 0x00, 0x62, 0x08, 0x95, 0x00, 0x17, 0x94, 0x17, 0x50, 0x05, 0x30,
    0xE8, 0x00, 0xE8, 0xCB, 0xF9, 0xAE, 0x83, 0x52, 0x12, 0x30, 0x03, 0x53, 0xE1, 0x41, 0xE2, 0x00,
    0x61, 0x08, 0x96, 0x00, 0x62, 0x08, 0x95, 0x00, 0x17, 0x94, 0x17, 0x50, 0x55, 0xCB, 0x50, 0xEF,
    0x48, 0xC8, 0xE8, 0x00, 0xE9, 0x81, 0xE8, 0x1B, 0xE9, 0xC3, 0x4A, 0x46, 0x69, 0x44, 0x03, 0x59,
    0x30, 0xEF, 0x50, 0xEF, 0x01, 0xBE, 0x84, 0x80, 0x8A, 0x51, 0x02, 0xA0, 0x8A, 0x51, 0xE1, 0x00,
    0x13, 0x70, 0xE2, 0x00, 0x61, 0x08, 0x96, 0x00, 0x62, 0x08, 0x95, 0x00, 0x17, 0x94, 0x17, 0x50,
    0x05, 0x30, 0xE8, 0x00, 0xE8, 0xCB, 0x22, 0xEF, 0x83, 0x52, 0x13, 0x70, 0x03, 0x53, 0xE1, 0x41,
    0xE2, 0x00, 0x61, 0x08, 0x96, 0x00, 0x62, 0x08, 0x95, 0x00, 0x17, 0x94, 0x17, 0x50, 0x06, 0xEF,
    0x44, 0xC8, 0x80, 0x7A, 0x78, 0x7E, 0x03, 0x5C, 0xC4, 0xDB, 0x50, 0xEF, 0x44, 0xC8, 0x32, 0x3E,
    0x84, 0x80, 0x83, 0x93, 0x00, 0x48, 0x01, 0xBE, 0xE8, 0x00, 0x44, 0xC8, 0x32, 0x3E, 0x84, 0x80,
    0x68, 0x08, 0x80, 0x40, 0x44, 0xC8, 0x32, 0x3E, 0x84, 0x80, 0x00, 0x48, 0xE1, 0x00, 0x44, 0xC8,
    0x09, 0xFE, 0xE2, 0x00, 0x61, 0x08, 0x96, 0x00, 0x62, 0x08, 0x95, 0x00, 0x17, 0x94, 0x17, 0x50,
    0xDB, 0x0A, 0x3E, 0x6E, 0xE7, 0x80, 0x62, 0x02, 0x62, 0x08, 0x03, 0x18, 0x9D, 0xAF, 0x67, 0x82,
    0xD0, 0xC0, 0x63, 0x48, 0x61, 0x02, 0x03, 0x5C, 0x61, 0x2F, 0x63, 0x48, 0x61, 0x02, 0xCC, 0x00,
    0x68, 0x2F, 0x61, 0x08, 0x63, 0x42, 0xCC, 0x00, 0xFF, 0xB0, 0xD0, 0x87, 0xCC, 0x86, 0xCC, 0x8A,
    0x65, 0x48, 0x11, 0xFE, 0x84, 0x80, 0x8A, 0x51, 0x02, 0xA0, 0x8A, 0x51, 0xE6, 0x40, 0x67, 0x88,
    0x66, 0x42, 0xD2, 0x00, 0x61, 0x49, 0xCE, 0x40, 0x62, 0x08, 0x52, 0x87, 0xD1, 0x00, 0x4E, 0x89,
    0xE6, 0x40, 0x63, 0x48, 0x66, 0x42, 0x03, 0x5C, 0x80, 0xAF, 0x63, 0x48, 0x4E, 0xC7, 0x84, 0xEF,
    0xD1, 0x8A, 0x4E, 0x89, 0xCD, 0x40, 0x63, 0x42, 0xCD, 0x40, 0x50, 0xC8, 0x51, 0x02, 0x03, 0x5C,
    0xD3, 0xAF, 0x51, 0x08, 0x50, 0xC2, 0x03, 0x5C, 0x91, 0x2F, 0x4D, 0x48, 0x4C, 0x02, 0x03, 0x18,
    0xD3, 0xAF, 0xDA, 0x81, 0x5A, 0x48, 0x03, 0x59, 0x99, 0x6F, 0x51, 0x08, 0xCF, 0x80, 0x4D, 0x48,
    0xE0, 0x2F, 0x50, 0xC8, 0xCF, 0x80, 0x4C, 0x08, 0xE0, 0x2F, 0x67, 0x82, 0x03, 0x18, 0xD6, 0xAF,
    0x67, 0x88, 0x62, 0x02, 0xD0, 0xC0, 0x61, 0x08, 0x63, 0x42, 0x03, 0x5C, 0xAB, 0xAF, 0x61, 0x08,
    0x63, 0x42, 0xCC, 0x00, 0xB2, 0x6F, 0x63, 0x48, 0x61, 0x02, 0xCC, 0x00, 0xFF, 0xB0, 0xD0, 0x87,
    0xCC, 0x86, 0xCC, 0x8A, 0x65, 0x48, 0x11, 0xFE, 0x84, 0x80, 0x8A, 0x51, 0x02, 0xA0, 0x8A, 0x51,
    0xE6, 0x40, 0x62, 0x08, 0x66, 0x42, 0xD2, 0x00, 0x63, 0x89, 0xCE, 0x40, 0x67, 0x88, 0x52, 0x87,
    0xD1, 0x00, 0x4E, 0x89, 0xE6, 0x40, 0x61, 0x08, 0x66, 0x42, 0x03, 0x5C, 0xCA, 0x6F, 0x61, 0x08,
    0x4E, 0xC7, 0xCE, 0xAF, 0xD1, 0x8A, 0x4E, 0x89, 0xCD, 0x40, 0x61, 0x02, 0xCD, 0x40, 0x50, 0xC8,
    0x51, 0x02, 0x03, 0x18, 0x89, 0x2F, 0xDA, 0x81, 0xDA, 0xCA, 0x92, 0x2F, 0xCF, 0xC1, 0x63, 0x48,
    0x61, 0x02, 0x03, 0x5C, 0xDE, 0xEF, 0x63, 0x48, 0x61, 0x02, 0xE0, 0x2F, 0x61, 0x08, 0x63, 0x42,
    0xCB, 0x40, 0xCF, 0xC8, 0x03, 0x9D, 0x00, 0xF4, 0x64, 0x08, 0x4B, 0x42, 0x03, 0x5C, 0x01, 0x34,
    0x00, 0xF4, 0xEF, 0x01, 0x83, 0x93, 0x22, 0x30, 0x84, 0x80, 0x61, 0x70, 0x8A, 0x51, 0x07, 0x64,
    0x8A, 0x51, 0xA0, 0x30, 0x84, 0x80, 0xF0, 0xB0, 0x8A, 0x51, 0x07, 0x64, 0x8A, 0x51, 0x83, 0xD7,
    0xA0, 0x30, 0x84, 0x80, 0xE0, 0x70, 0x8A, 0x51, 0x07, 0x64, 0x83, 0x01, 0x8A, 0x51, 0x5D, 0x2C,
    0xFF, 0xBF, 0xFF, 0xBF, 0xFF, 0xBF, 0xFF, 0xBF, 0xFF, 0xBF, 0xFF, 0xBF, 0xFF, 0xBF, 0xFF, 0xBF,
    0xFF, 0xBF, 0xFF, 0xBF, 0xFF, 0xBF, 0xFF, 0xBF, 0xFF, 0xBF, 0xFF, 0xBF, 0xFF, 0xBF, 0xFF, 0xBF,
    0xFF, 0xBF, 0xFF, 0xBF, 0xFF, 0xBF, 0xFF, 0xBF, 0xFF, 0xBF, 0xFF, 0xBF, 0xFF, 0xBF, 0xFF, 0xBF,
    0xFF, 0xBF, 0xFF, 0xBF, 0xFF, 0xBF, 0xFF, 0xBF, 0xFF, 0xBF, 0xFF, 0xBF, 0xFF, 0xBF, 0xFF, 0xBF,
    0xFF, 0xBF, 0xFF, 0xBF, 0xFF, 0xBF, 0xFF, 0xBF, 0xFF, 0xBF, 0xFF, 0xBF, 0xFF, 0xBF, 0xFF, 0xBF,
    0xFF, 0xBF, 0xFF, 0xBF, 0xFF, 0xBF, 0xFF, 0xBF, 0xFF, 0xBF, 0xFF, 0xBF, 0xFF, 0xBF, 0xFF, 0xBF,
    0xFF, 0xBF, 0xFF, 0xBF, 0xFF, 0xBF, 0xFF, 0xBF, 0xFF, 0xBF, 0xFF, 0xBF, 0xFF, 0xBF, 0xFF, 0xBF,
    0xFF, 0xBF, 0xFF, 0xBF, 0xFF, 0xBF, 0xFF, 0xBF, 0xFF, 0xBF, 0xFF, 0xBF, 0xFF, 0xBF, 0xFF, 0xBF,
    0xFF, 0xBF, 0xFF, 0xBF, 0xFF, 0xBF, 0xFF, 0xBF, 0xFF, 0xBF, 0xFF, 0xBF, 0xFF, 0xBF, 0xFF, 0xBF,
    0xFF, 0xBF, 0xFF, 0xBF, 0xFF, 0xBF, 0xFF, 0xBF, 0xFF, 0xBF, 0xFF, 0xBF, 0xFF, 0xBF, 0xFF, 0xBF,
    0xFF, 0xBF, 0xFF, 0xBF, 0xFF, 0xBF, 0xFF, 0xBF, 0xFF, 0xBF, 0xFF, 0xBF, 0xFF, 0xBF, 0xFF, 0xBF,
    0xFF, 0xBF, 0xFF, 0xBF, 0xFF, 0xBF, 0xFF, 0xBF, 0xFF, 0xBF, 0xFF, 0xBF, 0xFF, 0xBF, 0xFF, 0xBF,
    0xFF, 0xBF, 0xFF, 0xBF, 0xFF, 0xBF, 0xFF, 0xBF, 0xFF, 0xBF, 0xFF, 0xBF, 0xFF, 0xBF, 0xFF, 0xBF,
    0xFF, 0xBF, 0xFF, 0xBF, 0xFF, 0xBF, 0xFF, 0xBF, 0xFF, 0xBF, 0xFF, 0xBF, 0xFF, 0xBF, 0xFF, 0xBF,
    0xFF, 0xBF, 0xFF, 0xBF, 0xFF, 0xBF, 0xFF, 0xBF, 0xFF, 0xBF, 0xFF, 0xBF, 0xFF, 0xBF, 0xFF, 0xBF,
    0xFF, 0xBF, 0xFF, 0xBF, 0xFF, 0xBF, 0xFF, 0xBF, 0xFF, 0xBF, 0xFF, 0xBF, 0xFF, 0xBF, 0xFF, 0xBF,
    0xFF, 0xBF, 0xFF, 0xBF, 0xFF, 0xBF, 0xFF, 0xBF, 0xFF, 0xBF, 0xFF, 0xBF, 0xFF, 0xBF, 0xFF, 0xBF,
    0xFF, 0xBF, 0xFF, 0xBF, 0xFF, 0xBF, 0xFF, 0xBF, 0xFF, 0xBF, 0xFF, 0xBF, 0xFF, 0xBF, 0xFF, 0xBF,
    0xFF, 0xBF, 0xFF, 0xBF, 0xFF, 0xBF, 0xFF, 0xBF, 0xFF, 0xBF, 0xFF, 0xBF, 0xFF, 0xBF, 0xFF, 0xBF,
    0xFF, 0xBF, 0xFF, 0xBF, 0xFF, 0xBF, 0xFF, 0xBF, 0xFF, 0xBF, 0xFF, 0xBF, 0xFF, 0xBF, 0xFF, 0xBF,
    0xFF, 0xBF, 0xFF, 0xBF, 0xFF, 0xBF, 0xFF, 0xBF, 0xFF, 0xBF, 0xFF, 0xBF, 0xFF, 0xBF, 0xFF, 0xBF,
    0xFF, 0xBF, 0xFF, 0xBF, 0xFF, 0xBF, 0xFF, 0xBF, 0xFF, 0xBF, 0xFF, 0xBF, 0xFF, 0xBF, 0xFF, 0xBF,
    0xFF, 0xBF, 0xFF, 0xBF, 0xFF, 0xBF, 0xFF, 0xBF, 0xFF, 0xBF, 0xFF, 0xBF, 0xFF, 0xBF, 0xFF, 0xBF,
    0xFF, 0xBF, 0xFF, 0xBF, 0xFF, 0xBF, 0xFF, 0xBF, 0xFF, 0xBF, 0xFF, 0xBF, 0xFF, 0xBF, 0xFF, 0xBF,
    0xFF, 0xBF, 0xFF, 0xBF, 0xFF, 0xBF, 0xFF, 0xBF, 0xFF, 0xBF, 0xFF, 0xBF, 0xFF, 0xBF, 0xFF, 0xBF,
    0xFF, 0xBF, 0xFF, 0xBF, 0xFF, 0xBF, 0xFF, 0xBF, 0xFF, 0xBF, 0xFF, 0xBF, 0xFF, 0xBF, 0xFF, 0xBF,
    0xFF, 0xBF, 0xFF, 0xBF, 0xFF, 0xBF, 0xFF, 0xBF, 0xFF, 0xBF, 0xFF, 0xBF, 0xFF, 0xBF, 0xFF, 0xBF,
    0xFF, 0xBF, 0xFF, 0xBF, 0xFF, 0xBF, 0xFF, 0xBF, 0xFF, 0xBF, 0xFF, 0xBF, 0xFF, 0xBF, 0xFF, 0xBF,
    0xFF, 0xBF, 0xFF, 0xBF, 0xFF, 0xBF, 0xFF, 0xBF, 0xFF, 0xBF, 0xFF, 0xBF, 0xFF, 0xBF, 0xFF, 0xBF,
    0xFF, 0xBF, 0xFF, 0xBF, 0xFF, 0xBF, 0xFF, 0xBF, 0xFF, 0xBF, 0xFF, 0xBF, 0xFF, 0xBF, 0xFF, 0xBF,
    0xFF, 0xBF, 0xFF, 0xBF, 0xFF, 0xBF, 0xFF, 0xBF, 0xFF, 0xBF, 0xFF, 0xBF, 0xFF, 0xBF, 0xFF, 0xBF,
    0xFF, 0xBF, 0xFF, 0xBF, 0xFF, 0xBF, 0xFF, 0xBF, 0xFF, 0xBF, 0xFF, 0xBF, 0xFF, 0xBF, 0xFF, 0xBF,
    0xFF, 0xBF, 0xFF, 0xBF, 0xFF, 0xBF, 0xFF, 0xBF, 0xFF, 0xBF, 0xFF, 0xBF, 0xFF, 0xBF, 0xFF, 0xBF,
    0xFF, 0xBF, 0xFF, 0xBF, 0xFF, 0xBF, 0xFF, 0xBF, 0xFF, 0xBF, 0xFF, 0xBF, 0xFF, 0xBF, 0xFF, 0xBF,
    0xFF, 0xBF, 0xFF, 0xBF, 0xFF, 0xBF, 0xFF, 0xBF, 0xFF, 0xBF, 0xFF, 0xBF, 0xFF, 0xBF, 0xFF, 0xBF,
    0xFF, 0xBF, 0xFF, 0xBF, 0xFF, 0xBF, 0xFF, 0xBF, 0xFF, 0xBF, 0xFF, 0xBF, 0xFF, 0xBF, 0xFF, 0xBF,
    0xFF, 0xBF, 0xFF, 0xBF, 0xFF, 0xBF, 0xFF, 0xBF, 0xFF, 0xBF, 0xFF, 0xBF, 0xFF, 0xBF, 0xFF, 0xBF,
    0xFF, 0xBF, 0xFF, 0xBF, 0xFF, 0xBF, 0xFF, 0xBF, 0xFF, 0xBF, 0xFF, 0xBF, 0xFF, 0xBF, 0xFF, 0xBF,
    0xFF, 0xBF, 0xFF, 0xBF, 0xFF, 0xBF, 0xFF, 0xBF, 0xFF, 0xBF, 0xFF, 0xBF, 0xFF, 0xBF, 0xFF, 0xBF,
    0xFF, 0xBF, 0xFF, 0xBF, 0xFF, 0xBF, 0xFF, 0xBF, 0xFF, 0xBF, 0xFF, 0xBF, 0xFF, 0xBF, 0xFF, 0xBF,
    0xFF, 0xBF, 0xFF, 0xBF, 0xFF, 0xBF, 0xFF, 0xBF, 0xFF, 0xBF, 0xFF, 0xBF, 0xFF, 0xBF, 0xFF, 0xBF,
    0xFF, 0xBF, 0xFF, 0xBF, 0xFF, 0xBF, 0xFF, 0xBF, 0xFF, 0xBF, 0xFF, 0xBF, 0xFF, 0xBF, 0xFF, 0xBF,
    0xFF, 0xBF, 0xFF, 0xBF, 0xFF, 0xBF, 0xFF, 0xBF, 0xFF, 0xBF, 0xFF, 0xBF, 0xFF, 0xBF, 0xFF, 0xBF,
    0xFF, 0xBF, 0xFF, 0xBF, 0xFF, 0xBF, 0xFF, 0xBF, 0xFF, 0xBF, 0xFF, 0xBF, 0xFF, 0xBF, 0xFF, 0xBF,
    0xFF, 0xBF, 0xFF, 0xBF, 0xFF, 0xBF, 0xFF, 0xBF, 0xFF, 0xBF, 0xFF, 0xBF, 0xFF, 0xBF, 0xFF, 0xBF,
    0xFF, 0xBF, 0xFF, 0xBF, 0xFF, 0xBF, 0xFF, 0xBF, 0xFF, 0xBF, 0xFF, 0xBF, 0xFF, 0xBF, 0xFF, 0xBF,
    0xFF, 0xBF, 0xFF, 0xBF, 0xFF, 0xBF, 0xFF, 0xBF, 0xFF, 0xBF, 0xFF, 0xBF, 0xFF, 0xBF, 0xFF, 0xBF,
    0xFF, 0xBF, 0xFF, 0xBF, 0xFF, 0xBF, 0xFF, 0xBF, 0xFF, 0xBF, 0xFF, 0xBF, 0xFF, 0xBF, 0xFF, 0xBF,
    0xFF, 0xBF, 0xFF, 0xBF, 0xFF, 0xBF, 0xFF, 0xBF, 0xFF, 0xBF, 0xFF, 0xBF, 0xFF, 0xBF, 0xFF, 0xBF,
    0xFF, 0xBF, 0xFF, 0xBF, 0xFF, 0xBF, 0xFF, 0xBF, 0xFF, 0xBF, 0xFF, 0xBF, 0xFF, 0xBF, 0xFF, 0xBF,
    0xFF, 0xBF, 0xFF, 0xBF, 0xFF, 0xBF, 0xFF, 0xBF, 0xFF, 0xBF, 0xFF, 0xBF, 0xFF, 0xBF, 0xFF, 0xBF,
    0xFF, 0xBF, 0xFF, 0xBF, 0xFF, 0xBF, 0xFF, 0xBF, 0xFF, 0xBF, 0xFF, 0xBF, 0xFF, 0xBF, 0xFF, 0xBF,
    0xFF, 0xBF, 0xFF, 0xBF, 0xFF, 0xBF, 0xFF, 0xBF, 0xFF, 0xBF, 0xFF, 0xBF, 0xFF, 0xBF, 0xFF, 0xBF,
    0xFF, 0xBF, 0xFF, 0xBF, 0xFF, 0xBF, 0xFF, 0xBF, 0xFF, 0xBF, 0xFF, 0xBF, 0xFF, 0xBF, 0xFF, 0xBF,
    0xFF, 0xBF, 0xFF, 0xBF, 0xFF, 0xBF, 0xFF, 0xBF, 0xFF, 0xBF, 0xFF, 0xBF, 0xFF, 0xBF, 0xFF, 0xBF,
    0xFF, 0xBF, 0xFF, 0xBF, 0xFF, 0xBF, 0xFF, 0xBF, 0xFF, 0xBF, 0xFF, 0xBF, 0xFF, 0xBF, 0xFF, 0xBF,
    0xFF, 0xBF, 0xFF, 0xBF, 0xFF, 0xBF, 0xFF, 0xBF, 0xFF, 0xBF, 0xFF, 0xBF, 0xFF, 0xBF, 0xFF, 0xBF,
    0xFF, 0xBF, 0xFF, 0xBF, 0xFF, 0xBF, 0xFF, 0xBF, 0xFF, 0xBF, 0xFF, 0xBF, 0xFF, 0xBF, 0xFF, 0xBF,
    0xFF, 0xBF, 0xFF, 0xBF, 0xFF, 0xBF, 0xFF, 0xBF, 0xFF, 0xBF, 0xFF, 0xBF, 0xFF, 0xBF, 0xFF, 0xBF,
    0xFF, 0xBF, 0xFF, 0xBF, 0xFF, 0xBF, 0xFF, 0xBF, 0xFF, 0xBF, 0xFF, 0xBF, 0xFF, 0xBF, 0xFF, 0xBF,
    0xFF, 0xBF, 0xFF, 0xBF, 0xFF, 0xBF, 0xFF, 0xBF, 0xFF, 0xBF, 0xFF, 0xBF, 0xFF, 0xBF, 0xFF, 0xBF,
    0xFF, 0xBF, 0xFF, 0xBF, 0xFF, 0xBF, 0xFF, 0xBF, 0xFF, 0xBF, 0xFF, 0xBF, 0xFF, 0xBF, 0xFF, 0xBF,
    0xFF, 0xBF, 0xFF, 0xBF, 0xFF, 0xBF, 0xFF, 0xBF, 0xFF, 0xBF, 0xFF, 0xBF, 0xFF, 0xBF, 0xFF, 0xBF,
    0xFF, 0xBF, 0xFF, 0xBF, 0xFF, 0xBF, 0xFF, 0xBF, 0xFF, 0xBF, 0xFF, 0xBF, 0xFF, 0xBF, 0xFF, 0xBF,
    0xFF, 0xBF, 0xFF, 0xBF, 0xFF, 0xBF, 0xFF, 0xBF, 0xFF, 0xBF, 0xFF, 0xBF, 0xFF, 0xBF, 0xFF, 0xBF,
    0xFF, 0xBF, 0xFF, 0xBF, 0xFF, 0xBF, 0xFF, 0xBF, 0xFF, 0xBF, 0xFF, 0xBF, 0xFF, 0xBF, 0xFF, 0xBF,
    0xFF, 0xBF, 0xFF, 0xBF, 0xFF, 0xBF, 0xFF, 0xBF, 0xFF, 0xBF, 0xFF, 0xBF, 0xFF, 0xBF, 0xFF, 0xBF,
    0xFF, 0xBF, 0xFF, 0xBF, 0xFF, 0xBF, 0xFF, 0xBF, 0xFF, 0xBF, 0xFF, 0xBF, 0xFF, 0xBF, 0xFF, 0xBF,
    0xFF, 0xBF, 0xFF, 0xBF, 0xFF, 0xBF, 0xFF, 0xBF, 0xFF, 0xBF, 0xFF, 0xBF, 0xFF, 0xBF, 0xFF, 0xBF,
    0xFF, 0xBF, 0xFF, 0xBF, 0xFF, 0xBF, 0xFF, 0xBF, 0xFF, 0xBF, 0xFF, 0xBF, 0xFF, 0xBF, 0xFF, 0xBF,
    0xFF, 0xBF, 0xFF, 0xBF, 0xFF, 0xBF, 0xFF, 0xBF, 0xFF, 0xBF, 0xFF, 0xBF, 0xFF, 0xBF, 0xFF, 0xBF,
    0xFF, 0xBF, 0xFF, 0xBF, 0xFF, 0xBF, 0xFF, 0xBF, 0xFF, 0xBF, 0xFF, 0xBF, 0xFF, 0xBF, 0xFF, 0xBF,
    0xFF, 0xBF, 0xFF, 0xBF, 0xFF, 0xBF, 0xFF, 0xBF, 0xFF, 0xBF, 0xFF, 0xBF, 0xFF, 0xBF, 0xFF, 0xBF,
    0xFF, 0xBF, 0xFF, 0xBF, 0xFF, 0xBF, 0xFF, 0xBF, 0xFF, 0xBF, 0xFF, 0xBF, 0xFF, 0xBF, 0xFF, 0xBF,
    0xFF, 0xBF, 0xFF, 0xBF, 0xFF, 0xBF, 0xFF, 0xBF, 0xFF, 0xBF, 0xFF, 0xBF, 0xFF, 0xBF, 0xFF, 0xBF,
    0xFF, 0xBF, 0xFF, 0xBF, 0xFF, 0xBF, 0xFF, 0xBF, 0xFF, 0xBF, 0xFF, 0xBF, 0xFF, 0xBF, 0xFF, 0xBF,
    0xFF, 0xBF, 0xFF, 0xBF, 0xFF, 0xBF, 0xFF, 0xBF, 0xFF, 0xBF, 0xFF, 0xBF, 0xFF, 0xBF, 0xFF, 0xBF,
    0xFF, 0xBF, 0xFF, 0xBF, 0xFF, 0xBF, 0xFF, 0xBF, 0xFF, 0xBF, 0xFF, 0xBF, 0xFF, 0xBF, 0xFF, 0xBF,
    0xFF, 0xBF, 0xFF, 0xBF, 0xFF, 0xBF, 0xFF, 0xBF, 0xFF, 0xBF, 0xFF, 0xBF, 0xFF, 0xBF, 0xFF, 0xBF,
    0xFF, 0xBF, 0xFF, 0xBF, 0xFF, 0xBF, 0xFF, 0xBF, 0xFF, 0xBF, 0xFF, 0xBF, 0xFF, 0xBF, 0xFF, 0xBF,
    0xFF, 0xBF, 0xFF, 0xBF, 0xFF, 0xBF, 0xFF, 0xBF, 0xFF, 0xBF, 0xFF, 0xBF, 0xFF, 0xBF, 0xFF, 0xBF,
    0xFF, 0xBF, 0xFF, 0xBF, 0xFF, 0xBF, 0xFF, 0xBF, 0xFF, 0xBF, 0xFF, 0xBF, 0xFF, 0xBF, 0xFF, 0xBF,
    0xFF, 0xBF, 0xFF, 0xBF, 0xFF, 0xBF, 0xFF, 0xBF, 0xFF, 0xBF, 0xFF, 0xBF, 0xFF, 0xBF, 0xFF, 0xBF,
    0xFF, 0xBF, 0xFF, 0xBF, 0xFF, 0xBF, 0xFF, 0xBF, 0xFF, 0xBF, 0xFF, 0xBF, 0xFF, 0xBF, 0xFF, 0xBF,
    0xFF, 0xBF, 0xFF, 0xBF, 0xFF, 0xBF, 0xFF, 0xBF, 0xFF, 0xBF, 0xFF, 0xBF, 0xFF, 0xBF, 0xFF, 0xBF,
    0xFF, 0xBF, 0xFF, 0xBF, 0xFF, 0xBF, 0xFF, 0xBF, 0xFF, 0xBF, 0xFF, 0xBF, 0xFF, 0xBF, 0xFF, 0xBF,
    0xFF, 0xBF, 0xFF, 0xBF, 0xFF, 0xBF, 0xFF, 0xBF, 0xFF, 0xBF, 0xFF, 0xBF, 0xFF, 0xBF, 0xFF, 0xBF,
    0xFF, 0xBF, 0xFF, 0xBF, 0xFF, 0xBF, 0xFF, 0xBF, 0xFF, 0xBF, 0xFF, 0xBF, 0xFF, 0xBF, 0xFF, 0xBF,
    0xFF, 0xBF, 0xFF, 0xBF, 0xFF, 0xBF, 0xFF, 0xBF, 0xFF, 0xBF, 0xFF, 0xBF, 0xFF, 0xBF, 0xFF, 0xBF,
    0xFF, 0xBF, 0xFF, 0xBF, 0xFF, 0xBF, 0xFF, 0xBF, 0xFF, 0xBF, 0xFF, 0xBF, 0xFF, 0xBF, 0xFF, 0xBF,
    0xFF, 0xBF, 0xFF, 0xBF, 0xFF, 0xBF, 0xFF, 0xBF, 0xFF, 0xBF, 0xFF, 0xBF, 0xFF, 0xBF, 0xFF, 0xBF,
    0xFF, 0xBF, 0xFF, 0xBF, 0xFF, 0xBF, 0xFF, 0xBF, 0xFF, 0xBF, 0xFF, 0xBF, 0xFF, 0xBF, 0xFF, 0xBF,
    0xFF, 0xBF, 0xFF, 0xBF, 0xFF, 0xBF, 0xFF, 0xBF, 0xFF, 0xBF, 0xFF, 0xBF, 0xFF, 0xBF, 0xFF, 0xBF,
    0xFF, 0xBF, 0xFF, 0xBF, 0xFF, 0xBF, 0xFF, 0xBF, 0xFF, 0xBF, 0xFF, 0xBF, 0xFF, 0xBF, 0xFF, 0xBF,
    0xFF, 0xBF, 0xFF, 0xBF, 0xFF, 0xBF, 0xFF, 0xBF, 0xFF, 0xBF, 0xFF, 0xBF, 0xFF, 0xBF, 0xFF, 0xBF,
    0xFF, 0xBF, 0xFF, 0xBF, 0xFF, 0xBF, 0xFF, 0xBF, 0xFF, 0xBF, 0xFF, 0xBF, 0xFF, 0xBF, 0xFF, 0xBF,
    0xFF, 0xBF, 0xFF, 0xBF, 0xFF, 0xBF, 0xFF, 0xBF, 0xFF, 0xBF, 0xFF, 0xBF, 0xFF, 0xBF, 0xFF, 0xBF,
    0xFF, 0xBF, 0xFF, 0xBF, 0xFF, 0xBF, 0xFF, 0xBF, 0xFF, 0xBF, 0xFF, 0xBF, 0xFF, 0xBF, 0xFF, 0xBF,
    0xFF, 0xBF, 0xFF, 0xBF, 0xFF, 0xBF, 0xFF, 0xBF, 0xFF, 0xBF, 0xFF, 0xBF, 0xFF, 0xBF, 0xFF, 0xBF,
    0xFF, 0xBF, 0xFF, 0xBF, 0xFF, 0xBF, 0xFF, 0xBF, 0xFF, 0xBF, 0xFF, 0xBF, 0xFF, 0xBF, 0xFF, 0xBF,
    0xFF, 0xBF, 0xFF, 0xBF, 0xFF, 0xBF, 0xFF, 0xBF, 0xFF, 0xBF, 0xFF, 0xBF, 0xFF, 0xBF, 0xFF, 0xBF,
    0xFF, 0xBF, 0xFF, 0xBF, 0xFF, 0xBF, 0xFF, 0xBF, 0xFF, 0xBF, 0xFF, 0xBF, 0xFF, 0xBF, 0xFF, 0xBF,
    0xFF, 0xBF, 0xFF, 0xBF, 0xFF, 0xBF, 0xFF, 0xBF, 0xFF, 0xBF, 0xFF, 0xBF, 0xFF, 0xBF, 0xFF, 0xBF,
    0xFF, 0xBF, 0xFF, 0xBF, 0xFF, 0xBF, 0xFF, 0xBF, 0xFF, 0xBF, 0xFF, 0xBF, 0xFF, 0xBF, 0xFF, 0xBF,
    0xFF, 0xBF, 0xFF, 0xBF, 0xFF, 0xBF, 0xFF, 0xBF, 0xFF, 0xBF, 0xFF, 0xBF, 0xFF, 0xBF, 0xFF, 0xBF,
    0xFF, 0xBF, 0xFF, 0xBF, 0xFF, 0xBF, 0xFF, 0xBF, 0xFF, 0xBF, 0xFF, 0xBF, 0xFF, 0xBF, 0xFF, 0xBF,
    0xFF, 0xBF, 0xFF, 0xBF, 0xFF, 0xBF, 0xFF, 0xBF, 0xFF, 0xBF, 0xFF, 0xBF, 0xFF, 0xBF, 0xFF, 0xBF,
    0xFF, 0xBF, 0xFF, 0xBF, 0xFF, 0xBF, 0xFF, 0xBF, 0xFF, 0xBF, 0xFF, 0xBF, 0xFF, 0xBF, 0xFF, 0xBF,
    0xFF, 0xBF, 0xFF, 0xBF, 0xFF, 0xBF, 0xFF, 0xBF, 0xFF, 0xBF, 0xFF, 0xBF, 0xFF, 0xBF, 0xFF, 0xBF,
    0xFF, 0xBF, 0xFF, 0xBF, 0xFF, 0xBF, 0xFF, 0xBF, 0xFF, 0xBF, 0xFF, 0xBF, 0xFF, 0xBF, 0xFF, 0xBF,
    0xFF, 0xBF, 0xFF, 0xBF, 0xFF, 0xBF, 0xFF, 0xBF, 0xFF, 0xBF, 0xFF, 0xBF, 0xFF, 0xBF, 0xFF, 0xBF,
    0xFF, 0xBF, 0xFF, 0xBF, 0xFF, 0xBF, 0xFF, 0xBF, 0xFF, 0xBF, 0xFF, 0xBF, 0xFF, 0xBF, 0xFF, 0xBF,
    0xFF, 0xBF, 0xFF, 0xBF, 0xFF, 0xBF, 0xFF, 0xBF, 0xFF, 0xBF, 0xFF, 0xBF, 0xFF, 0xBF, 0xFF, 0xBF,
    0xFF, 0xBF, 0xFF, 0xBF, 0xFF, 0xBF, 0xFF, 0xBF, 0xFF, 0xBF, 0xFF, 0xBF, 0xFF, 0xBF, 0xFF, 0xBF,
    0xFF, 0xBF, 0xFF, 0xBF, 0xFF, 0xBF, 0xFF, 0xBF, 0xFF, 0xBF, 0xFF, 0xBF, 0xFF, 0xBF, 0xFF, 0xBF,
    0xFF, 0xBF, 0xFF, 0xBF, 0xFF, 0xBF, 0xFF, 0xBF, 0xFF, 0xBF, 0xFF, 0xBF, 0xFF, 0xBF, 0xFF, 0xBF,
    0xFF, 0xBF, 0xFF, 0xBF, 0xFF, 0xBF, 0xFF, 0xBF, 0xFF, 0xBF, 0xFF, 0xBF, 0xFF, 0xBF, 0xFF, 0xBF,
    0xFF, 0xBF, 0xFF, 0xBF, 0xFF, 0xBF, 0xFF, 0xBF, 0xFF, 0xBF, 0xFF, 0xBF, 0xFF, 0xBF, 0xFF, 0xBF,
    0xFF, 0xBF, 0xFF, 0xBF, 0xFF, 0xBF, 0xFF, 0xBF, 0xFF, 0xBF, 0xFF, 0xBF, 0xFF, 0xBF, 0xFF, 0xBF,
    0xFF, 0xBF, 0xFF, 0xBF, 0xFF, 0xBF, 0xFF, 0xBF, 0xFF, 0xBF, 0xFF, 0xBF, 0xFF, 0xBF, 0xFF, 0xBF,
    0xFF, 0xBF, 0xFF, 0xBF, 0xFF, 0xBF, 0xFF, 0xBF, 0xFF, 0xBF, 0xFF, 0xBF, 0xFF, 0xBF, 0xFF, 0xBF,
    0xFF, 0xBF, 0xFF, 0xBF, 0xFF, 0xBF, 0xFF, 0xBF, 0xFF, 0xBF, 0xFF, 0xBF, 0xFF, 0xBF, 0xFF, 0xBF,
    0xFF, 0xBF, 0xFF, 0xBF, 0xFF, 0xBF, 0xFF, 0xBF, 0xFF, 0xBF, 0xFF, 0xBF, 0xFF, 0xBF, 0xFF, 0xBF,
    0xFF, 0xBF, 0xFF, 0xBF, 0xFF, 0xBF, 0xFF, 0xBF, 0xFF, 0xBF, 0xFF, 0xBF, 0xFF, 0xBF, 0xFF, 0xBF,
    0xFF, 0xBF, 0xFF, 0xBF, 0xFF, 0xBF, 0xFF, 0xBF, 0xFF, 0xBF, 0xFF, 0xBF, 0xFF, 0xBF, 0xFF, 0xBF,
    0xFF, 0xBF, 0xFF, 0xBF, 0xFF, 0xBF, 0xFF, 0xBF, 0xFF, 0xBF, 0xFF, 0xBF, 0xFF, 0xBF, 0xFF, 0xBF,
    0xFF, 0xBF, 0xFF, 0xBF, 0xFF, 0xBF, 0xFF, 0xBF, 0xFF, 0xBF, 0xFF, 0xBF, 0xFF, 0xBF, 0xFF, 0xBF,
    0xFF, 0xBF, 0xFF, 0xBF, 0xFF, 0xBF, 0xFF, 0xBF, 0xFF, 0xBF, 0xFF, 0xBF, 0xFF, 0xBF, 0xFF, 0xBF,
    0xFF, 0xBF, 0xFF, 0xBF, 0xFF, 0xBF, 0xFF, 0xBF, 0xFF, 0xBF, 0xFF, 0xBF, 0xFF, 0xBF, 0xFF, 0xBF,
    0xFF, 0xBF, 0xFF, 0xBF, 0xFF, 0xBF, 0xFF, 0xBF, 0xFF, 0xBF, 0xFF, 0xBF, 0xFF, 0xBF, 0xFF, 0xBF,
    0xFF, 0xBF, 0xFF, 0xBF, 0xFF, 0xBF, 0xFF, 0xBF, 0xFF, 0xBF, 0xFF, 0xBF, 0xFF, 0xBF, 0xFF, 0xBF,
    0xFF, 0xBF, 0xFF, 0xBF, 0xFF, 0xBF, 0xFF, 0xBF, 0xFF, 0xBF, 0xFF, 0xBF, 0xFF, 0xBF, 0xFF, 0xBF,
    0xFF, 0xBF, 0xFF, 0xBF, 0xFF, 0xBF, 0xFF, 0xBF, 0xFF, 0xBF, 0xFF, 0xBF, 0xFF, 0xBF, 0xFF, 0xBF,
    0xFF, 0xBF, 0xFF, 0xBF, 0xFF, 0xBF, 0xFF, 0xBF, 0xFF, 0xBF, 0xFF, 0xBF, 0xFF, 0xBF, 0xFF, 0xBF,
    0xFF, 0xBF, 0xFF, 0xBF, 0xFF, 0xBF, 0xFF, 0xBF, 0xFF, 0xBF, 0xFF, 0xBF, 0xFF, 0xBF, 0xFF, 0xBF,
    0xFF, 0xBF, 0xFF, 0xBF, 0xFF, 0xBF, 0xFF, 0xBF, 0xFF, 0xBF, 0xFF, 0xBF, 0xFF, 0xBF, 0xFF, 0xBF,
    0xFF, 0xBF, 0xFF, 0xBF, 0xFF, 0xBF, 0xFF, 0xBF, 0xFF, 0xBF, 0xFF, 0xBF, 0xFF, 0xBF, 0xFF, 0xBF,
    0xFF, 0xBF, 0xFF, 0xBF, 0xFF, 0xBF, 0xFF, 0xBF, 0xFF, 0xBF, 0xFF, 0xBF, 0xFF, 0xBF, 0xFF, 0xBF,
    0xFF, 0xBF, 0xFF, 0xBF, 0xFF, 0xBF, 0xFF, 0xBF, 0xFF, 0xBF, 0xFF, 0xBF, 0xFF, 0xBF, 0xFF, 0xBF,
    0xFF, 0xBF, 0xFF, 0xBF, 0xFF, 0xBF, 0xFF, 0xBF, 0xFF, 0xBF, 0xFF, 0xBF, 0xFF, 0xBF, 0xFF, 0xBF,
    0xFF, 0xBF, 0xFF, 0xBF, 0xFF, 0xBF, 0xFF, 0xBF, 0xFF, 0xBF, 0xFF, 0xBF, 0xFF, 0xBF, 0xFF, 0xBF,
    0xFF, 0xBF, 0xFF, 0xBF, 0xFF, 0xBF, 0xFF, 0xBF, 0xFF, 0xBF, 0xFF, 0xBF, 0xFF, 0xBF, 0xFF, 0xBF,
    0xFF, 0xBF, 0xFF, 0xBF, 0xFF, 0xBF, 0xFF, 0xBF, 0xFF, 0xBF, 0xFF, 0xBF, 0xFF, 0xBF, 0xFF, 0xBF,
    0xFF, 0xBF, 0xFF, 0xBF, 0xFF, 0xBF, 0xFF, 0xBF, 0xFF, 0xBF, 0xFF, 0xBF, 0xFF, 0xBF, 0xFF, 0xBF,
    0xFF, 0xBF, 0xFF, 0xBF, 0xFF, 0xBF, 0xFF, 0xBF, 0xFF, 0xBF, 0xFF, 0xBF, 0xFF, 0xBF, 0xFF, 0xBF,
    0xFF, 0xBF, 0xFF, 0xBF, 0xFF, 0xBF, 0xFF, 0xBF, 0xFF, 0xBF, 0xFF, 0xBF, 0xFF, 0xBF, 0xFF, 0xBF,
    0xFF, 0xBF, 0xFF, 0xBF, 0xFF, 0xBF, 0xFF, 0xBF, 0xFF, 0xBF, 0xFF, 0xBF, 0xFF, 0xBF, 0xFF, 0xBF,
    0xFF, 0xBF, 0xFF, 0xBF, 0xFF, 0xBF, 0xFF, 0xBF, 0xFF, 0xBF, 0xFF, 0xBF, 0xFF, 0xBF, 0xFF, 0xBF,
    0xFF, 0xBF, 0xFF, 0xBF, 0xFF, 0xBF, 0xFF, 0xBF, 0xFF, 0xBF, 0xFF, 0xBF, 0xFF, 0xBF, 0xFF, 0xBF,
    0xFF, 0xBF, 0xFF, 0xBF, 0xFF, 0xBF, 0xFF, 0xBF, 0xFF, 0xBF, 0xFF, 0xBF, 0xFF, 0xBF, 0xFF, 0xBF,
    0xFF, 0xBF, 0xFF, 0xBF, 0xFF, 0xBF, 0xFF, 0xBF, 0xFF, 0xBF, 0xFF, 0xBF, 0xFF, 0xBF, 0xFF, 0xBF,
    0xFF, 0xBF, 0xFF, 0xBF, 0xFF, 0xBF, 0xFF, 0xBF, 0xFF, 0xBF, 0xFF, 0xBF, 0xFF, 0xBF, 0xFF, 0xBF,
    0xFF, 0xBF, 0xFF, 0xBF, 0xFF, 0xBF, 0xFF, 0xBF, 0xFF, 0xBF, 0xFF, 0xBF, 0xFF, 0xBF, 0xFF, 0xBF,
    0xFF, 0xBF, 0xFF, 0xBF, 0xFF, 0xBF, 0xFF, 0xBF, 0xFF, 0xBF, 0xFF, 0xBF, 0xFF, 0xBF, 0xFF, 0xBF,
    0xFF, 0xBF, 0xFF, 0xBF, 0xFF, 0xBF, 0xFF, 0xBF, 0xFF, 0xBF, 0xFF, 0xBF, 0xFF, 0xBF, 0xFF, 0xBF,
    0xFF, 0xBF, 0xFF, 0xBF, 0xFF, 0xBF, 0xFF, 0xBF, 0xFF, 0xBF, 0xFF, 0xBF, 0xFF, 0xBF, 0xFF, 0xBF,
    0xFF, 0xBF, 0xFF, 0xBF, 0xFF, 0xBF, 0xFF, 0xBF, 0xFF, 0xBF, 0xFF, 0xBF, 0xFF, 0xBF, 0xFF, 0xBF,
    0xFF, 0xBF, 0xFF, 0xBF, 0xFF, 0xBF, 0xFF, 0xBF, 0xFF, 0xBF, 0xFF, 0xBF, 0xFF, 0xBF, 0xFF, 0xBF,
    0xFF, 0xBF, 0xFF, 0xBF, 0xFF, 0xBF, 0xFF, 0xBF, 0xFF, 0xBF, 0xFF, 0xBF, 0xFF, 0xBF, 0xFF, 0xBF,
    0xFF, 0xBF, 0xFF, 0xBF, 0xFF, 0xBF, 0xFF, 0xBF, 0xFF, 0xBF, 0xFF, 0xBF, 0xFF, 0xBF, 0xFF, 0xBF,
    0xFF, 0xBF, 0xFF, 0xBF, 0xFF, 0xBF, 0xFF, 0xBF, 0xFF, 0xBF, 0xFF, 0xBF, 0xFF, 0xBF, 0xFF, 0xBF,
    0xFF, 0xBF, 0xFF, 0xBF, 0xFF, 0xBF, 0xFF, 0xBF, 0xFF, 0xBF, 0xFF, 0xBF, 0xFF, 0xBF, 0xFF, 0xBF,
    0xFF, 0xBF, 0xFF, 0xBF, 0xFF, 0xBF, 0xFF, 0xBF, 0xFF, 0xBF, 0xFF, 0xBF, 0xFF, 0xBF, 0xFF, 0xBF,
    0xFF, 0xBF, 0xFF, 0xBF, 0xFF, 0xBF, 0xFF, 0xBF, 0xFF, 0xBF, 0xFF, 0xBF, 0xFF, 0xBF, 0xFF, 0xBF,
    0xFF, 0xBF, 0xFF, 0xBF, 0xFF, 0xBF, 0xFF, 0xBF, 0xFF, 0xBF, 0xFF, 0xBF, 0xFF, 0xBF, 0xFF, 0xBF,
    0xFF, 0xBF, 0xFF, 0xBF, 0xFF, 0xBF, 0xFF, 0xBF, 0xFF, 0xBF, 0xFF, 0xBF, 0xFF, 0xBF, 0xFF, 0xBF,
    0xFF, 0xBF, 0xFF, 0xBF, 0xFF, 0xBF, 0xFF, 0xBF, 0xFF, 0xBF, 0xFF, 0xBF, 0xFF, 0xBF, 0xFF, 0xBF,
    0xFF, 0xBF, 0xFF, 0xBF, 0xFF, 0xBF, 0xFF, 0xBF, 0xFF, 0xBF, 0xFF, 0xBF, 0xFF, 0xBF, 0xFF, 0xBF,
    0xFF, 0xBF, 0xFF, 0xBF, 0xFF, 0xBF, 0xFF, 0xBF, 0xFF, 0xBF, 0xFF, 0xBF, 0xFF, 0xBF, 0xFF, 0xBF,
    0xFF, 0xBF, 0xFF, 0xBF, 0xFF, 0xBF, 0xFF, 0xBF, 0xFF, 0xBF, 0xFF, 0xBF, 0xFF, 0xBF, 0xFF, 0xBF,
    0xFF, 0xBF, 0xFF, 0xBF, 0xFF, 0xBF, 0xFF, 0xBF, 0xFF, 0xBF, 0xFF, 0xBF, 0xFF, 0xBF, 0xFF, 0xBF,
    0xFF, 0xBF, 0xFF, 0xBF, 0xFF, 0xBF, 0xFF, 0xBF, 0xFF, 0xBF, 0xFF, 0xBF, 0xFF, 0xBF, 0xFF, 0xBF,
    0xFF, 0xBF, 0xFF, 0xBF, 0xFF, 0xBF, 0xFF, 0xBF, 0xFF, 0xBF, 0xFF, 0xBF, 0xFF, 0xBF, 0xFF, 0xBF,
    0xFF, 0xBF, 0xFF, 0xBF, 0xFF, 0xBF, 0xFF, 0xBF, 0xFF, 0xBF, 0xFF, 0xBF, 0xFF, 0xBF, 0xFF, 0xBF,
    0xFF, 0xBF, 0xFF, 0xBF, 0xFF, 0xBF, 0xFF, 0xBF, 0xFF, 0xBF, 0xFF, 0xBF, 0xFF, 0xBF, 0xFF, 0xBF,
    0xFF, 0xBF, 0xFF, 0xBF, 0xFF, 0xBF, 0xFF, 0xBF, 0xFF, 0xBF, 0xFF, 0xBF, 0xFF, 0xBF, 0xFF, 0xBF,
    0xFF, 0xBF, 0xFF, 0xBF, 0xFF, 0xBF, 0xFF, 0xBF, 0xFF, 0xBF, 0xFF, 0xBF, 0xFF, 0xBF, 0xFF, 0xBF,
    0xFF, 0xBF, 0xFF, 0xBF, 0xFF, 0xBF, 0xFF, 0xBF, 0xFF, 0xBF, 0xFF, 0xBF, 0xFF, 0xBF, 0xFF, 0xBF,
    0xFF, 0xBF, 0xFF, 0xBF, 0xFF, 0xBF, 0xFF, 0xBF, 0xFF, 0xBF, 0xFF, 0xBF, 0xFF, 0xBF, 0xFF, 0xBF,
    0xFF, 0xBF, 0xFF, 0xBF, 0xFF, 0xBF, 0xFF, 0xBF, 0xFF, 0xBF, 0xFF, 0xBF, 0xFF, 0xBF, 0xFF, 0xBF,
    0xFF, 0xBF, 0xFF, 0xBF, 0xFF, 0xBF, 0xFF, 0xBF, 0xFF, 0xBF, 0xFF, 0xBF, 0xFF, 0xBF, 0xFF, 0xBF,
    0xFF, 0xBF, 0xFF, 0xBF, 0xFF, 0xBF, 0xFF, 0xBF, 0xFF, 0xBF, 0xFF, 0xBF, 0xFF, 0xBF, 0xFF, 0xBF,
    0xFF, 0xBF, 0xFF, 0xBF, 0xFF, 0xBF, 0xFF, 0xBF, 0xFF, 0xBF, 0xFF, 0xBF, 0xFF, 0xBF, 0xFF, 0xBF,
    0xFF, 0xBF, 0xFF, 0xBF, 0xFF, 0xBF, 0xFF, 0xBF, 0xFF, 0xBF, 0xFF, 0xBF, 0xFF, 0xBF, 0xFF, 0xBF,
    0xFF, 0xBF, 0xFF, 0xBF, 0xFF, 0xBF, 0xFF, 0xBF, 0xFF, 0xBF, 0xFF, 0xBF, 0xFF, 0xBF, 0xFF, 0xBF,
    0xFF, 0xBF, 0xFF, 0xBF, 0xFF, 0xBF, 0xFF, 0xBF, 0xFF, 0xBF, 0xFF, 0xBF, 0xFF, 0xBF, 0xFF, 0xBF,
    0xFF, 0xBF, 0xFF, 0xBF, 0xFF, 0xBF, 0xFF, 0xBF, 0xFF, 0xBF, 0xFF, 0xBF, 0xFF, 0xBF, 0xFF, 0xBF,
    0xFF, 0xBF, 0xFF, 0xBF, 0xFF, 0xBF, 0xFF, 0xBF, 0xFF, 0xBF, 0xFF, 0xBF, 0xFF, 0xBF, 0xFF, 0xBF,
    0xFF, 0xBF, 0xFF, 0xBF, 0xFF, 0xBF, 0xFF, 0xBF, 0xFF, 0xBF, 0xFF, 0xBF, 0xFF, 0xBF, 0xFF, 0xBF,
    0xFF, 0xBF, 0xFF, 0xBF, 0xFF, 0xBF, 0xFF, 0xBF, 0xFF, 0xBF, 0xFF, 0xBF, 0xFF, 0xBF, 0xFF, 0xBF,
    0xFF, 0xBF, 0xFF, 0xBF, 0xFF, 0xBF, 0xFF, 0xBF, 0xFF, 0xBF, 0xFF, 0xBF, 0xFF, 0xBF, 0xFF, 0xBF,
    0xFF, 0xBF, 0xFF, 0xBF, 0xFF, 0xBF, 0xFF, 0xBF, 0xFF, 0xBF, 0xFF, 0xBF, 0xFF, 0xBF, 0xFF, 0xBF,
    0xFF, 0xBF, 0xFF, 0xBF, 0xFF, 0xBF, 0xFF, 0xBF, 0xFF, 0xBF, 0xFF, 0xBF, 0xFF, 0xBF, 0xFF, 0xBF,
    0xFF, 0xBF, 0xFF, 0xBF, 0xFF, 0xBF, 0xFF, 0xBF, 0xFF, 0xBF, 0xFF, 0xBF, 0xFF, 0xBF, 0xFF, 0xBF,
    0xFF, 0xBF, 0xFF, 0xBF, 0xFF, 0xBF, 0xFF, 0xBF, 0xFF, 0xBF, 0xFF, 0xBF, 0xFF, 0xBF, 0xFF, 0xBF,
    0xFF, 0xBF, 0xFF, 0xBF, 0xFF, 0xBF, 0xFF, 0xBF, 0xFF, 0xBF, 0xFF, 0xBF, 0xFF, 0xBF, 0xFF, 0xBF,
    0xFF, 0xBF, 0xFF, 0xBF, 0xFF, 0xBF, 0xFF, 0xBF, 0xFF, 0xBF, 0xFF, 0xBF, 0xFF, 0xBF, 0xFF, 0xBF,
    0xFF, 0xBF, 0xFF, 0xBF, 0xFF, 0xBF, 0xFF, 0xBF, 0xFF, 0xBF, 0xFF, 0xBF, 0xFF, 0xBF, 0xFF, 0xBF,
    0xFF, 0xBF, 0xFF, 0xBF, 0xFF, 0xBF, 0xFF, 0xBF, 0xFF, 0xBF, 0xFF, 0xBF, 0xFF, 0xBF, 0xFF, 0xBF,
    0xFF, 0xBF, 0xFF, 0xBF, 0xFF, 0xBF, 0xFF, 0xBF, 0xFF, 0xBF, 0xFF, 0xBF, 0xFF, 0xBF, 0xFF, 0xBF,
    0xFF, 0xBF, 0xFF, 0xBF, 0xFF, 0xBF, 0xFF, 0xBF, 0xFF, 0xBF, 0xFF, 0xBF, 0xFF, 0xBF, 0xFF, 0xBF,
    0xFF, 0xBF, 0xFF, 0xBF, 0xFF, 0xBF, 0xFF, 0xBF, 0xFF, 0xBF, 0xFF, 0xBF, 0xFF, 0xBF, 0xFF, 0xBF,
    0xFF, 0xBF, 0xFF, 0xBF, 0xFF, 0xBF, 0xFF, 0xBF, 0xFF, 0xBF, 0xFF, 0xBF, 0xFF, 0xBF, 0xFF, 0xBF,
    0xFF, 0xBF, 0xFF, 0xBF, 0xFF, 0xBF, 0xFF, 0xBF, 0xFF, 0xBF, 0xFF, 0xBF, 0xFF, 0xBF, 0xFF, 0xBF,
    0xFF, 0xBF, 0xFF, 0xBF, 0xFF, 0xBF, 0xFF, 0xBF, 0xFF, 0xBF, 0xFF, 0xBF, 0xFF, 0xBF, 0xFF, 0xBF,
    0xFF, 0xBF, 0xFF, 0xBF, 0xFF, 0xBF, 0xFF, 0xBF, 0xFF, 0xBF, 0xFF, 0xBF, 0xFF, 0xBF, 0xFF, 0xBF,
    0xFF, 0xBF, 0xFF, 0xBF, 0xFF, 0xBF, 0xFF, 0xBF, 0xFF, 0xBF, 0xFF, 0xBF, 0xFF, 0xBF, 0xFF, 0xBF,
    0xFF, 0xBF, 0xFF, 0xBF, 0xFF, 0xBF, 0xFF, 0xBF, 0xFF, 0xBF, 0xFF, 0xBF, 0xFF, 0xBF, 0xFF, 0xBF,
    0xFF, 0xBF, 0xFF, 0xBF, 0xFF, 0xBF, 0xFF, 0xBF, 0xFF, 0xBF, 0xFF, 0xBF, 0xFF, 0xBF, 0xFF, 0xBF,
    0xFF, 0xBF, 0xFF, 0xBF, 0xFF, 0xBF, 0xFF, 0xBF, 0xFF, 0xBF, 0xFF, 0xBF, 0xFF, 0xBF, 0xFF, 0xBF,
    0xFF, 0xBF, 0xFF, 0xBF, 0xFF, 0xBF, 0xFF, 0xBF, 0xFF, 0xBF, 0xFF, 0xBF, 0xFF, 0xBF, 0xFF, 0xBF,
    0xFF, 0xBF, 0xFF, 0xBF, 0xFF, 0xBF, 0xFF, 0xBF, 0xFF, 0xBF, 0xFF, 0xBF, 0xFF, 0xBF, 0xFF, 0xBF,
    0xFF, 0xBF, 0xFF, 0xBF, 0xFF, 0xBF, 0xFF, 0xBF, 0xFF, 0xBF, 0xFF, 0xBF, 0xFF, 0xBF, 0xFF, 0xBF,
    0xFF, 0xBF, 0xFF, 0xBF, 0xFF, 0xBF, 0xFF, 0xBF, 0xFF, 0xBF, 0xFF, 0xBF, 0xFF, 0xBF, 0xFF, 0xBF,
    0xFF, 0xBF, 0xFF, 0xBF, 0xFF, 0xBF, 0xFF, 0xBF, 0xFF, 0xBF, 0xFF, 0xBF, 0xFF, 0xBF, 0xFF, 0xBF,
    0xFF, 0xBF, 0xFF, 0xBF, 0xFF, 0xBF, 0xFF, 0xBF, 0xFF, 0xBF, 0xFF, 0xBF, 0xFF, 0xBF, 0xFF, 0xBF,
    0xFF, 0xBF, 0xFF, 0xBF, 0xFF, 0xBF, 0xFF, 0xBF, 0xFF, 0xBF, 0xFF, 0xBF, 0xFF, 0xBF, 0xFF, 0xBF,
    0xFF, 0xBF, 0xFF, 0xBF, 0xFF, 0xBF, 0xFF, 0xBF, 0xFF, 0xBF, 0xFF, 0xBF, 0xFF, 0xBF, 0xFF, 0xBF,
    0xFF, 0xBF, 0xFF, 0xBF, 0xFF, 0xBF, 0xFF, 0xBF, 0xFF, 0xBF, 0xFF, 0xBF, 0xFF, 0xBF, 0xFF, 0xBF,
    0xFF, 0xBF, 0xFF, 0xBF, 0xFF, 0xBF, 0xFF, 0xBF, 0xFF, 0xBF, 0xFF, 0xBF, 0xFF, 0xBF, 0xFF, 0xBF,
    0xFF, 0xBF, 0xFF, 0xBF, 0xFF, 0xBF, 0xFF, 0xBF, 0xFF, 0xBF, 0xFF, 0xBF, 0xFF, 0xBF, 0xFF, 0xBF,
    0xFF, 0xBF, 0xFF, 0xBF, 0xFF, 0xBF, 0xFF, 0xBF, 0xFF, 0xBF, 0xFF, 0xBF, 0xFF, 0xBF, 0xFF, 0xBF,
    0xFF, 0xBF, 0xFF, 0xBF, 0xFF, 0xBF, 0xFF, 0xBF, 0xFF, 0xBF, 0xFF, 0xBF, 0xFF, 0xBF, 0xFF, 0xBF,
    0xFF, 0xBF, 0xFF, 0xBF, 0xFF, 0xBF, 0xFF, 0xBF, 0xFF, 0xBF, 0xFF, 0xBF, 0xFF, 0xBF, 0xFF, 0xBF,
    0xFF, 0xBF, 0xFF, 0xBF, 0xFF, 0xBF, 0xFF, 0xBF, 0xFF, 0xBF, 0xFF, 0xBF, 0xFF, 0xBF, 0xFF, 0xBF,
    0xFF, 0xBF, 0xFF, 0xBF, 0xFF, 0xBF, 0xFF, 0xBF, 0xFF, 0xBF, 0xFF, 0xBF, 0xFF, 0xBF, 0xFF, 0xBF,
    0xFF, 0xBF, 0xFF, 0xBF, 0xFF, 0xBF, 0xFF, 0xBF, 0xFF, 0xBF, 0xFF, 0xBF, 0xFF, 0xBF, 0xFF, 0xBF,
    0xFF, 0xBF, 0xFF, 0xBF, 0xFF, 0xBF, 0xFF, 0xBF, 0xFF, 0xBF, 0xFF, 0xBF, 0xFF, 0xBF, 0xFF, 0xBF,
    0xFF, 0xBF, 0xFF, 0xBF, 0xFF, 0xBF, 0xFF, 0xBF, 0xFF, 0xBF, 0xFF, 0xBF, 0xFF, 0xBF, 0xFF, 0xBF,
    0xFF, 0xBF, 0xFF, 0xBF, 0xFF, 0xBF, 0xFF, 0xBF, 0xFF, 0xBF, 0xFF, 0xBF, 0xFF, 0xBF, 0xFF, 0xBF,
    0xFF, 0xBF, 0xFF, 0xBF, 0xFF, 0xBF, 0xFF, 0xBF, 0xFF, 0xBF, 0xFF, 0xBF, 0xFF, 0xBF, 0xFF, 0xBF,
    0xFF, 0xBF, 0xFF, 0xBF, 0xFF, 0xBF, 0xFF, 0xBF, 0xFF, 0xBF, 0xFF, 0xBF, 0xFF, 0xBF, 0xFF, 0xBF,
    0xFF, 0xBF, 0xFF, 0xBF, 0xFF, 0xBF, 0xFF, 0xBF, 0xFF, 0xBF, 0xFF, 0xBF, 0xFF, 0xBF, 0xFF, 0xBF,
    0xFF, 0xBF, 0xFF, 0xBF, 0xFF, 0xBF, 0xFF, 0xBF, 0xFF, 0xBF, 0xFF, 0xBF, 0xFF, 0xBF, 0xFF, 0xBF,
    0xFF, 0xBF, 0xFF, 0xBF, 0xFF, 0xBF, 0xFF, 0xBF, 0xFF, 0xBF, 0xFF, 0xBF, 0xFF, 0xBF, 0xFF, 0xBF,
    0xFF, 0xBF, 0xFF, 0xBF, 0xFF, 0xBF, 0xFF, 0xBF, 0xFF, 0xBF, 0xFF, 0xBF, 0xFF, 0xBF, 0xFF, 0xBF,
    0xFF, 0xBF, 0xFF, 0xBF, 0xFF, 0xBF, 0xFF, 0xBF, 0xFF, 0xBF, 0xFF, 0xBF, 0xFF, 0xBF, 0xFF, 0xBF,
    0xFF, 0xBF, 0xFF, 0xBF, 0xFF, 0xBF, 0xFF, 0xBF, 0xFF, 0xBF, 0xFF, 0xBF, 0xFF, 0xBF, 0xFF, 0xBF,
    0xFF, 0xBF, 0xFF, 0xBF, 0xFF, 0xBF, 0xFF, 0xBF, 0xFF, 0xBF, 0xFF, 0xBF, 0xFF, 0xBF, 0xFF, 0xBF,
    0xFF, 0xBF, 0xFF, 0xBF, 0xFF, 0xBF, 0xFF, 0xBF, 0xFF, 0xBF, 0xFF, 0xBF, 0xFF, 0xBF, 0xFF, 0xBF,
    0xFF, 0xBF, 0xFF, 0xBF, 0xFF, 0xBF, 0xFF, 0xBF, 0xFF, 0xBF, 0xFF, 0xBF, 0xFF, 0xBF, 0xFF, 0xBF,
    0xFF, 0xBF, 0xFF, 0xBF, 0xFF, 0xBF, 0xFF, 0xBF, 0xFF, 0xBF, 0xFF, 0xBF, 0xFF, 0xBF, 0xFF, 0xBF,
    0xFF, 0xBF, 0xFF, 0xBF, 0xFF, 0xBF, 0xFF, 0xBF, 0xFF, 0xBF, 0xFF, 0xBF, 0xFF, 0xBF, 0xFF, 0xBF,
    0xFF, 0xBF, 0xFF, 0xBF, 0xFF, 0xBF, 0xFF, 0xBF, 0xFF, 0xBF, 0xFF, 0xBF, 0xFF, 0xBF, 0xFF, 0xBF,
    0xFF, 0xBF, 0xFF, 0xBF, 0xFF, 0xBF, 0xFF, 0xBF, 0xFF, 0xBF, 0xFF, 0xBF, 0xFF, 0xBF, 0xFF, 0xBF,
    0xFF, 0xBF, 0xFF, 0xBF, 0xFF, 0xBF, 0xFF, 0xBF, 0xFF, 0xBF, 0xFF, 0xBF, 0xFF, 0xBF, 0xFF, 0xBF,
    0xFF, 0xBF, 0xFF, 0xBF, 0xFF, 0xBF, 0xFF, 0xBF, 0xFF, 0xBF, 0xFF, 0xBF, 0xFF, 0xBF, 0xFF, 0xBF,
    0xFF, 0xBF, 0xFF, 0xBF, 0xFF, 0xBF, 0xFF, 0xBF, 0xFF, 0xBF, 0xFF, 0xBF, 0xFF, 0xBF, 0xFF, 0xBF,
    0xFF, 0xBF, 0xFF, 0xBF, 0xFF, 0xBF, 0xFF, 0xBF, 0xFF, 0xBF, 0xFF, 0xBF, 0xFF, 0xBF, 0xFF, 0xBF,
    0xFF, 0xBF, 0xFF, 0xBF, 0xFF, 0xBF, 0xFF, 0xBF, 0xFF, 0xBF, 0xFF, 0xBF, 0xFF, 0xBF, 0xFF, 0xBF,
    0xFF, 0xBF, 0xFF, 0xBF, 0xFF, 0xBF, 0xFF, 0xBF, 0xFF, 0xBF, 0xFF, 0xBF, 0xFF, 0xBF, 0xFF, 0xBF,
    0xFF, 0xBF, 0xFF, 0xBF, 0xFF, 0xBF, 0xFF, 0xBF, 0xFF, 0xBF, 0xFF, 0xBF, 0xFF, 0xBF, 0xFF, 0xBF,
    0xFF, 0xBF, 0xFF, 0xBF, 0xFF, 0xBF, 0xFF, 0xBF, 0xFF, 0xBF, 0xFF, 0xBF, 0xFF, 0xBF, 0xFF, 0xBF,
    0xFF, 0xBF, 0xFF, 0xBF, 0xFF, 0xBF, 0xFF, 0xBF, 0xFF, 0xBF, 0xFF, 0xBF, 0xFF, 0xBF, 0xFF, 0xBF,
    0xFF, 0xBF, 0xFF, 0xBF, 0xFF, 0xBF, 0xFF, 0xBF, 0xFF, 0xBF, 0xFF, 0xBF, 0xFF, 0xBF, 0xFF, 0xBF,
    0xFF, 0xBF, 0xFF, 0xBF, 0xFF, 0xBF, 0xFF, 0xBF, 0xFF, 0xBF, 0xFF, 0xBF, 0xFF, 0xBF, 0xFF, 0xBF,
])

# ---------------------------------------------------------------------------
# Register map: name -> (page, addr, offs, sign, leng, rdon, chck, dflt)
#   page  : SPI page (0 = normal, used for all SX1302 regs)
#   addr  : 16-bit register address
#   offs  : bit offset within byte
#   sign  : 1 if signed (sign-extend on read)
#   leng  : field width in bits
#   rdon  : 1 if read-only
#   chck  : 1 if checked on write
#   dflt  : default / reset value
# ---------------------------------------------------------------------------

_REG: Dict[str, Tuple[int, int, int, int, int, int, int, int]] = {
    "COMMON_PAGE_PAGE": (0, 0x5600, 0, 0, 2, 0, 1, 0),
    "COMMON_CTRL0_CLK32_RIF_CTRL": (0, 0x5601, 4, 0, 1, 0, 1, 0),
    "COMMON_CTRL0_HOST_RADIO_CTRL": (0, 0x5601, 3, 0, 1, 0, 1, 1),
    "COMMON_CTRL0_RADIO_MISC_EN": (0, 0x5601, 2, 0, 1, 0, 1, 0),
    "COMMON_CTRL0_SX1261_MODE_RADIO_B": (0, 0x5601, 1, 0, 1, 0, 1, 1),
    "COMMON_CTRL0_SX1261_MODE_RADIO_A": (0, 0x5601, 0, 0, 1, 0, 1, 1),
    "COMMON_CTRL1_SWAP_IQ_RADIO_B": (0, 0x5602, 3, 0, 1, 0, 1, 0),
    "COMMON_CTRL1_SAMPLING_EDGE_RADIO_B": (0, 0x5602, 2, 0, 1, 0, 1, 1),
    "COMMON_CTRL1_SWAP_IQ_RADIO_A": (0, 0x5602, 1, 0, 1, 0, 1, 0),
    "COMMON_CTRL1_SAMPLING_EDGE_RADIO_A": (0, 0x5602, 0, 0, 1, 0, 1, 1),
    "COMMON_SPI_DIV_RATIO_SPI_HALF_PERIOD": (0, 0x5603, 0, 0, 8, 0, 1, 2),
    "COMMON_RADIO_SELECT_RADIO_SELECT": (0, 0x5604, 0, 0, 8, 0, 1, 128),
    "COMMON_GEN_GLOBAL_EN": (0, 0x5605, 3, 0, 1, 0, 1, 0),
    "COMMON_GEN_FSK_MODEM_ENABLE": (0, 0x5605, 2, 0, 1, 0, 1, 0),
    "COMMON_GEN_CONCENTRATOR_MODEM_ENABLE": (0, 0x5605, 1, 0, 1, 0, 1, 0),
    "COMMON_GEN_MBWSSF_MODEM_ENABLE": (0, 0x5605, 0, 0, 1, 0, 1, 0),
    "COMMON_VERSION_VERSION": (0, 0x5606, 0, 0, 8, 1, 1, 16),
    "COMMON_DUMMY_DUMMY": (0, 0x5607, 0, 0, 1, 1, 1, 0),
    "AGC_MCU_CTRL_CLK_EN": (0, 0x5780, 4, 0, 1, 0, 1, 1),
    "AGC_MCU_CTRL_FORCE_HOST_FE_CTRL": (0, 0x5780, 3, 0, 1, 0, 1, 0),
    "AGC_MCU_CTRL_MCU_CLEAR": (0, 0x5780, 2, 0, 1, 0, 1, 1),
    "AGC_MCU_CTRL_HOST_PROG": (0, 0x5780, 1, 0, 1, 0, 1, 0),
    "AGC_MCU_CTRL_PARITY_ERROR": (0, 0x5780, 0, 0, 1, 1, 1, 0),
    "AGC_MCU_MCU_AGC_STATUS_MCU_AGC_STATUS": (0, 0x5781, 0, 0, 8, 1, 1, 0),
    "AGC_MCU_PA_GAIN_PA_B_GAIN": (0, 0x5782, 2, 0, 2, 0, 1, 0),
    "AGC_MCU_PA_GAIN_PA_A_GAIN": (0, 0x5782, 0, 0, 2, 0, 1, 0),
    "AGC_MCU_RF_EN_A_RADIO_RST": (0, 0x5783, 3, 0, 1, 0, 1, 0),
    "AGC_MCU_RF_EN_A_RADIO_EN": (0, 0x5783, 2, 0, 1, 0, 1, 0),
    "AGC_MCU_RF_EN_A_PA_EN": (0, 0x5783, 1, 0, 1, 0, 1, 0),
    "AGC_MCU_RF_EN_A_LNA_EN": (0, 0x5783, 0, 0, 1, 0, 1, 0),
    "AGC_MCU_RF_EN_B_RADIO_RST": (0, 0x5784, 3, 0, 1, 0, 1, 0),
    "AGC_MCU_RF_EN_B_RADIO_EN": (0, 0x5784, 2, 0, 1, 0, 1, 0),
    "AGC_MCU_RF_EN_B_PA_EN": (0, 0x5784, 1, 0, 1, 0, 1, 0),
    "AGC_MCU_RF_EN_B_LNA_EN": (0, 0x5784, 0, 0, 1, 0, 1, 0),
    "AGC_MCU_LUT_TABLE_A_PA_LUT": (0, 0x5785, 4, 0, 4, 0, 1, 0),
    "AGC_MCU_LUT_TABLE_A_LNA_LUT": (0, 0x5785, 0, 0, 4, 0, 1, 0),
    "AGC_MCU_LUT_TABLE_B_PA_LUT": (0, 0x5786, 4, 0, 4, 0, 1, 0),
    "AGC_MCU_LUT_TABLE_B_LNA_LUT": (0, 0x5786, 0, 0, 4, 0, 1, 0),
    "AGC_MCU_UART_CFG_MSBF": (0, 0x5787, 5, 0, 1, 0, 1, 0),
    "AGC_MCU_UART_CFG_PAR_EN": (0, 0x5787, 4, 0, 1, 0, 1, 0),
    "AGC_MCU_UART_CFG_PAR_MODE": (0, 0x5787, 3, 0, 1, 0, 1, 0),
    "AGC_MCU_UART_CFG_START_LEN": (0, 0x5787, 2, 0, 1, 0, 1, 0),
    "AGC_MCU_UART_CFG_STOP_LEN": (0, 0x5787, 1, 0, 1, 0, 1, 0),
    "AGC_MCU_UART_CFG_WORD_LEN": (0, 0x5787, 0, 0, 1, 0, 1, 1),
    "AGC_MCU_UART_CFG2_BIT_RATE": (0, 0x5788, 0, 0, 8, 0, 1, 0),
    "AGC_MCU_MCU_MAIL_BOX_WR_DATA_BYTE3_MCU_MAIL_BOX_WR_DATA": (0, 0x5789, 0, 0, 8, 0, 1, 0),
    "AGC_MCU_MCU_MAIL_BOX_WR_DATA_BYTE2_MCU_MAIL_BOX_WR_DATA": (0, 0x578A, 0, 0, 8, 0, 1, 0),
    "AGC_MCU_MCU_MAIL_BOX_WR_DATA_BYTE1_MCU_MAIL_BOX_WR_DATA": (0, 0x578B, 0, 0, 8, 0, 1, 0),
    "AGC_MCU_MCU_MAIL_BOX_WR_DATA_BYTE0_MCU_MAIL_BOX_WR_DATA": (0, 0x578C, 0, 0, 8, 0, 1, 0),
    "AGC_MCU_MCU_MAIL_BOX_RD_DATA_BYTE3_MCU_MAIL_BOX_RD_DATA": (0, 0x578D, 0, 0, 8, 1, 1, 0),
    "AGC_MCU_MCU_MAIL_BOX_RD_DATA_BYTE2_MCU_MAIL_BOX_RD_DATA": (0, 0x578E, 0, 0, 8, 1, 1, 0),
    "AGC_MCU_MCU_MAIL_BOX_RD_DATA_BYTE1_MCU_MAIL_BOX_RD_DATA": (0, 0x578F, 0, 0, 8, 1, 1, 0),
    "AGC_MCU_MCU_MAIL_BOX_RD_DATA_BYTE0_MCU_MAIL_BOX_RD_DATA": (0, 0x5790, 0, 0, 8, 1, 1, 0),
    "AGC_MCU_DUMMY_DUMMY3": (0, 0x5791, 0, 0, 1, 1, 1, 0),
    "CLK_CTRL_CLK_SEL_CLKDIV_EN": (0, 0x57C0, 2, 0, 1, 0, 1, 0),
    "CLK_CTRL_CLK_SEL_CLK_RADIO_B_SEL": (0, 0x57C0, 1, 0, 1, 0, 1, 0),
    "CLK_CTRL_CLK_SEL_CLK_RADIO_A_SEL": (0, 0x57C0, 0, 0, 1, 0, 1, 0),
    "CLK_CTRL_DUMMY_DUMMY": (0, 0x57C1, 3, 0, 1, 1, 1, 0),
    "TX_TOP_A_TX_TRIG_TX_FSM_CLR": (0, 0x5200, 3, 0, 1, 0, 0, 0),
    "TX_TOP_A_TX_TRIG_TX_TRIG_GPS": (0, 0x5200, 2, 0, 1, 0, 1, 0),
    "TX_TOP_A_TX_TRIG_TX_TRIG_DELAYED": (0, 0x5200, 1, 0, 1, 0, 1, 0),
    "TX_TOP_A_TX_TRIG_TX_TRIG_IMMEDIATE": (0, 0x5200, 0, 0, 1, 0, 1, 0),
    "TX_TOP_A_TIMER_TRIG_BYTE3_TIMER_DELAYED_TRIG": (0, 0x5201, 0, 0, 8, 0, 1, 0),
    "TX_TOP_A_TIMER_TRIG_BYTE2_TIMER_DELAYED_TRIG": (0, 0x5202, 0, 0, 8, 0, 1, 0),
    "TX_TOP_A_TIMER_TRIG_BYTE1_TIMER_DELAYED_TRIG": (0, 0x5203, 0, 0, 8, 0, 1, 0),
    "TX_TOP_A_TIMER_TRIG_BYTE0_TIMER_DELAYED_TRIG": (0, 0x5204, 0, 0, 8, 0, 1, 0),
    "TX_TOP_A_TX_START_DELAY_MSB_TX_START_DELAY": (0, 0x5205, 0, 0, 8, 0, 1, 187),
    "TX_TOP_A_TX_START_DELAY_LSB_TX_START_DELAY": (0, 0x5206, 0, 0, 8, 0, 1, 128),
    "TX_TOP_A_TX_CTRL_WRITE_BUFFER": (0, 0x5207, 0, 0, 1, 0, 1, 0),
    "TX_TOP_A_TX_RAMP_DURATION_TX_RAMP_DURATION": (0, 0x5208, 0, 0, 3, 0, 1, 1),
    "TX_TOP_A_GEN_CFG_0_MODULATION_TYPE": (0, 0x5209, 0, 0, 1, 0, 1, 0),
    "TX_TOP_A_TEST_0_TX_ACTIVE_CTRL": (0, 0x520A, 1, 0, 1, 0, 1, 0),
    "TX_TOP_A_TEST_0_TX_ACTIVE_SEL": (0, 0x520A, 0, 0, 1, 0, 1, 0),
    "TX_TOP_A_TX_FLAG_TX_TIMEOUT": (0, 0x520B, 1, 0, 1, 0, 0, 0),
    "TX_TOP_A_TX_FLAG_PKT_DONE": (0, 0x520B, 0, 0, 1, 0, 0, 0),
    "TX_TOP_A_AGC_TX_BW_AGC_TX_BW": (0, 0x520C, 0, 0, 8, 0, 1, 0),
    "TX_TOP_A_AGC_TX_PWR_AGC_TX_PWR": (0, 0x520D, 0, 0, 8, 0, 1, 0),
    "TX_TOP_A_TIMEOUT_CNT_BYTE_2_TIMEOUT_CNT": (0, 0x520E, 0, 0, 8, 0, 1, 0),
    "TX_TOP_A_TIMEOUT_CNT_BYTE_1_TIMEOUT_CNT": (0, 0x520F, 0, 0, 8, 0, 1, 0),
    "TX_TOP_A_TIMEOUT_CNT_BYTE_0_TIMEOUT_CNT": (0, 0x5210, 0, 0, 8, 0, 1, 0),
    "TX_TOP_A_TX_FSM_STATUS_TX_STATUS": (0, 0x5211, 0, 0, 8, 1, 1, 0),
    "TX_TOP_A_DUMMY_CONTROL_DUMMY": (0, 0x5212, 3, 0, 1, 1, 1, 0),
    "TX_TOP_A_TX_RFFE_IF_CTRL_PLL_DIV_CTRL": (0, 0x5220, 5, 0, 3, 0, 1, 0),
    "TX_TOP_A_TX_RFFE_IF_CTRL_TX_CLK_EDGE": (0, 0x5220, 4, 0, 1, 0, 1, 1),
    "TX_TOP_A_TX_RFFE_IF_CTRL_TX_MODE": (0, 0x5220, 3, 0, 1, 0, 1, 1),
    "TX_TOP_A_TX_RFFE_IF_CTRL_TX_IF_DST": (0, 0x5220, 2, 0, 1, 0, 1, 0),
    "TX_TOP_A_TX_RFFE_IF_CTRL_TX_IF_SRC": (0, 0x5220, 0, 0, 2, 0, 1, 0),
    "TX_TOP_A_TX_RFFE_IF_CTRL2_SX125X_IQ_INVERT": (0, 0x5221, 1, 0, 1, 0, 1, 0),
    "TX_TOP_A_TX_RFFE_IF_CTRL2_PLL_DIV_CTRL_AGC": (0, 0x5221, 0, 0, 1, 0, 1, 0),
    "TX_TOP_A_TX_RFFE_IF_IQ_GAIN_IQ_GAIN": (0, 0x5222, 0, 0, 2, 0, 1, 0),
    "TX_TOP_A_TX_RFFE_IF_I_OFFSET_I_OFFSET": (0, 0x5223, 0, 0, 8, 0, 1, 0),
    "TX_TOP_A_TX_RFFE_IF_Q_OFFSET_Q_OFFSET": (0, 0x5224, 0, 0, 8, 0, 1, 0),
    "TX_TOP_A_TX_RFFE_IF_FREQ_RF_H_FREQ_RF": (0, 0x5225, 0, 0, 8, 0, 1, 108),
    "TX_TOP_A_TX_RFFE_IF_FREQ_RF_M_FREQ_RF": (0, 0x5226, 0, 0, 8, 0, 1, 144),
    "TX_TOP_A_TX_RFFE_IF_FREQ_RF_L_FREQ_RF": (0, 0x5227, 0, 0, 8, 0, 1, 0),
    "TX_TOP_A_TX_RFFE_IF_FREQ_DEV_H_FREQ_DEV": (0, 0x5228, 0, 0, 4, 0, 1, 0),
    "TX_TOP_A_TX_RFFE_IF_FREQ_DEV_L_FREQ_DEV": (0, 0x5229, 0, 0, 8, 0, 1, 0),
    "TX_TOP_A_TX_RFFE_IF_TEST_MOD_FREQ": (0, 0x522A, 0, 0, 8, 0, 1, 64),
    "TX_TOP_A_DUMMY_MODULATOR_DUMMY": (0, 0x522B, 3, 0, 1, 1, 1, 0),
    "TX_TOP_A_FSK_PKT_LEN_PKT_LENGTH": (0, 0x5240, 0, 0, 8, 0, 1, 15),
    "TX_TOP_A_FSK_CFG_0_TX_CONT": (0, 0x5241, 5, 0, 1, 0, 1, 0),
    "TX_TOP_A_FSK_CFG_0_CRC_IBM": (0, 0x5241, 4, 0, 1, 0, 1, 0),
    "TX_TOP_A_FSK_CFG_0_DCFREE_ENC": (0, 0x5241, 2, 0, 2, 0, 1, 0),
    "TX_TOP_A_FSK_CFG_0_CRC_EN": (0, 0x5241, 1, 0, 1, 0, 1, 1),
    "TX_TOP_A_FSK_CFG_0_PKT_MODE": (0, 0x5241, 0, 0, 1, 0, 1, 0),
    "TX_TOP_A_FSK_PREAMBLE_SIZE_MSB_PREAMBLE_SIZE": (0, 0x5242, 0, 0, 8, 0, 1, 0),
    "TX_TOP_A_FSK_PREAMBLE_SIZE_LSB_PREAMBLE_SIZE": (0, 0x5243, 0, 0, 8, 0, 1, 20),
    "TX_TOP_A_FSK_BIT_RATE_MSB_BIT_RATE": (0, 0x5244, 0, 0, 8, 0, 1, 26),
    "TX_TOP_A_FSK_BIT_RATE_LSB_BIT_RATE": (0, 0x5245, 0, 0, 8, 0, 1, 11),
    "TX_TOP_A_FSK_MOD_FSK_REF_PATTERN_SIZE": (0, 0x5246, 5, 0, 3, 0, 1, 3),
    "TX_TOP_A_FSK_MOD_FSK_PREAMBLE_SEQ": (0, 0x5246, 4, 0, 1, 0, 1, 0),
    "TX_TOP_A_FSK_MOD_FSK_REF_PATTERN_EN": (0, 0x5246, 3, 0, 1, 0, 1, 1),
    "TX_TOP_A_FSK_MOD_FSK_GAUSSIAN_SELECT_BT": (0, 0x5246, 1, 0, 2, 0, 1, 0),
    "TX_TOP_A_FSK_MOD_FSK_GAUSSIAN_EN": (0, 0x5246, 0, 0, 1, 0, 1, 0),
    "TX_TOP_A_FSK_REF_PATTERN_BYTE7_FSK_REF_PATTERN": (0, 0x5247, 0, 0, 8, 0, 1, 151),
    "TX_TOP_A_FSK_REF_PATTERN_BYTE6_FSK_REF_PATTERN": (0, 0x5248, 0, 0, 8, 0, 1, 35),
    "TX_TOP_A_FSK_REF_PATTERN_BYTE5_FSK_REF_PATTERN": (0, 0x5249, 0, 0, 8, 0, 1, 82),
    "TX_TOP_A_FSK_REF_PATTERN_BYTE4_FSK_REF_PATTERN": (0, 0x524A, 0, 0, 8, 0, 1, 37),
    "TX_TOP_A_FSK_REF_PATTERN_BYTE3_FSK_REF_PATTERN": (0, 0x524B, 0, 0, 8, 0, 1, 86),
    "TX_TOP_A_FSK_REF_PATTERN_BYTE2_FSK_REF_PATTERN": (0, 0x524C, 0, 0, 8, 0, 1, 83),
    "TX_TOP_A_FSK_REF_PATTERN_BYTE1_FSK_REF_PATTERN": (0, 0x524D, 0, 0, 8, 0, 1, 101),
    "TX_TOP_A_FSK_REF_PATTERN_BYTE0_FSK_REF_PATTERN": (0, 0x524E, 0, 0, 8, 0, 1, 100),
    "TX_TOP_A_DUMMY_GSFK_DUMMY": (0, 0x524F, 3, 0, 1, 1, 1, 0),
    "TX_TOP_A_TXRX_CFG0_0_MODEM_BW": (0, 0x5260, 4, 0, 4, 0, 1, 5),
    "TX_TOP_A_TXRX_CFG0_0_MODEM_SF": (0, 0x5260, 0, 0, 4, 0, 1, 7),
    "TX_TOP_A_TXRX_CFG0_1_PPM_OFFSET_HDR_CTRL": (0, 0x5261, 6, 0, 2, 0, 1, 2),
    "TX_TOP_A_TXRX_CFG0_1_PPM_OFFSET": (0, 0x5261, 4, 0, 2, 0, 1, 0),
    "TX_TOP_A_TXRX_CFG0_1_POST_PREAMBLE_GAP_LONG": (0, 0x5261, 3, 0, 1, 0, 1, 0),
    "TX_TOP_A_TXRX_CFG0_1_CODING_RATE": (0, 0x5261, 0, 0, 3, 0, 1, 2),
    "TX_TOP_A_TXRX_CFG0_2_FINE_SYNCH_EN": (0, 0x5262, 7, 0, 1, 0, 1, 0),
    "TX_TOP_A_TXRX_CFG0_2_MODEM_EN": (0, 0x5262, 6, 0, 1, 0, 1, 0),
    "TX_TOP_A_TXRX_CFG0_2_CADRXTX": (0, 0x5262, 4, 0, 2, 0, 1, 2),
    "TX_TOP_A_TXRX_CFG0_2_IMPLICIT_HEADER": (0, 0x5262, 1, 0, 1, 0, 1, 0),
    "TX_TOP_A_TXRX_CFG0_2_CRC_EN": (0, 0x5262, 0, 0, 1, 0, 1, 1),
    "TX_TOP_A_TXRX_CFG0_3_PAYLOAD_LENGTH": (0, 0x5263, 0, 0, 8, 0, 1, 12),
    "TX_TOP_A_TXRX_CFG1_0_INT_STEP_ORIDE_EN": (0, 0x5264, 7, 0, 1, 0, 1, 0),
    "TX_TOP_A_TXRX_CFG1_0_INT_STEP_ORIDE": (0, 0x5264, 0, 0, 6, 0, 1, 0),
    "TX_TOP_A_TXRX_CFG1_1_MODEM_START": (0, 0x5265, 7, 0, 1, 0, 1, 0),
    "TX_TOP_A_TXRX_CFG1_1_HEADER_DIFF_MODE": (0, 0x5265, 6, 0, 1, 0, 1, 0),
    "TX_TOP_A_TXRX_CFG1_1_ZERO_PAD": (0, 0x5265, 0, 0, 6, 0, 1, 0),
    "TX_TOP_A_TXRX_CFG1_2_PREAMBLE_SYMB_NB": (0, 0x5266, 0, 0, 8, 0, 1, 8),
    "TX_TOP_A_TXRX_CFG1_3_PREAMBLE_SYMB_NB": (0, 0x5267, 0, 0, 8, 0, 1, 0),
    "TX_TOP_A_TXRX_CFG1_4_AUTO_ACK_INT_DELAY": (0, 0x5268, 6, 0, 1, 0, 1, 1),
    "TX_TOP_A_TXRX_CFG1_4_AUTO_ACK_RX": (0, 0x5268, 5, 0, 1, 0, 1, 0),
    "TX_TOP_A_TXRX_CFG1_4_AUTO_ACK_TX": (0, 0x5268, 4, 0, 1, 0, 1, 0),
    "TX_TOP_A_TX_CFG0_0_CHIRP_LOWPASS": (0, 0x5269, 4, 0, 3, 0, 1, 0),
    "TX_TOP_A_TX_CFG0_0_PPM_OFFSET_SIG": (0, 0x5269, 3, 0, 1, 0, 1, 0),
    "TX_TOP_A_TX_CFG0_0_CONTCHIRP": (0, 0x5269, 2, 0, 1, 0, 1, 1),
    "TX_TOP_A_TX_CFG0_0_CHIRP_INVERT": (0, 0x5269, 1, 0, 1, 0, 1, 1),
    "TX_TOP_A_TX_CFG0_0_CONTINUOUS": (0, 0x5269, 0, 0, 1, 0, 1, 0),
    "TX_TOP_A_TX_CFG0_1_POWER_RANGING": (0, 0x526A, 0, 0, 6, 0, 1, 20),
    "TX_TOP_A_TX_CFG1_0_FRAME_NB": (0, 0x526B, 0, 0, 8, 0, 1, 0),
    "TX_TOP_A_TX_CFG1_1_HOP_CTRL": (0, 0x526C, 5, 0, 2, 0, 1, 0),
    "TX_TOP_A_TX_CFG1_1_IFS": (0, 0x526C, 0, 0, 5, 0, 1, 10),
    "TX_TOP_A_FRAME_SYNCH_0_AUTO_SCALE": (0, 0x526D, 7, 0, 1, 0, 1, 1),
    "TX_TOP_A_FRAME_SYNCH_0_DROP_ON_SYNCH": (0, 0x526D, 6, 0, 1, 0, 1, 0),
    "TX_TOP_A_FRAME_SYNCH_0_GAIN": (0, 0x526D, 5, 0, 1, 0, 1, 1),
    "TX_TOP_A_FRAME_SYNCH_0_PEAK1_POS": (0, 0x526D, 0, 1, 5, 0, 1, 2),
    "TX_TOP_A_FRAME_SYNCH_1_FINETIME_ON_LAST": (0, 0x526E, 7, 0, 1, 0, 1, 0),
    "TX_TOP_A_FRAME_SYNCH_1_TIMEOUT_OPT": (0, 0x526E, 5, 0, 2, 0, 1, 3),
    "TX_TOP_A_FRAME_SYNCH_1_PEAK2_POS": (0, 0x526E, 0, 1, 5, 0, 1, 4),
    "TX_TOP_A_LORA_TX_STATE_STATUS": (0, 0x526F, 0, 0, 4, 1, 1, 0),
    "TX_TOP_A_LORA_TX_FLAG_FRAME_DONE": (0, 0x5270, 2, 0, 1, 0, 0, 0),
    "TX_TOP_A_LORA_TX_FLAG_CONT_DONE": (0, 0x5270, 1, 0, 1, 0, 0, 0),
    "TX_TOP_A_LORA_TX_FLAG_PLD_DONE": (0, 0x5270, 0, 0, 1, 0, 0, 0),
    "TX_TOP_A_DUMMY_LORA_DUMMY": (0, 0x5271, 3, 0, 1, 1, 1, 0),
    "TX_TOP_B_TX_TRIG_TX_FSM_CLR": (0, 0x5400, 3, 0, 1, 0, 0, 0),
    "TX_TOP_B_TX_TRIG_TX_TRIG_GPS": (0, 0x5400, 2, 0, 1, 0, 1, 0),
    "TX_TOP_B_TX_TRIG_TX_TRIG_DELAYED": (0, 0x5400, 1, 0, 1, 0, 1, 0),
    "TX_TOP_B_TX_TRIG_TX_TRIG_IMMEDIATE": (0, 0x5400, 0, 0, 1, 0, 1, 0),
    "TX_TOP_B_TIMER_TRIG_BYTE3_TIMER_DELAYED_TRIG": (0, 0x5401, 0, 0, 8, 0, 1, 0),
    "TX_TOP_B_TIMER_TRIG_BYTE2_TIMER_DELAYED_TRIG": (0, 0x5402, 0, 0, 8, 0, 1, 0),
    "TX_TOP_B_TIMER_TRIG_BYTE1_TIMER_DELAYED_TRIG": (0, 0x5403, 0, 0, 8, 0, 1, 0),
    "TX_TOP_B_TIMER_TRIG_BYTE0_TIMER_DELAYED_TRIG": (0, 0x5404, 0, 0, 8, 0, 1, 0),
    "TX_TOP_B_TX_START_DELAY_MSB_TX_START_DELAY": (0, 0x5405, 0, 0, 8, 0, 1, 187),
    "TX_TOP_B_TX_START_DELAY_LSB_TX_START_DELAY": (0, 0x5406, 0, 0, 8, 0, 1, 128),
    "TX_TOP_B_TX_CTRL_WRITE_BUFFER": (0, 0x5407, 0, 0, 1, 0, 1, 0),
    "TX_TOP_B_TX_RAMP_DURATION_TX_RAMP_DURATION": (0, 0x5408, 0, 0, 3, 0, 1, 1),
    "TX_TOP_B_GEN_CFG_0_MODULATION_TYPE": (0, 0x5409, 0, 0, 1, 0, 1, 0),
    "TX_TOP_B_TEST_0_TX_ACTIVE_CTRL": (0, 0x540A, 1, 0, 1, 0, 1, 0),
    "TX_TOP_B_TEST_0_TX_ACTIVE_SEL": (0, 0x540A, 0, 0, 1, 0, 1, 0),
    "TX_TOP_B_TX_FLAG_TX_TIMEOUT": (0, 0x540B, 1, 0, 1, 0, 0, 0),
    "TX_TOP_B_TX_FLAG_PKT_DONE": (0, 0x540B, 0, 0, 1, 0, 0, 0),
    "TX_TOP_B_AGC_TX_BW_AGC_TX_BW": (0, 0x540C, 0, 0, 8, 0, 1, 0),
    "TX_TOP_B_AGC_TX_PWR_AGC_TX_PWR": (0, 0x540D, 0, 0, 8, 0, 1, 0),
    "TX_TOP_B_TIMEOUT_CNT_BYTE_2_TIMEOUT_CNT": (0, 0x540E, 0, 0, 8, 0, 1, 0),
    "TX_TOP_B_TIMEOUT_CNT_BYTE_1_TIMEOUT_CNT": (0, 0x540F, 0, 0, 8, 0, 1, 0),
    "TX_TOP_B_TIMEOUT_CNT_BYTE_0_TIMEOUT_CNT": (0, 0x5410, 0, 0, 8, 0, 1, 0),
    "TX_TOP_B_TX_FSM_STATUS_TX_STATUS": (0, 0x5411, 0, 0, 8, 1, 1, 0),
    "TX_TOP_B_DUMMY_CONTROL_DUMMY": (0, 0x5412, 3, 0, 1, 1, 1, 0),
    "TX_TOP_B_TX_RFFE_IF_CTRL_PLL_DIV_CTRL": (0, 0x5420, 5, 0, 3, 0, 1, 0),
    "TX_TOP_B_TX_RFFE_IF_CTRL_TX_CLK_EDGE": (0, 0x5420, 4, 0, 1, 0, 1, 1),
    "TX_TOP_B_TX_RFFE_IF_CTRL_TX_MODE": (0, 0x5420, 3, 0, 1, 0, 1, 1),
    "TX_TOP_B_TX_RFFE_IF_CTRL_TX_IF_DST": (0, 0x5420, 2, 0, 1, 0, 1, 0),
    "TX_TOP_B_TX_RFFE_IF_CTRL_TX_IF_SRC": (0, 0x5420, 0, 0, 2, 0, 1, 0),
    "TX_TOP_B_TX_RFFE_IF_CTRL2_SX125X_IQ_INVERT": (0, 0x5421, 1, 0, 1, 0, 1, 0),
    "TX_TOP_B_TX_RFFE_IF_CTRL2_PLL_DIV_CTRL_AGC": (0, 0x5421, 0, 0, 1, 0, 1, 0),
    "TX_TOP_B_TX_RFFE_IF_IQ_GAIN_IQ_GAIN": (0, 0x5422, 0, 0, 2, 0, 1, 0),
    "TX_TOP_B_TX_RFFE_IF_I_OFFSET_I_OFFSET": (0, 0x5423, 0, 0, 8, 0, 1, 0),
    "TX_TOP_B_TX_RFFE_IF_Q_OFFSET_Q_OFFSET": (0, 0x5424, 0, 0, 8, 0, 1, 0),
    "TX_TOP_B_TX_RFFE_IF_FREQ_RF_H_FREQ_RF": (0, 0x5425, 0, 0, 8, 0, 1, 108),
    "TX_TOP_B_TX_RFFE_IF_FREQ_RF_M_FREQ_RF": (0, 0x5426, 0, 0, 8, 0, 1, 144),
    "TX_TOP_B_TX_RFFE_IF_FREQ_RF_L_FREQ_RF": (0, 0x5427, 0, 0, 8, 0, 1, 0),
    "TX_TOP_B_TX_RFFE_IF_FREQ_DEV_H_FREQ_DEV": (0, 0x5428, 0, 0, 4, 0, 1, 0),
    "TX_TOP_B_TX_RFFE_IF_FREQ_DEV_L_FREQ_DEV": (0, 0x5429, 0, 0, 8, 0, 1, 0),
    "TX_TOP_B_TX_RFFE_IF_TEST_MOD_FREQ": (0, 0x542A, 0, 0, 8, 0, 1, 64),
    "TX_TOP_B_DUMMY_MODULATOR_DUMMY": (0, 0x542B, 3, 0, 1, 1, 1, 0),
    "TX_TOP_B_FSK_PKT_LEN_PKT_LENGTH": (0, 0x5440, 0, 0, 8, 0, 1, 15),
    "TX_TOP_B_FSK_CFG_0_TX_CONT": (0, 0x5441, 5, 0, 1, 0, 1, 0),
    "TX_TOP_B_FSK_CFG_0_CRC_IBM": (0, 0x5441, 4, 0, 1, 0, 1, 0),
    "TX_TOP_B_FSK_CFG_0_DCFREE_ENC": (0, 0x5441, 2, 0, 2, 0, 1, 0),
    "TX_TOP_B_FSK_CFG_0_CRC_EN": (0, 0x5441, 1, 0, 1, 0, 1, 1),
    "TX_TOP_B_FSK_CFG_0_PKT_MODE": (0, 0x5441, 0, 0, 1, 0, 1, 0),
    "TX_TOP_B_FSK_PREAMBLE_SIZE_MSB_PREAMBLE_SIZE": (0, 0x5442, 0, 0, 8, 0, 1, 0),
    "TX_TOP_B_FSK_PREAMBLE_SIZE_LSB_PREAMBLE_SIZE": (0, 0x5443, 0, 0, 8, 0, 1, 20),
    "TX_TOP_B_FSK_BIT_RATE_MSB_BIT_RATE": (0, 0x5444, 0, 0, 8, 0, 1, 26),
    "TX_TOP_B_FSK_BIT_RATE_LSB_BIT_RATE": (0, 0x5445, 0, 0, 8, 0, 1, 11),
    "TX_TOP_B_FSK_MOD_FSK_REF_PATTERN_SIZE": (0, 0x5446, 5, 0, 3, 0, 1, 3),
    "TX_TOP_B_FSK_MOD_FSK_PREAMBLE_SEQ": (0, 0x5446, 4, 0, 1, 0, 1, 0),
    "TX_TOP_B_FSK_MOD_FSK_REF_PATTERN_EN": (0, 0x5446, 3, 0, 1, 0, 1, 1),
    "TX_TOP_B_FSK_MOD_FSK_GAUSSIAN_SELECT_BT": (0, 0x5446, 1, 0, 2, 0, 1, 0),
    "TX_TOP_B_FSK_MOD_FSK_GAUSSIAN_EN": (0, 0x5446, 0, 0, 1, 0, 1, 0),
    "TX_TOP_B_FSK_REF_PATTERN_BYTE7_FSK_REF_PATTERN": (0, 0x5447, 0, 0, 8, 0, 1, 151),
    "TX_TOP_B_FSK_REF_PATTERN_BYTE6_FSK_REF_PATTERN": (0, 0x5448, 0, 0, 8, 0, 1, 35),
    "TX_TOP_B_FSK_REF_PATTERN_BYTE5_FSK_REF_PATTERN": (0, 0x5449, 0, 0, 8, 0, 1, 82),
    "TX_TOP_B_FSK_REF_PATTERN_BYTE4_FSK_REF_PATTERN": (0, 0x544A, 0, 0, 8, 0, 1, 37),
    "TX_TOP_B_FSK_REF_PATTERN_BYTE3_FSK_REF_PATTERN": (0, 0x544B, 0, 0, 8, 0, 1, 86),
    "TX_TOP_B_FSK_REF_PATTERN_BYTE2_FSK_REF_PATTERN": (0, 0x544C, 0, 0, 8, 0, 1, 83),
    "TX_TOP_B_FSK_REF_PATTERN_BYTE1_FSK_REF_PATTERN": (0, 0x544D, 0, 0, 8, 0, 1, 101),
    "TX_TOP_B_FSK_REF_PATTERN_BYTE0_FSK_REF_PATTERN": (0, 0x544E, 0, 0, 8, 0, 1, 100),
    "TX_TOP_B_DUMMY_GSFK_DUMMY": (0, 0x544F, 3, 0, 1, 1, 1, 0),
    "TX_TOP_B_TXRX_CFG0_0_MODEM_BW": (0, 0x5460, 4, 0, 4, 0, 1, 5),
    "TX_TOP_B_TXRX_CFG0_0_MODEM_SF": (0, 0x5460, 0, 0, 4, 0, 1, 7),
    "TX_TOP_B_TXRX_CFG0_1_PPM_OFFSET_HDR_CTRL": (0, 0x5461, 6, 0, 2, 0, 1, 2),
    "TX_TOP_B_TXRX_CFG0_1_PPM_OFFSET": (0, 0x5461, 4, 0, 2, 0, 1, 0),
    "TX_TOP_B_TXRX_CFG0_1_POST_PREAMBLE_GAP_LONG": (0, 0x5461, 3, 0, 1, 0, 1, 0),
    "TX_TOP_B_TXRX_CFG0_1_CODING_RATE": (0, 0x5461, 0, 0, 3, 0, 1, 2),
    "TX_TOP_B_TXRX_CFG0_2_FINE_SYNCH_EN": (0, 0x5462, 7, 0, 1, 0, 1, 0),
    "TX_TOP_B_TXRX_CFG0_2_MODEM_EN": (0, 0x5462, 6, 0, 1, 0, 1, 0),
    "TX_TOP_B_TXRX_CFG0_2_CADRXTX": (0, 0x5462, 4, 0, 2, 0, 1, 2),
    "TX_TOP_B_TXRX_CFG0_2_IMPLICIT_HEADER": (0, 0x5462, 1, 0, 1, 0, 1, 0),
    "TX_TOP_B_TXRX_CFG0_2_CRC_EN": (0, 0x5462, 0, 0, 1, 0, 1, 1),
    "TX_TOP_B_TXRX_CFG0_3_PAYLOAD_LENGTH": (0, 0x5463, 0, 0, 8, 0, 1, 12),
    "TX_TOP_B_TXRX_CFG1_0_INT_STEP_ORIDE_EN": (0, 0x5464, 7, 0, 1, 0, 1, 0),
    "TX_TOP_B_TXRX_CFG1_0_INT_STEP_ORIDE": (0, 0x5464, 0, 0, 6, 0, 1, 0),
    "TX_TOP_B_TXRX_CFG1_1_MODEM_START": (0, 0x5465, 7, 0, 1, 0, 1, 0),
    "TX_TOP_B_TXRX_CFG1_1_HEADER_DIFF_MODE": (0, 0x5465, 6, 0, 1, 0, 1, 0),
    "TX_TOP_B_TXRX_CFG1_1_ZERO_PAD": (0, 0x5465, 0, 0, 6, 0, 1, 0),
    "TX_TOP_B_TXRX_CFG1_2_PREAMBLE_SYMB_NB": (0, 0x5466, 0, 0, 8, 0, 1, 8),
    "TX_TOP_B_TXRX_CFG1_3_PREAMBLE_SYMB_NB": (0, 0x5467, 0, 0, 8, 0, 1, 0),
    "TX_TOP_B_TXRX_CFG1_4_AUTO_ACK_INT_DELAY": (0, 0x5468, 6, 0, 1, 0, 1, 1),
    "TX_TOP_B_TXRX_CFG1_4_AUTO_ACK_RX": (0, 0x5468, 5, 0, 1, 0, 1, 0),
    "TX_TOP_B_TXRX_CFG1_4_AUTO_ACK_TX": (0, 0x5468, 4, 0, 1, 0, 1, 0),
    "TX_TOP_B_TX_CFG0_0_CHIRP_LOWPASS": (0, 0x5469, 4, 0, 3, 0, 1, 0),
    "TX_TOP_B_TX_CFG0_0_PPM_OFFSET_SIG": (0, 0x5469, 3, 0, 1, 0, 1, 0),
    "TX_TOP_B_TX_CFG0_0_CONTCHIRP": (0, 0x5469, 2, 0, 1, 0, 1, 1),
    "TX_TOP_B_TX_CFG0_0_CHIRP_INVERT": (0, 0x5469, 1, 0, 1, 0, 1, 1),
    "TX_TOP_B_TX_CFG0_0_CONTINUOUS": (0, 0x5469, 0, 0, 1, 0, 1, 0),
    "TX_TOP_B_TX_CFG0_1_POWER_RANGING": (0, 0x546A, 0, 0, 6, 0, 1, 20),
    "TX_TOP_B_TX_CFG1_0_FRAME_NB": (0, 0x546B, 0, 0, 8, 0, 1, 0),
    "TX_TOP_B_TX_CFG1_1_HOP_CTRL": (0, 0x546C, 5, 0, 2, 0, 1, 0),
    "TX_TOP_B_TX_CFG1_1_IFS": (0, 0x546C, 0, 0, 5, 0, 1, 10),
    "TX_TOP_B_FRAME_SYNCH_0_AUTO_SCALE": (0, 0x546D, 7, 0, 1, 0, 1, 1),
    "TX_TOP_B_FRAME_SYNCH_0_DROP_ON_SYNCH": (0, 0x546D, 6, 0, 1, 0, 1, 0),
    "TX_TOP_B_FRAME_SYNCH_0_GAIN": (0, 0x546D, 5, 0, 1, 0, 1, 1),
    "TX_TOP_B_FRAME_SYNCH_0_PEAK1_POS": (0, 0x546D, 0, 1, 5, 0, 1, 2),
    "TX_TOP_B_FRAME_SYNCH_1_FINETIME_ON_LAST": (0, 0x546E, 7, 0, 1, 0, 1, 0),
    "TX_TOP_B_FRAME_SYNCH_1_TIMEOUT_OPT": (0, 0x546E, 5, 0, 2, 0, 1, 3),
    "TX_TOP_B_FRAME_SYNCH_1_PEAK2_POS": (0, 0x546E, 0, 1, 5, 0, 1, 4),
    "TX_TOP_B_LORA_TX_STATE_STATUS": (0, 0x546F, 0, 0, 4, 1, 1, 0),
    "TX_TOP_B_LORA_TX_FLAG_FRAME_DONE": (0, 0x5470, 2, 0, 1, 0, 0, 0),
    "TX_TOP_B_LORA_TX_FLAG_CONT_DONE": (0, 0x5470, 1, 0, 1, 0, 0, 0),
    "TX_TOP_B_LORA_TX_FLAG_PLD_DONE": (0, 0x5470, 0, 0, 1, 0, 0, 0),
    "TX_TOP_B_DUMMY_LORA_DUMMY": (0, 0x5471, 3, 0, 1, 1, 1, 0),
    "GPIO_GPIO_DIR_H_DIRECTION": (0, 0x5640, 0, 0, 4, 0, 1, 0),
    "GPIO_GPIO_DIR_L_DIRECTION": (0, 0x5641, 0, 0, 8, 0, 1, 0),
    "GPIO_GPIO_OUT_H_OUT_VALUE": (0, 0x5642, 0, 0, 4, 0, 1, 0),
    "GPIO_GPIO_OUT_L_OUT_VALUE": (0, 0x5643, 0, 0, 8, 0, 1, 0),
    "GPIO_GPIO_IN_H_IN_VALUE": (0, 0x5644, 0, 0, 4, 1, 1, 0),
    "GPIO_GPIO_IN_L_IN_VALUE": (0, 0x5645, 0, 0, 8, 1, 1, 0),
    "GPIO_GPIO_PD_H_PD_VALUE": (0, 0x5646, 0, 0, 4, 0, 1, 0),
    "GPIO_GPIO_PD_L_PD_VALUE": (0, 0x5647, 0, 0, 8, 0, 1, 0),
    "GPIO_GPIO_SEL_0_SELECTION": (0, 0x5648, 0, 0, 4, 0, 1, 0),
    "GPIO_GPIO_SEL_1_SELECTION": (0, 0x5649, 0, 0, 4, 0, 1, 0),
    "GPIO_GPIO_SEL_2_SELECTION": (0, 0x564A, 0, 0, 4, 0, 1, 0),
    "GPIO_GPIO_SEL_3_SELECTION": (0, 0x564B, 0, 0, 4, 0, 1, 0),
    "GPIO_GPIO_SEL_4_SELECTION": (0, 0x564C, 0, 0, 4, 0, 1, 0),
    "GPIO_GPIO_SEL_5_SELECTION": (0, 0x564D, 0, 0, 4, 0, 1, 0),
    "GPIO_GPIO_SEL_6_SELECTION": (0, 0x564E, 0, 0, 4, 0, 1, 0),
    "GPIO_GPIO_SEL_7_SELECTION": (0, 0x564F, 0, 0, 4, 0, 1, 0),
    "GPIO_GPIO_SEL_8_11_GPIO_11_9_SEL": (0, 0x5650, 1, 0, 4, 0, 1, 0),
    "GPIO_GPIO_SEL_8_11_GPIO_8_SEL": (0, 0x5650, 0, 0, 1, 0, 1, 0),
    "GPIO_HOST_IRQ_TX_TIMEOUT_B": (0, 0x5651, 5, 0, 1, 0, 0, 0),
    "GPIO_HOST_IRQ_TX_TIMEOUT_A": (0, 0x5651, 4, 0, 1, 0, 0, 0),
    "GPIO_HOST_IRQ_TX_DONE_B": (0, 0x5651, 3, 0, 1, 0, 0, 0),
    "GPIO_HOST_IRQ_TX_DONE_A": (0, 0x5651, 2, 0, 1, 0, 0, 0),
    "GPIO_HOST_IRQ_TIMESTAMP": (0, 0x5651, 1, 0, 1, 0, 0, 0),
    "GPIO_HOST_IRQ_RX_BUFFER_WATERMARK": (0, 0x5651, 0, 0, 1, 0, 0, 0),
    "GPIO_HOST_IRQ_EN_TX_TIMEOUT_B": (0, 0x5652, 5, 0, 1, 0, 1, 0),
    "GPIO_HOST_IRQ_EN_TX_TIMEOUT_A": (0, 0x5652, 4, 0, 1, 0, 1, 0),
    "GPIO_HOST_IRQ_EN_TX_DONE_B": (0, 0x5652, 3, 0, 1, 0, 1, 0),
    "GPIO_HOST_IRQ_EN_TX_DONE_A": (0, 0x5652, 2, 0, 1, 0, 1, 0),
    "GPIO_HOST_IRQ_EN_TIMESTAMP": (0, 0x5652, 1, 0, 1, 0, 1, 0),
    "GPIO_HOST_IRQ_EN_RX_BUFFER_WATERMARK": (0, 0x5652, 0, 0, 1, 0, 1, 0),
    "GPIO_DUMMY_DUMMY": (0, 0x5653, 0, 0, 1, 1, 1, 0),
    "TIMESTAMP_GPS_CTRL_GPS_POL": (0, 0x6100, 1, 0, 1, 0, 1, 0),
    "TIMESTAMP_GPS_CTRL_GPS_EN": (0, 0x6100, 0, 0, 1, 0, 1, 0),
    "TIMESTAMP_TIMESTAMP_PPS_MSB2_TIMESTAMP_PPS": (0, 0x6101, 0, 0, 8, 1, 1, 0),
    "TIMESTAMP_TIMESTAMP_PPS_MSB1_TIMESTAMP_PPS": (0, 0x6102, 0, 0, 8, 1, 1, 0),
    "TIMESTAMP_TIMESTAMP_PPS_LSB2_TIMESTAMP_PPS": (0, 0x6103, 0, 0, 8, 1, 1, 0),
    "TIMESTAMP_TIMESTAMP_PPS_LSB1_TIMESTAMP_PPS": (0, 0x6104, 0, 0, 8, 1, 1, 0),
    "TIMESTAMP_TIMESTAMP_MSB2_TIMESTAMP": (0, 0x6105, 0, 0, 8, 1, 1, 0),
    "TIMESTAMP_TIMESTAMP_MSB1_TIMESTAMP": (0, 0x6106, 0, 0, 8, 1, 1, 0),
    "TIMESTAMP_TIMESTAMP_LSB2_TIMESTAMP": (0, 0x6107, 0, 0, 8, 1, 1, 0),
    "TIMESTAMP_TIMESTAMP_LSB1_TIMESTAMP": (0, 0x6108, 0, 0, 8, 1, 1, 0),
    "TIMESTAMP_TIMESTAMP_SET3_TIMESTAMP": (0, 0x6109, 0, 0, 8, 0, 1, 0),
    "TIMESTAMP_TIMESTAMP_SET2_TIMESTAMP": (0, 0x610A, 0, 0, 8, 0, 1, 0),
    "TIMESTAMP_TIMESTAMP_SET1_TIMESTAMP": (0, 0x610B, 0, 0, 8, 0, 1, 0),
    "TIMESTAMP_TIMESTAMP_SET0_TIMESTAMP": (0, 0x610C, 0, 0, 8, 0, 1, 0),
    "TIMESTAMP_TIMESTAMP_IRQ_3_TIMESTAMP": (0, 0x610D, 0, 0, 8, 0, 1, 0),
    "TIMESTAMP_TIMESTAMP_IRQ_2_TIMESTAMP": (0, 0x610E, 0, 0, 8, 0, 1, 0),
    "TIMESTAMP_TIMESTAMP_IRQ_1_TIMESTAMP": (0, 0x610F, 0, 0, 8, 0, 1, 0),
    "TIMESTAMP_TIMESTAMP_IRQ_0_TIMESTAMP": (0, 0x6110, 0, 0, 8, 0, 1, 0),
    "TIMESTAMP_DUMMY_DUMMY": (0, 0x6111, 0, 0, 1, 1, 1, 0),
    "RX_TOP_FREQ_0_MSB_IF_FREQ_0": (0, 0x5800, 0, 0, 5, 0, 1, 0),
    "RX_TOP_FREQ_0_LSB_IF_FREQ_0": (0, 0x5801, 0, 0, 8, 0, 1, 128),
    "RX_TOP_FREQ_1_MSB_IF_FREQ_1": (0, 0x5802, 0, 0, 5, 0, 1, 1),
    "RX_TOP_FREQ_1_LSB_IF_FREQ_1": (0, 0x5803, 0, 0, 8, 0, 1, 128),
    "RX_TOP_FREQ_2_MSB_IF_FREQ_2": (0, 0x5804, 0, 0, 5, 0, 1, 30),
    "RX_TOP_FREQ_2_LSB_IF_FREQ_2": (0, 0x5805, 0, 0, 8, 0, 1, 128),
    "RX_TOP_FREQ_3_MSB_IF_FREQ_3": (0, 0x5806, 0, 0, 5, 0, 1, 0),
    "RX_TOP_FREQ_3_LSB_IF_FREQ_3": (0, 0x5807, 0, 0, 8, 0, 1, 128),
    "RX_TOP_FREQ_4_MSB_IF_FREQ_4": (0, 0x5808, 0, 0, 5, 0, 1, 0),
    "RX_TOP_FREQ_4_LSB_IF_FREQ_4": (0, 0x5809, 0, 0, 8, 0, 1, 50),
    "RX_TOP_FREQ_5_MSB_IF_FREQ_5": (0, 0x580A, 0, 0, 5, 0, 1, 0),
    "RX_TOP_FREQ_5_LSB_IF_FREQ_5": (0, 0x580B, 0, 0, 8, 0, 1, 60),
    "RX_TOP_FREQ_6_MSB_IF_FREQ_6": (0, 0x580C, 0, 0, 5, 0, 1, 0),
    "RX_TOP_FREQ_6_LSB_IF_FREQ_6": (0, 0x580D, 0, 0, 8, 0, 1, 70),
    "RX_TOP_FREQ_7_MSB_IF_FREQ_7": (0, 0x580E, 0, 0, 5, 0, 1, 0),
    "RX_TOP_FREQ_7_LSB_IF_FREQ_7": (0, 0x580F, 0, 0, 8, 0, 1, 80),
    "RX_TOP_RADIO_SELECT_RADIO_SELECT": (0, 0x5810, 0, 0, 8, 0, 1, 0),
    "RX_TOP_RSSI_CONTROL_RSSI_FILTER_ALPHA": (0, 0x5811, 3, 0, 5, 0, 1, 7),
    "RX_TOP_RSSI_CONTROL_SELECT_RSSI": (0, 0x5811, 0, 0, 3, 0, 1, 0),
    "RX_TOP_RSSI_DEF_VALUE_CHAN_RSSI_DEF_VALUE": (0, 0x5812, 0, 0, 8, 0, 1, 0),
    "RX_TOP_CHANN_DAGC_CFG1_CHAN_DAGC_THRESHOLD_HIGH": (0, 0x5813, 0, 0, 8, 0, 1, 0),
    "RX_TOP_CHANN_DAGC_CFG2_CHAN_DAGC_THRESHOLD_LOW": (0, 0x5814, 0, 0, 8, 0, 1, 0),
    "RX_TOP_CHANN_DAGC_CFG3_CHAN_DAGC_MAX_ATTEN": (0, 0x5815, 4, 0, 4, 0, 1, 15),
    "RX_TOP_CHANN_DAGC_CFG3_CHAN_DAGC_MIN_ATTEN": (0, 0x5815, 0, 0, 4, 0, 1, 0),
    "RX_TOP_CHANN_DAGC_CFG4_CHAN_DAGC_STEP": (0, 0x5816, 0, 0, 4, 0, 1, 0),
    "RX_TOP_CHANN_DAGC_CFG5_CHAN_DAGC_MODE": (0, 0x5817, 0, 0, 2, 0, 1, 0),
    "RX_TOP_RSSI_VALUE_CHAN_RSSI": (0, 0x5818, 0, 0, 8, 1, 1, 0),
    "RX_TOP_GAIN_CONTROL_CHAN_GAIN_VALID": (0, 0x5819, 4, 0, 1, 0, 1, 0),
    "RX_TOP_GAIN_CONTROL_CHAN_GAIN": (0, 0x5819, 0, 0, 4, 0, 1, 0),
    "RX_TOP_CLK_CONTROL_CHAN_CLK_EN": (0, 0x581A, 0, 0, 1, 0, 1, 1),
    "RX_TOP_DUMMY0_DUMMY0": (0, 0x581B, 0, 0, 1, 1, 1, 0),
    "RX_TOP_CORR_CLOCK_ENABLE_CLK_EN": (0, 0x5820, 0, 0, 8, 0, 1, 255),
    "RX_TOP_CORRELATOR_EN_CORR_EN": (0, 0x5821, 0, 0, 8, 0, 1, 0),
    "RX_TOP_CORRELATOR_SF_EN_CORR_SF_EN": (0, 0x5822, 0, 0, 8, 0, 1, 255),
    "RX_TOP_CORRELATOR_ENABLE_ONLY_FIRST_DET_EDGE_ENABLE_ONLY_FIRST_DET_EDGE": (0, 0x5823, 0, 0, 8, 0, 1, 255),
    "RX_TOP_CORRELATOR_ENABLE_ACC_CLEAR_ENABLE_CORR_ACC_CLEAR": (0, 0x5824, 0, 0, 8, 0, 1, 255),
    "RX_TOP_SF5_CFG1_ACC_WIN_LEN": (0, 0x5825, 6, 0, 2, 0, 1, 2),
    "RX_TOP_SF5_CFG1_ACC_PEAK_SUM_EN": (0, 0x5825, 5, 0, 1, 0, 1, 1),
    "RX_TOP_SF5_CFG1_ACC_PEAK_POS_SEL": (0, 0x5825, 4, 0, 1, 0, 1, 1),
    "RX_TOP_SF5_CFG1_ACC_COEFF": (0, 0x5825, 2, 0, 2, 0, 1, 2),
    "RX_TOP_SF5_CFG1_ACC_AUTO_RESCALE": (0, 0x5825, 1, 0, 1, 0, 1, 1),
    "RX_TOP_SF5_CFG1_ACC_2_SAME_PEAKS": (0, 0x5825, 0, 0, 1, 0, 1, 1),
    "RX_TOP_SF5_CFG2_ACC_MIN2": (0, 0x5826, 7, 0, 1, 0, 1, 0),
    "RX_TOP_SF5_CFG2_ACC_PNR": (0, 0x5826, 0, 0, 7, 0, 1, 55),
    "RX_TOP_SF5_CFG3_MIN_SINGLE_PEAK": (0, 0x5827, 0, 0, 8, 0, 1, 11),
    "RX_TOP_SF5_CFG4_MSP_PNR": (0, 0x5828, 0, 0, 7, 0, 1, 32),
    "RX_TOP_SF5_CFG5_MSP2_PNR": (0, 0x5829, 0, 0, 7, 0, 1, 48),
    "RX_TOP_SF5_CFG6_MSP_PEAK_NB": (0, 0x582A, 3, 0, 3, 0, 1, 5),
    "RX_TOP_SF5_CFG6_MSP_CNT_MODE": (0, 0x582A, 1, 0, 2, 0, 1, 1),
    "RX_TOP_SF5_CFG6_MSP_POS_SEL": (0, 0x582A, 0, 0, 1, 0, 1, 1),
    "RX_TOP_SF5_CFG7_MSP2_PEAK_NB": (0, 0x582B, 2, 0, 3, 0, 1, 5),
    "RX_TOP_SF5_CFG7_NOISE_COEFF": (0, 0x582B, 0, 0, 2, 0, 1, 2),
    "RX_TOP_SF6_CFG1_ACC_WIN_LEN": (0, 0x582C, 6, 0, 2, 0, 1, 2),
    "RX_TOP_SF6_CFG1_ACC_PEAK_SUM_EN": (0, 0x582C, 5, 0, 1, 0, 1, 1),
    "RX_TOP_SF6_CFG1_ACC_PEAK_POS_SEL": (0, 0x582C, 4, 0, 1, 0, 1, 1),
    "RX_TOP_SF6_CFG1_ACC_COEFF": (0, 0x582C, 2, 0, 2, 0, 1, 2),
    "RX_TOP_SF6_CFG1_ACC_AUTO_RESCALE": (0, 0x582C, 1, 0, 1, 0, 1, 1),
    "RX_TOP_SF6_CFG1_ACC_2_SAME_PEAKS": (0, 0x582C, 0, 0, 1, 0, 1, 1),
    "RX_TOP_SF6_CFG2_ACC_MIN2": (0, 0x582D, 7, 0, 1, 0, 1, 0),
    "RX_TOP_SF6_CFG2_ACC_PNR": (0, 0x582D, 0, 0, 7, 0, 1, 55),
    "RX_TOP_SF6_CFG3_MIN_SINGLE_PEAK": (0, 0x582E, 0, 0, 8, 0, 1, 11),
    "RX_TOP_SF6_CFG4_MSP_PNR": (0, 0x582F, 0, 0, 7, 0, 1, 32),
    "RX_TOP_SF6_CFG5_MSP2_PNR": (0, 0x5830, 0, 0, 7, 0, 1, 48),
    "RX_TOP_SF6_CFG6_MSP_PEAK_NB": (0, 0x5831, 3, 0, 3, 0, 1, 4),
    "RX_TOP_SF6_CFG6_MSP_CNT_MODE": (0, 0x5831, 1, 0, 2, 0, 1, 1),
    "RX_TOP_SF6_CFG6_MSP_POS_SEL": (0, 0x5831, 0, 0, 1, 0, 1, 1),
    "RX_TOP_SF6_CFG7_MSP2_PEAK_NB": (0, 0x5832, 2, 0, 3, 0, 1, 5),
    "RX_TOP_SF6_CFG7_NOISE_COEFF": (0, 0x5832, 0, 0, 2, 0, 1, 2),
    "RX_TOP_SF7_CFG1_ACC_WIN_LEN": (0, 0x5833, 6, 0, 2, 0, 1, 2),
    "RX_TOP_SF7_CFG1_ACC_PEAK_SUM_EN": (0, 0x5833, 5, 0, 1, 0, 1, 1),
    "RX_TOP_SF7_CFG1_ACC_PEAK_POS_SEL": (0, 0x5833, 4, 0, 1, 0, 1, 1),
    "RX_TOP_SF7_CFG1_ACC_COEFF": (0, 0x5833, 2, 0, 2, 0, 1, 2),
    "RX_TOP_SF7_CFG1_ACC_AUTO_RESCALE": (0, 0x5833, 1, 0, 1, 0, 1, 1),
    "RX_TOP_SF7_CFG1_ACC_2_SAME_PEAKS": (0, 0x5833, 0, 0, 1, 0, 1, 1),
    "RX_TOP_SF7_CFG2_ACC_MIN2": (0, 0x5834, 7, 0, 1, 0, 1, 0),
    "RX_TOP_SF7_CFG2_ACC_PNR": (0, 0x5834, 0, 0, 7, 0, 1, 55),
    "RX_TOP_SF7_CFG3_MIN_SINGLE_PEAK": (0, 0x5835, 0, 0, 8, 0, 1, 11),
    "RX_TOP_SF7_CFG4_MSP_PNR": (0, 0x5836, 0, 0, 7, 0, 1, 32),
    "RX_TOP_SF7_CFG5_MSP2_PNR": (0, 0x5837, 0, 0, 7, 0, 1, 48),
    "RX_TOP_SF7_CFG6_MSP_PEAK_NB": (0, 0x5838, 3, 0, 3, 0, 1, 3),
    "RX_TOP_SF7_CFG6_MSP_CNT_MODE": (0, 0x5838, 1, 0, 2, 0, 1, 1),
    "RX_TOP_SF7_CFG6_MSP_POS_SEL": (0, 0x5838, 0, 0, 1, 0, 1, 1),
    "RX_TOP_SF7_CFG7_MSP2_PEAK_NB": (0, 0x5839, 2, 0, 3, 0, 1, 5),
    "RX_TOP_SF7_CFG7_NOISE_COEFF": (0, 0x5839, 0, 0, 2, 0, 1, 2),
    "RX_TOP_SF8_CFG1_ACC_WIN_LEN": (0, 0x583A, 6, 0, 2, 0, 1, 2),
    "RX_TOP_SF8_CFG1_ACC_PEAK_SUM_EN": (0, 0x583A, 5, 0, 1, 0, 1, 1),
    "RX_TOP_SF8_CFG1_ACC_PEAK_POS_SEL": (0, 0x583A, 4, 0, 1, 0, 1, 1),
    "RX_TOP_SF8_CFG1_ACC_COEFF": (0, 0x583A, 2, 0, 2, 0, 1, 2),
    "RX_TOP_SF8_CFG1_ACC_AUTO_RESCALE": (0, 0x583A, 1, 0, 1, 0, 1, 1),
    "RX_TOP_SF8_CFG1_ACC_2_SAME_PEAKS": (0, 0x583A, 0, 0, 1, 0, 1, 1),
    "RX_TOP_SF8_CFG2_ACC_MIN2": (0, 0x583B, 7, 0, 1, 0, 1, 0),
    "RX_TOP_SF8_CFG2_ACC_PNR": (0, 0x583B, 0, 0, 7, 0, 1, 56),
    "RX_TOP_SF8_CFG3_MIN_SINGLE_PEAK": (0, 0x583C, 0, 0, 8, 0, 1, 11),
    "RX_TOP_SF8_CFG4_MSP_PNR": (0, 0x583D, 0, 0, 7, 0, 1, 32),
    "RX_TOP_SF8_CFG5_MSP2_PNR": (0, 0x583E, 0, 0, 7, 0, 1, 48),
    "RX_TOP_SF8_CFG6_MSP_PEAK_NB": (0, 0x583F, 3, 0, 3, 0, 1, 3),
    "RX_TOP_SF8_CFG6_MSP_CNT_MODE": (0, 0x583F, 1, 0, 2, 0, 1, 1),
    "RX_TOP_SF8_CFG6_MSP_POS_SEL": (0, 0x583F, 0, 0, 1, 0, 1, 1),
    "RX_TOP_SF8_CFG7_MSP2_PEAK_NB": (0, 0x5840, 2, 0, 3, 0, 1, 5),
    "RX_TOP_SF8_CFG7_NOISE_COEFF": (0, 0x5840, 0, 0, 2, 0, 1, 2),
    "RX_TOP_SF9_CFG1_ACC_WIN_LEN": (0, 0x5841, 6, 0, 2, 0, 1, 2),
    "RX_TOP_SF9_CFG1_ACC_PEAK_SUM_EN": (0, 0x5841, 5, 0, 1, 0, 1, 1),
    "RX_TOP_SF9_CFG1_ACC_PEAK_POS_SEL": (0, 0x5841, 4, 0, 1, 0, 1, 1),
    "RX_TOP_SF9_CFG1_ACC_COEFF": (0, 0x5841, 2, 0, 2, 0, 1, 2),
    "RX_TOP_SF9_CFG1_ACC_AUTO_RESCALE": (0, 0x5841, 1, 0, 1, 0, 1, 1),
    "RX_TOP_SF9_CFG1_ACC_2_SAME_PEAKS": (0, 0x5841, 0, 0, 1, 0, 1, 1),
    "RX_TOP_SF9_CFG2_ACC_MIN2": (0, 0x5842, 7, 0, 1, 0, 1, 0),
    "RX_TOP_SF9_CFG2_ACC_PNR": (0, 0x5842, 0, 0, 7, 0, 1, 58),
    "RX_TOP_SF9_CFG3_MIN_SINGLE_PEAK": (0, 0x5843, 0, 0, 8, 0, 1, 11),
    "RX_TOP_SF9_CFG4_MSP_PNR": (0, 0x5844, 0, 0, 7, 0, 1, 32),
    "RX_TOP_SF9_CFG5_MSP2_PNR": (0, 0x5845, 0, 0, 7, 0, 1, 48),
    "RX_TOP_SF9_CFG6_MSP_PEAK_NB": (0, 0x5846, 3, 0, 3, 0, 1, 3),
    "RX_TOP_SF9_CFG6_MSP_CNT_MODE": (0, 0x5846, 1, 0, 2, 0, 1, 1),
    "RX_TOP_SF9_CFG6_MSP_POS_SEL": (0, 0x5846, 0, 0, 1, 0, 1, 1),
    "RX_TOP_SF9_CFG7_MSP2_PEAK_NB": (0, 0x5847, 2, 0, 3, 0, 1, 5),
    "RX_TOP_SF9_CFG7_NOISE_COEFF": (0, 0x5847, 0, 0, 2, 0, 1, 2),
    "RX_TOP_SF10_CFG1_ACC_WIN_LEN": (0, 0x5848, 6, 0, 2, 0, 1, 2),
    "RX_TOP_SF10_CFG1_ACC_PEAK_SUM_EN": (0, 0x5848, 5, 0, 1, 0, 1, 1),
    "RX_TOP_SF10_CFG1_ACC_PEAK_POS_SEL": (0, 0x5848, 4, 0, 1, 0, 1, 1),
    "RX_TOP_SF10_CFG1_ACC_COEFF": (0, 0x5848, 2, 0, 2, 0, 1, 2),
    "RX_TOP_SF10_CFG1_ACC_AUTO_RESCALE": (0, 0x5848, 1, 0, 1, 0, 1, 1),
    "RX_TOP_SF10_CFG1_ACC_2_SAME_PEAKS": (0, 0x5848, 0, 0, 1, 0, 1, 1),
    "RX_TOP_SF10_CFG2_ACC_MIN2": (0, 0x5849, 7, 0, 1, 0, 1, 0),
    "RX_TOP_SF10_CFG2_ACC_PNR": (0, 0x5849, 0, 0, 7, 0, 1, 60),
    "RX_TOP_SF10_CFG3_MIN_SINGLE_PEAK": (0, 0x584A, 0, 0, 8, 0, 1, 11),
    "RX_TOP_SF10_CFG4_MSP_PNR": (0, 0x584B, 0, 0, 7, 0, 1, 32),
    "RX_TOP_SF10_CFG5_MSP2_PNR": (0, 0x584C, 0, 0, 7, 0, 1, 48),
    "RX_TOP_SF10_CFG6_MSP_PEAK_NB": (0, 0x584D, 3, 0, 3, 0, 1, 3),
    "RX_TOP_SF10_CFG6_MSP_CNT_MODE": (0, 0x584D, 1, 0, 2, 0, 1, 1),
    "RX_TOP_SF10_CFG6_MSP_POS_SEL": (0, 0x584D, 0, 0, 1, 0, 1, 1),
    "RX_TOP_SF10_CFG7_MSP2_PEAK_NB": (0, 0x584E, 2, 0, 3, 0, 1, 5),
    "RX_TOP_SF10_CFG7_NOISE_COEFF": (0, 0x584E, 0, 0, 2, 0, 1, 2),
    "RX_TOP_SF11_CFG1_ACC_WIN_LEN": (0, 0x584F, 6, 0, 2, 0, 1, 2),
    "RX_TOP_SF11_CFG1_ACC_PEAK_SUM_EN": (0, 0x584F, 5, 0, 1, 0, 1, 1),
    "RX_TOP_SF11_CFG1_ACC_PEAK_POS_SEL": (0, 0x584F, 4, 0, 1, 0, 1, 1),
    "RX_TOP_SF11_CFG1_ACC_COEFF": (0, 0x584F, 2, 0, 2, 0, 1, 2),
    "RX_TOP_SF11_CFG1_ACC_AUTO_RESCALE": (0, 0x584F, 1, 0, 1, 0, 1, 1),
    "RX_TOP_SF11_CFG1_ACC_2_SAME_PEAKS": (0, 0x584F, 0, 0, 1, 0, 1, 1),
    "RX_TOP_SF11_CFG2_ACC_MIN2": (0, 0x5850, 7, 0, 1, 0, 1, 0),
    "RX_TOP_SF11_CFG2_ACC_PNR": (0, 0x5850, 0, 0, 7, 0, 1, 60),
    "RX_TOP_SF11_CFG3_MIN_SINGLE_PEAK": (0, 0x5851, 0, 0, 8, 0, 1, 11),
    "RX_TOP_SF11_CFG4_MSP_PNR": (0, 0x5852, 0, 0, 7, 0, 1, 32),
    "RX_TOP_SF11_CFG5_MSP2_PNR": (0, 0x5853, 0, 0, 7, 0, 1, 48),
    "RX_TOP_SF11_CFG6_MSP_PEAK_NB": (0, 0x5854, 3, 0, 3, 0, 1, 3),
    "RX_TOP_SF11_CFG6_MSP_CNT_MODE": (0, 0x5854, 1, 0, 2, 0, 1, 1),
    "RX_TOP_SF11_CFG6_MSP_POS_SEL": (0, 0x5854, 0, 0, 1, 0, 1, 1),
    "RX_TOP_SF11_CFG7_MSP2_PEAK_NB": (0, 0x5855, 2, 0, 3, 0, 1, 5),
    "RX_TOP_SF11_CFG7_NOISE_COEFF": (0, 0x5855, 0, 0, 2, 0, 1, 2),
    "RX_TOP_SF12_CFG1_ACC_WIN_LEN": (0, 0x5856, 6, 0, 2, 0, 1, 2),
    "RX_TOP_SF12_CFG1_ACC_PEAK_SUM_EN": (0, 0x5856, 5, 0, 1, 0, 1, 1),
    "RX_TOP_SF12_CFG1_ACC_PEAK_POS_SEL": (0, 0x5856, 4, 0, 1, 0, 1, 1),
    "RX_TOP_SF12_CFG1_ACC_COEFF": (0, 0x5856, 2, 0, 2, 0, 1, 2),
    "RX_TOP_SF12_CFG1_ACC_AUTO_RESCALE": (0, 0x5856, 1, 0, 1, 0, 1, 1),
    "RX_TOP_SF12_CFG1_ACC_2_SAME_PEAKS": (0, 0x5856, 0, 0, 1, 0, 1, 1),
    "RX_TOP_SF12_CFG2_ACC_MIN2": (0, 0x5857, 7, 0, 1, 0, 1, 0),
    "RX_TOP_SF12_CFG2_ACC_PNR": (0, 0x5857, 0, 0, 7, 0, 1, 60),
    "RX_TOP_SF12_CFG3_MIN_SINGLE_PEAK": (0, 0x5858, 0, 0, 8, 0, 1, 11),
    "RX_TOP_SF12_CFG4_MSP_PNR": (0, 0x5859, 0, 0, 7, 0, 1, 32),
    "RX_TOP_SF12_CFG5_MSP2_PNR": (0, 0x585A, 0, 0, 7, 0, 1, 48),
    "RX_TOP_SF12_CFG6_MSP_PEAK_NB": (0, 0x585B, 3, 0, 3, 0, 1, 3),
    "RX_TOP_SF12_CFG6_MSP_CNT_MODE": (0, 0x585B, 1, 0, 2, 0, 1, 1),
    "RX_TOP_SF12_CFG6_MSP_POS_SEL": (0, 0x585B, 0, 0, 1, 0, 1, 1),
    "RX_TOP_SF12_CFG7_MSP2_PEAK_NB": (0, 0x585C, 2, 0, 3, 0, 1, 5),
    "RX_TOP_SF12_CFG7_NOISE_COEFF": (0, 0x585C, 0, 0, 2, 0, 1, 2),
    "RX_TOP_DUMMY1_DUMMY1": (0, 0x585D, 0, 0, 1, 1, 1, 0),
    "RX_TOP_DC_NOTCH_CFG1_BW_START": (0, 0x5860, 4, 0, 3, 0, 1, 0),
    "RX_TOP_DC_NOTCH_CFG1_AUTO_BW_RED": (0, 0x5860, 3, 0, 1, 0, 1, 1),
    "RX_TOP_DC_NOTCH_CFG1_NO_FAST_START": (0, 0x5860, 2, 0, 1, 0, 1, 0),
    "RX_TOP_DC_NOTCH_CFG1_BYPASS": (0, 0x5860, 1, 0, 1, 0, 1, 0),
    "RX_TOP_DC_NOTCH_CFG1_ENABLE": (0, 0x5860, 0, 0, 1, 0, 1, 0),
    "RX_TOP_DC_NOTCH_CFG2_BW_LOCKED": (0, 0x5861, 3, 0, 3, 0, 1, 1),
    "RX_TOP_DC_NOTCH_CFG2_BW": (0, 0x5861, 0, 0, 3, 0, 1, 5),
    "RX_TOP_DC_NOTCH_CFG3_BW_RED": (0, 0x5862, 0, 0, 3, 0, 1, 0),
    "RX_TOP_DC_NOTCH_CFG4_IIR_DCC_TIME": (0, 0x5863, 0, 0, 8, 0, 1, 0),
    "RX_TOP_RX_DFE_FIR1_0_FIR1_COEFF_0": (0, 0x5864, 0, 1, 8, 0, 1, 2),
    "RX_TOP_RX_DFE_FIR1_1_FIR1_COEFF_1": (0, 0x5865, 0, 1, 8, 0, 1, 3),
    "RX_TOP_RX_DFE_FIR1_2_FIR1_COEFF_2": (0, 0x5866, 0, 1, 8, 0, 1, 2),
    "RX_TOP_RX_DFE_FIR1_3_FIR1_COEFF_3": (0, 0x5867, 0, 1, 8, 0, 1, 3),
    "RX_TOP_RX_DFE_FIR1_4_FIR1_COEFF_4": (0, 0x5868, 0, 1, 8, 0, 1, 5),
    "RX_TOP_RX_DFE_FIR1_5_FIR1_COEFF_5": (0, 0x5869, 0, 1, 8, 0, 1, 8),
    "RX_TOP_RX_DFE_FIR1_6_FIR1_COEFF_6": (0, 0x586A, 0, 1, 8, 0, 1, 6),
    "RX_TOP_RX_DFE_FIR1_7_FIR1_COEFF_7": (0, 0x586B, 0, 1, 8, 0, 1, 4),
    "RX_TOP_RX_DFE_FIR2_0_FIR2_COEFF_0": (0, 0x586C, 0, 1, 8, 0, 1, 2),
    "RX_TOP_RX_DFE_FIR2_1_FIR2_COEFF_1": (0, 0x586D, 0, 1, 8, 0, 1, -2),
    "RX_TOP_RX_DFE_FIR2_2_FIR2_COEFF_2": (0, 0x586E, 0, 1, 8, 0, 1, -4),
    "RX_TOP_RX_DFE_FIR2_3_FIR2_COEFF_3": (0, 0x586F, 0, 1, 8, 0, 1, -3),
    "RX_TOP_RX_DFE_FIR2_4_FIR2_COEFF_4": (0, 0x5870, 0, 1, 8, 0, 1, 3),
    "RX_TOP_RX_DFE_FIR2_5_FIR2_COEFF_5": (0, 0x5871, 0, 1, 8, 0, 1, 11),
    "RX_TOP_RX_DFE_FIR2_6_FIR2_COEFF_6": (0, 0x5872, 0, 1, 8, 0, 1, 19),
    "RX_TOP_RX_DFE_FIR2_7_FIR2_COEFF_7": (0, 0x5873, 0, 1, 8, 0, 1, 10),
    "RX_TOP_RX_DFE_AGC0_RADIO_GAIN_RED_SEL": (0, 0x5874, 7, 0, 1, 0, 1, 0),
    "RX_TOP_RX_DFE_AGC0_RADIO_GAIN_RED_DB": (0, 0x5874, 0, 0, 7, 0, 1, 0),
    "RX_TOP_RX_DFE_AGC1_DC_COMP_EN": (0, 0x5875, 4, 0, 1, 0, 1, 0),
    "RX_TOP_RX_DFE_AGC1_FORCE_DEFAULT_FIR": (0, 0x5875, 3, 0, 1, 0, 1, 0),
    "RX_TOP_RX_DFE_AGC1_RSSI_EARLY_LATCH": (0, 0x5875, 2, 0, 1, 0, 1, 1),
    "RX_TOP_RX_DFE_AGC1_FREEZE_ON_SYNC": (0, 0x5875, 0, 0, 2, 0, 1, 3),
    "RX_TOP_RX_DFE_AGC2_DAGC_IN_COMP": (0, 0x5876, 6, 0, 1, 0, 1, 0),
    "RX_TOP_RX_DFE_AGC2_DAGC_FIR_HYST": (0, 0x5876, 5, 0, 1, 0, 1, 1),
    "RX_TOP_RX_DFE_AGC2_RSSI_MAX_SAMPLE": (0, 0x5876, 3, 0, 2, 0, 1, 1),
    "RX_TOP_RX_DFE_AGC2_RSSI_MIN_SAMPLE": (0, 0x5876, 0, 0, 3, 0, 1, 2),
    "RX_TOP_RX_DFE_GAIN0_DAGC_FIR_FAST": (0, 0x5877, 7, 0, 1, 0, 1, 0),
    "RX_TOP_RX_DFE_GAIN0_FORCE_GAIN_FIR": (0, 0x5877, 6, 0, 1, 0, 1, 0),
    "RX_TOP_RX_DFE_GAIN0_GAIN_FIR1": (0, 0x5877, 4, 0, 2, 0, 1, 3),
    "RX_TOP_RX_DFE_GAIN0_GAIN_FIR2": (0, 0x5877, 0, 0, 3, 0, 1, 1),
    "RX_TOP_DAGC_CFG_TARGET_LVL": (0, 0x5878, 6, 0, 2, 0, 1, 0),
    "RX_TOP_DAGC_CFG_GAIN_INCR_STEP": (0, 0x5878, 5, 0, 1, 0, 1, 0),
    "RX_TOP_DAGC_CFG_GAIN_DROP_COMP": (0, 0x5878, 4, 0, 1, 0, 1, 0),
    "RX_TOP_DAGC_CFG_COMB_FILTER_EN": (0, 0x5878, 3, 0, 1, 0, 1, 1),
    "RX_TOP_DAGC_CFG_NO_FREEZE_START": (0, 0x5878, 2, 0, 1, 0, 1, 0),
    "RX_TOP_DAGC_CFG_FREEZE_ON_SYNC": (0, 0x5878, 0, 0, 2, 0, 1, 3),
    "RX_TOP_DAGC_CNT0_SAMPLE": (0, 0x5879, 0, 0, 8, 0, 1, 60),
    "RX_TOP_DAGC_CNT1_THR_M6": (0, 0x587A, 0, 0, 8, 0, 1, 6),
    "RX_TOP_DAGC_CNT2_THR_M12": (0, 0x587B, 0, 0, 8, 0, 1, 25),
    "RX_TOP_DAGC_CNT3_THR_M18": (0, 0x587C, 0, 0, 8, 0, 1, 42),
    "RX_TOP_DAGC_CNT4_GAIN": (0, 0x587D, 4, 0, 4, 0, 1, 8),
    "RX_TOP_DAGC_CNT4_FORCE_GAIN": (0, 0x587D, 0, 0, 1, 0, 1, 0),
    "RX_TOP_TXRX_CFG1_PPM_OFFSET_HDR_CTRL": (0, 0x587E, 6, 0, 2, 0, 1, 2),
    "RX_TOP_TXRX_CFG1_PPM_OFFSET": (0, 0x587E, 4, 0, 2, 0, 1, 0),
    "RX_TOP_TXRX_CFG1_MODEM_EN": (0, 0x587E, 3, 0, 1, 0, 1, 0),
    "RX_TOP_TXRX_CFG1_CODING_RATE": (0, 0x587E, 0, 0, 3, 0, 1, 2),
    "RX_TOP_TXRX_CFG2_MODEM_START": (0, 0x587F, 4, 0, 1, 0, 0, 0),
    "RX_TOP_TXRX_CFG2_CADRXTX": (0, 0x587F, 2, 0, 2, 0, 1, 1),
    "RX_TOP_TXRX_CFG2_IMPLICIT_HEADER": (0, 0x587F, 1, 0, 1, 0, 1, 0),
    "RX_TOP_TXRX_CFG2_CRC_EN": (0, 0x587F, 0, 0, 1, 0, 1, 1),
    "RX_TOP_TXRX_CFG3_PAYLOAD_LENGTH": (0, 0x5880, 0, 0, 8, 0, 1, 12),
    "RX_TOP_TXRX_CFG4_INT_STEP_ORIDE_EN": (0, 0x5881, 7, 0, 1, 0, 1, 0),
    "RX_TOP_TXRX_CFG4_INT_STEP_ORIDE": (0, 0x5881, 0, 0, 6, 0, 1, 0),
    "RX_TOP_TXRX_CFG5_HEADER_DIFF_MODE": (0, 0x5882, 6, 0, 1, 0, 1, 0),
    "RX_TOP_TXRX_CFG5_ZERO_PAD": (0, 0x5882, 0, 0, 6, 0, 1, 0),
    "RX_TOP_TXRX_CFG6_PREAMBLE_SYMB_NB": (0, 0x5883, 0, 0, 8, 0, 1, 8),
    "RX_TOP_TXRX_CFG7_PREAMBLE_SYMB_NB": (0, 0x5884, 0, 0, 8, 0, 1, 0),
    "RX_TOP_TXRX_CFG8_AUTO_ACK_INT_DELAY": (0, 0x5885, 3, 0, 1, 0, 1, 1),
    "RX_TOP_TXRX_CFG8_AUTO_ACK_RX": (0, 0x5885, 2, 0, 1, 0, 1, 0),
    "RX_TOP_TXRX_CFG8_AUTO_ACK_TX": (0, 0x5885, 1, 0, 1, 0, 1, 0),
    "RX_TOP_TXRX_CFG8_POST_PREAMBLE_GAP_LONG": (0, 0x5885, 0, 0, 1, 0, 1, 0),
    "RX_TOP_TXRX_CFG9_FINE_SYNCH_EN_SF12": (0, 0x5886, 7, 0, 1, 0, 1, 0),
    "RX_TOP_TXRX_CFG9_FINE_SYNCH_EN_SF11": (0, 0x5886, 6, 0, 1, 0, 1, 0),
    "RX_TOP_TXRX_CFG9_FINE_SYNCH_EN_SF10": (0, 0x5886, 5, 0, 1, 0, 1, 0),
    "RX_TOP_TXRX_CFG9_FINE_SYNCH_EN_SF9": (0, 0x5886, 4, 0, 1, 0, 1, 0),
    "RX_TOP_TXRX_CFG9_FINE_SYNCH_EN_SF8": (0, 0x5886, 3, 0, 1, 0, 1, 0),
    "RX_TOP_TXRX_CFG9_FINE_SYNCH_EN_SF7": (0, 0x5886, 2, 0, 1, 0, 1, 0),
    "RX_TOP_TXRX_CFG9_FINE_SYNCH_EN_SF6": (0, 0x5886, 1, 0, 1, 0, 1, 1),
    "RX_TOP_TXRX_CFG9_FINE_SYNCH_EN_SF5": (0, 0x5886, 0, 0, 1, 0, 1, 1),
    "RX_TOP_RX_CFG0_DFT_PEAK_EN": (0, 0x5887, 4, 0, 2, 0, 1, 3),
    "RX_TOP_RX_CFG0_CHIRP_INVERT": (0, 0x5887, 2, 0, 1, 0, 1, 1),
    "RX_TOP_RX_CFG0_SWAP_IQ": (0, 0x5887, 1, 0, 1, 0, 1, 0),
    "RX_TOP_RX_CFG0_CONTINUOUS": (0, 0x5887, 0, 0, 1, 0, 1, 0),
    "RX_TOP_RX_CFG1_DETECT_TIMEOUT": (0, 0x5888, 0, 0, 8, 0, 1, 0),
    "RX_TOP_RX_CFG2_CLK_EN_RESYNC_DIN": (0, 0x5889, 4, 0, 1, 0, 1, 1),
    "RX_TOP_RX_CFG2_LLR_SCALE": (0, 0x5889, 0, 0, 4, 0, 1, 11),
    "RX_TOP_FRAME_SYNCH0_SF5_PEAK1_POS_SF5": (0, 0x588A, 0, 1, 5, 0, 1, 2),
    "RX_TOP_FRAME_SYNCH1_SF5_PEAK2_POS_SF5": (0, 0x588B, 0, 1, 5, 0, 1, 4),
    "RX_TOP_FRAME_SYNCH0_SF6_PEAK1_POS_SF6": (0, 0x588C, 0, 1, 5, 0, 1, 2),
    "RX_TOP_FRAME_SYNCH1_SF6_PEAK2_POS_SF6": (0, 0x588D, 0, 1, 5, 0, 1, 4),
    "RX_TOP_FRAME_SYNCH0_SF7TO12_PEAK1_POS_SF7TO12": (0, 0x588E, 0, 1, 5, 0, 1, 2),
    "RX_TOP_FRAME_SYNCH1_SF7TO12_PEAK2_POS_SF7TO12": (0, 0x588F, 0, 1, 5, 0, 1, 4),
    "RX_TOP_FRAME_SYNCH2_FINETIME_ON_LAST": (0, 0x5890, 5, 0, 1, 0, 1, 0),
    "RX_TOP_FRAME_SYNCH2_AUTO_SCALE": (0, 0x5890, 4, 0, 1, 0, 1, 1),
    "RX_TOP_FRAME_SYNCH2_DROP_ON_SYNCH": (0, 0x5890, 3, 0, 1, 0, 1, 0),
    "RX_TOP_FRAME_SYNCH2_GAIN": (0, 0x5890, 2, 0, 1, 0, 1, 1),
    "RX_TOP_FRAME_SYNCH2_TIMEOUT_OPT": (0, 0x5890, 0, 0, 2, 0, 1, 3),
    "RX_TOP_FINE_TIMING_A_0_GAIN_P_HDR_RED": (0, 0x5891, 7, 0, 1, 0, 1, 1),
    "RX_TOP_FINE_TIMING_A_0_ROUNDING": (0, 0x5891, 6, 0, 1, 0, 1, 0),
    "RX_TOP_FINE_TIMING_A_0_POS_LIMIT": (0, 0x5891, 4, 0, 2, 0, 1, 0),
    "RX_TOP_FINE_TIMING_A_0_SUM_SIZE": (0, 0x5891, 2, 0, 2, 0, 1, 0),
    "RX_TOP_FINE_TIMING_A_0_MODE": (0, 0x5891, 0, 0, 2, 0, 1, 3),
    "RX_TOP_FINE_TIMING_A_1_GAIN_P_AUTO": (0, 0x5892, 6, 0, 2, 0, 1, 1),
    "RX_TOP_FINE_TIMING_A_1_GAIN_P_PAYLOAD": (0, 0x5892, 3, 0, 3, 0, 1, 2),
    "RX_TOP_FINE_TIMING_A_1_GAIN_P_PREAMB": (0, 0x5892, 0, 0, 3, 0, 1, 6),
    "RX_TOP_FINE_TIMING_A_2_GAIN_I_AUTO": (0, 0x5893, 6, 0, 2, 0, 1, 3),
    "RX_TOP_FINE_TIMING_A_2_GAIN_I_PAYLOAD": (0, 0x5893, 3, 0, 3, 0, 1, 1),
    "RX_TOP_FINE_TIMING_A_2_GAIN_I_PREAMB": (0, 0x5893, 0, 0, 3, 0, 1, 4),
    "RX_TOP_FINE_TIMING_A_3_FINESYNCH_SUM": (0, 0x5894, 7, 0, 1, 0, 1, 0),
    "RX_TOP_FINE_TIMING_A_3_FINESYNCH_GAIN": (0, 0x5894, 4, 0, 3, 0, 1, 5),
    "RX_TOP_FINE_TIMING_A_4_GAIN_I_EN_SF8": (0, 0x5895, 6, 0, 2, 0, 1, 0),
    "RX_TOP_FINE_TIMING_A_4_GAIN_I_EN_SF7": (0, 0x5895, 4, 0, 2, 0, 1, 0),
    "RX_TOP_FINE_TIMING_A_4_GAIN_I_EN_SF6": (0, 0x5895, 2, 0, 2, 0, 1, 0),
    "RX_TOP_FINE_TIMING_A_4_GAIN_I_EN_SF5": (0, 0x5895, 0, 0, 2, 0, 1, 0),
    "RX_TOP_FINE_TIMING_A_5_GAIN_I_EN_SF12": (0, 0x5896, 6, 0, 2, 0, 1, 0),
    "RX_TOP_FINE_TIMING_A_5_GAIN_I_EN_SF11": (0, 0x5896, 4, 0, 2, 0, 1, 0),
    "RX_TOP_FINE_TIMING_A_5_GAIN_I_EN_SF10": (0, 0x5896, 2, 0, 2, 0, 1, 0),
    "RX_TOP_FINE_TIMING_A_5_GAIN_I_EN_SF9": (0, 0x5896, 0, 0, 2, 0, 1, 0),
    "RX_TOP_FINE_TIMING_A_6_GAIN_P_PREAMB_SF12": (0, 0x5897, 4, 0, 3, 0, 1, 7),
    "RX_TOP_FINE_TIMING_A_6_GAIN_P_PREAMB_SF5_6": (0, 0x5897, 0, 0, 3, 0, 1, 4),
    "RX_TOP_FINE_TIMING_7_GAIN_I_AUTO_MAX": (0, 0x5898, 4, 0, 3, 0, 1, 0),
    "RX_TOP_FINE_TIMING_7_GAIN_P_AUTO_MAX": (0, 0x5898, 0, 0, 3, 0, 1, 0),
    "RX_TOP_FINE_TIMING_B_0_GAIN_P_HDR_RED": (0, 0x5899, 7, 0, 1, 0, 1, 1),
    "RX_TOP_FINE_TIMING_B_0_ROUNDING": (0, 0x5899, 6, 0, 1, 0, 1, 0),
    "RX_TOP_FINE_TIMING_B_0_POS_LIMIT": (0, 0x5899, 4, 0, 2, 0, 1, 0),
    "RX_TOP_FINE_TIMING_B_0_SUM_SIZE": (0, 0x5899, 2, 0, 2, 0, 1, 0),
    "RX_TOP_FINE_TIMING_B_0_MODE": (0, 0x5899, 0, 0, 2, 0, 1, 3),
    "RX_TOP_FINE_TIMING_B_1_GAIN_P_AUTO": (0, 0x589A, 6, 0, 2, 0, 1, 1),
    "RX_TOP_FINE_TIMING_B_1_GAIN_P_PAYLOAD": (0, 0x589A, 3, 0, 3, 0, 1, 2),
    "RX_TOP_FINE_TIMING_B_1_GAIN_P_PREAMB": (0, 0x589A, 0, 0, 3, 0, 1, 6),
    "RX_TOP_FINE_TIMING_B_2_GAIN_I_AUTO": (0, 0x589B, 6, 0, 2, 0, 1, 3),
    "RX_TOP_FINE_TIMING_B_2_GAIN_I_PAYLOAD": (0, 0x589B, 3, 0, 3, 0, 1, 1),
    "RX_TOP_FINE_TIMING_B_2_GAIN_I_PREAMB": (0, 0x589B, 0, 0, 3, 0, 1, 4),
    "RX_TOP_FINE_TIMING_B_3_FINESYNCH_SUM": (0, 0x589C, 7, 0, 1, 0, 1, 0),
    "RX_TOP_FINE_TIMING_B_3_FINESYNCH_GAIN": (0, 0x589C, 4, 0, 3, 0, 1, 5),
    "RX_TOP_FINE_TIMING_B_4_GAIN_I_EN_SF8": (0, 0x589D, 6, 0, 2, 0, 1, 0),
    "RX_TOP_FINE_TIMING_B_4_GAIN_I_EN_SF7": (0, 0x589D, 4, 0, 2, 0, 1, 0),
    "RX_TOP_FINE_TIMING_B_4_GAIN_I_EN_SF6": (0, 0x589D, 2, 0, 2, 0, 1, 0),
    "RX_TOP_FINE_TIMING_B_4_GAIN_I_EN_SF5": (0, 0x589D, 0, 0, 2, 0, 1, 0),
    "RX_TOP_FINE_TIMING_B_5_GAIN_I_EN_SF12": (0, 0x589E, 6, 0, 2, 0, 1, 0),
    "RX_TOP_FINE_TIMING_B_5_GAIN_I_EN_SF11": (0, 0x589E, 4, 0, 2, 0, 1, 0),
    "RX_TOP_FINE_TIMING_B_5_GAIN_I_EN_SF10": (0, 0x589E, 2, 0, 2, 0, 1, 0),
    "RX_TOP_FINE_TIMING_B_5_GAIN_I_EN_SF9": (0, 0x589E, 0, 0, 2, 0, 1, 0),
    "RX_TOP_FINE_TIMING_B_6_GAIN_P_PREAMB_SF12": (0, 0x589F, 4, 0, 3, 0, 1, 7),
    "RX_TOP_FINE_TIMING_B_6_GAIN_P_PREAMB_SF5_6": (0, 0x589F, 0, 0, 3, 0, 1, 4),
    "RX_TOP_FREQ_TO_TIME0_FREQ_TO_TIME_DRIFT_MANT": (0, 0x58A0, 0, 0, 4, 0, 1, 9),
    "RX_TOP_FREQ_TO_TIME1_FREQ_TO_TIME_DRIFT_MANT": (0, 0x58A1, 0, 0, 8, 0, 1, 112),
    "RX_TOP_FREQ_TO_TIME2_FREQ_TO_TIME_DRIFT_EXP": (0, 0x58A2, 0, 0, 3, 0, 1, 3),
    "RX_TOP_FREQ_TO_TIME3_FREQ_TO_TIME_INVERT_FREQ_DELTA": (0, 0x58A3, 5, 0, 1, 0, 1, 0),
    "RX_TOP_FREQ_TO_TIME3_FREQ_TO_TIME_INVERT_FINE_DELTA": (0, 0x58A3, 4, 0, 1, 0, 1, 0),
    "RX_TOP_FREQ_TO_TIME3_FREQ_TO_TIME_INVERT_FREQ_ERROR": (0, 0x58A3, 3, 0, 1, 0, 1, 1),
    "RX_TOP_FREQ_TO_TIME3_FREQ_TO_TIME_INVERT_TIME_SYMB": (0, 0x58A3, 2, 0, 1, 0, 1, 0),
    "RX_TOP_FREQ_TO_TIME3_FREQ_TO_TIME_INVERT_TIME_OFFSET": (0, 0x58A3, 1, 0, 1, 0, 1, 0),
    "RX_TOP_FREQ_TO_TIME3_FREQ_TO_TIME_INVERT_DETECT": (0, 0x58A3, 0, 0, 1, 0, 1, 1),
    "RX_TOP_FREQ_TO_TIME4_FREQ_TO_TIME_INVERT_RNG": (0, 0x58A4, 0, 0, 8, 0, 1, 33),
    "RX_TOP_FREQ_TRACK_A_0_FREQ_TRACK_EN_SF8": (0, 0x58A5, 6, 0, 2, 0, 1, 3),
    "RX_TOP_FREQ_TRACK_A_0_FREQ_TRACK_EN_SF7": (0, 0x58A5, 4, 0, 2, 0, 1, 3),
    "RX_TOP_FREQ_TRACK_A_0_FREQ_TRACK_EN_SF6": (0, 0x58A5, 2, 0, 2, 0, 1, 3),
    "RX_TOP_FREQ_TRACK_A_0_FREQ_TRACK_EN_SF5": (0, 0x58A5, 0, 0, 2, 0, 1, 3),
    "RX_TOP_FREQ_TRACK_A_1_FREQ_TRACK_EN_SF12": (0, 0x58A6, 6, 0, 2, 0, 1, 3),
    "RX_TOP_FREQ_TRACK_A_1_FREQ_TRACK_EN_SF11": (0, 0x58A6, 4, 0, 2, 0, 1, 3),
    "RX_TOP_FREQ_TRACK_A_1_FREQ_TRACK_EN_SF10": (0, 0x58A6, 2, 0, 2, 0, 1, 3),
    "RX_TOP_FREQ_TRACK_A_1_FREQ_TRACK_EN_SF9": (0, 0x58A6, 0, 0, 2, 0, 1, 3),
    "RX_TOP_FREQ_TRACK_B_0_FREQ_TRACK_EN_SF8": (0, 0x58A7, 6, 0, 2, 0, 1, 3),
    "RX_TOP_FREQ_TRACK_B_0_FREQ_TRACK_EN_SF7": (0, 0x58A7, 4, 0, 2, 0, 1, 3),
    "RX_TOP_FREQ_TRACK_B_0_FREQ_TRACK_EN_SF6": (0, 0x58A7, 2, 0, 2, 0, 1, 3),
    "RX_TOP_FREQ_TRACK_B_0_FREQ_TRACK_EN_SF5": (0, 0x58A7, 0, 0, 2, 0, 1, 3),
    "RX_TOP_FREQ_TRACK_B_1_FREQ_TRACK_EN_SF12": (0, 0x58A8, 6, 0, 2, 0, 1, 3),
    "RX_TOP_FREQ_TRACK_B_1_FREQ_TRACK_EN_SF11": (0, 0x58A8, 4, 0, 2, 0, 1, 3),
    "RX_TOP_FREQ_TRACK_B_1_FREQ_TRACK_EN_SF10": (0, 0x58A8, 2, 0, 2, 0, 1, 3),
    "RX_TOP_FREQ_TRACK_B_1_FREQ_TRACK_EN_SF9": (0, 0x58A8, 0, 0, 2, 0, 1, 3),
    "RX_TOP_FREQ_TRACK2_FREQ_TRACK_FINE": (0, 0x58A9, 7, 0, 1, 0, 1, 0),
    "RX_TOP_FREQ_TRACK2_FREQ_TRACK_HDR_SKIP": (0, 0x58A9, 4, 0, 3, 0, 1, 4),
    "RX_TOP_FREQ_TRACK3_FREQ_SYNCH_GAIN": (0, 0x58AA, 4, 0, 3, 0, 1, 5),
    "RX_TOP_FREQ_TRACK3_FREQ_TRACK_AUTO_THR": (0, 0x58AA, 0, 0, 4, 0, 1, 3),
    "RX_TOP_FREQ_TRACK4_SNR_MIN_WINDOW": (0, 0x58AB, 5, 0, 2, 0, 1, 1),
    "RX_TOP_FREQ_TRACK4_GAIN_AUTO_SNR_MIN": (0, 0x58AB, 4, 0, 1, 0, 1, 0),
    "RX_TOP_FREQ_TRACK4_FREQ_SYNCH_THR": (0, 0x58AB, 0, 0, 4, 0, 1, 8),
    "RX_TOP_DETECT_MSP0_MSP_PNR": (0, 0x58AC, 0, 0, 7, 0, 1, 32),
    "RX_TOP_DETECT_MSP1_MSP2_PNR": (0, 0x58AD, 0, 0, 7, 0, 1, 48),
    "RX_TOP_DETECT_MSP2_MSP2_PEAK_NB": (0, 0x58AE, 4, 0, 3, 0, 1, 5),
    "RX_TOP_DETECT_MSP2_MSP_PEAK_NB": (0, 0x58AE, 0, 0, 3, 0, 1, 3),
    "RX_TOP_DETECT_MSP3_ACC_MIN2": (0, 0x58AF, 6, 0, 1, 0, 1, 0),
    "RX_TOP_DETECT_MSP3_ACC_WIN_LEN": (0, 0x58AF, 4, 0, 2, 0, 1, 2),
    "RX_TOP_DETECT_MSP3_MSP_POS_SEL": (0, 0x58AF, 2, 0, 1, 0, 1, 1),
    "RX_TOP_DETECT_MSP3_MSP_CNT_MODE": (0, 0x58AF, 0, 0, 2, 0, 1, 1),
    "RX_TOP_DETECT_ACC1_USE_GAIN_SYMB": (0, 0x58B0, 7, 0, 1, 0, 1, 0),
    "RX_TOP_DETECT_ACC1_ACC_PNR": (0, 0x58B0, 0, 0, 7, 0, 1, 64),
    "RX_TOP_DETECT_ACC2_NOISE_COEFF": (0, 0x58B1, 6, 0, 2, 0, 1, 2),
    "RX_TOP_DETECT_ACC2_ACC_COEFF": (0, 0x58B1, 4, 0, 2, 0, 1, 2),
    "RX_TOP_DETECT_ACC2_ACC_2_SAME_PEAKS": (0, 0x58B1, 3, 0, 1, 0, 1, 1),
    "RX_TOP_DETECT_ACC2_ACC_AUTO_RESCALE": (0, 0x58B1, 2, 0, 1, 0, 1, 1),
    "RX_TOP_DETECT_ACC2_ACC_PEAK_POS_SEL": (0, 0x58B1, 1, 0, 1, 0, 1, 1),
    "RX_TOP_DETECT_ACC2_ACC_PEAK_SUM_EN": (0, 0x58B1, 0, 0, 1, 0, 1, 1),
    "RX_TOP_DETECT_ACC3_MIN_SINGLE_PEAK": (0, 0x58B2, 0, 0, 8, 0, 1, 11),
    "RX_TOP_TIMESTAMP_SEL_SNR_MIN": (0, 0x58B3, 4, 0, 1, 0, 1, 0),
    "RX_TOP_TIMESTAMP_ENABLE": (0, 0x58B3, 3, 0, 1, 0, 1, 0),
    "RX_TOP_TIMESTAMP_NB_SYMB": (0, 0x58B3, 0, 0, 3, 0, 1, 7),
    "RX_TOP_MODEM_BUSY_MSB_RX_MODEM_BUSY": (0, 0x58B4, 0, 0, 8, 1, 1, 0),
    "RX_TOP_MODEM_BUSY_LSB_RX_MODEM_BUSY": (0, 0x58B5, 0, 0, 8, 1, 1, 0),
    "RX_TOP_MODEM_STATE_RX_MODEM_STS_SPARE": (0, 0x58B6, 4, 0, 4, 1, 1, 0),
    "RX_TOP_MODEM_STATE_RX_MODEM_STATE": (0, 0x58B6, 0, 0, 4, 1, 1, 0),
    "RX_TOP_MODEM_SYNC_DELTA_MSB_PEAK_POS_FINE_GAIN_H": (0, 0x58B7, 6, 0, 2, 0, 1, 2),
    "RX_TOP_MODEM_SYNC_DELTA_MSB_PEAK_POS_FINE_GAIN_L": (0, 0x58B7, 4, 0, 2, 0, 1, 3),
    "RX_TOP_MODEM_SYNC_DELTA_MSB_PEAK_POS_FINE_SIGN": (0, 0x58B7, 3, 0, 1, 0, 1, 1),
    "RX_TOP_MODEM_SYNC_DELTA_MSB_MODEM_SYNC_DELTA": (0, 0x58B7, 0, 0, 3, 0, 1, 0),
    "RX_TOP_MODEM_SYNC_DELTA_LSB_MODEM_SYNC_DELTA": (0, 0x58B8, 0, 0, 8, 0, 1, 127),
    "RX_TOP_MODEM_PPM_OFFSET1_PPM_OFFSET_SF8": (0, 0x58B9, 6, 0, 2, 0, 1, 0),
    "RX_TOP_MODEM_PPM_OFFSET1_PPM_OFFSET_SF7": (0, 0x58B9, 4, 0, 2, 0, 1, 0),
    "RX_TOP_MODEM_PPM_OFFSET1_PPM_OFFSET_SF6": (0, 0x58B9, 2, 0, 2, 0, 1, 0),
    "RX_TOP_MODEM_PPM_OFFSET1_PPM_OFFSET_SF5": (0, 0x58B9, 0, 0, 2, 0, 1, 0),
    "RX_TOP_MODEM_PPM_OFFSET2_PPM_OFFSET_SF12": (0, 0x58BA, 6, 0, 2, 0, 1, 1),
    "RX_TOP_MODEM_PPM_OFFSET2_PPM_OFFSET_SF11": (0, 0x58BA, 4, 0, 2, 0, 1, 1),
    "RX_TOP_MODEM_PPM_OFFSET2_PPM_OFFSET_SF10": (0, 0x58BA, 2, 0, 2, 0, 1, 0),
    "RX_TOP_MODEM_PPM_OFFSET2_PPM_OFFSET_SF9": (0, 0x58BA, 0, 0, 2, 0, 1, 0),
    "RX_TOP_MODEM_CLOCK_GATE_OVERRIDE_3_CLK_OVERRIDE": (0, 0x58BB, 0, 0, 8, 0, 1, 85),
    "RX_TOP_MODEM_CLOCK_GATE_OVERRIDE_2_CLK_OVERRIDE": (0, 0x58BC, 0, 0, 8, 0, 1, 85),
    "RX_TOP_MODEM_CLOCK_GATE_OVERRIDE_1_CLK_OVERRIDE": (0, 0x58BD, 0, 0, 8, 0, 1, 85),
    "RX_TOP_MODEM_CLOCK_GATE_OVERRIDE_0_CLK_OVERRIDE": (0, 0x58BE, 0, 0, 8, 0, 1, 85),
    "RX_TOP_DUMMY2_DUMMY2": (0, 0x58BF, 0, 0, 1, 1, 1, 0),
    "RX_TOP_RX_BUFFER_DEBUG_MODE": (0, 0x58C0, 4, 0, 1, 0, 1, 0),
    "RX_TOP_RX_BUFFER_DIRECT_RAM_IF": (0, 0x58C0, 3, 0, 1, 0, 1, 0),
    "RX_TOP_RX_BUFFER_LEGACY_TIMESTAMP": (0, 0x58C0, 2, 0, 1, 0, 1, 0),
    "RX_TOP_RX_BUFFER_STORE_HEADER_ERR_META": (0, 0x58C0, 1, 0, 1, 0, 1, 0),
    "RX_TOP_RX_BUFFER_STORE_SYNC_FAIL_META": (0, 0x58C0, 0, 0, 1, 0, 1, 0),
    "RX_TOP_RX_BUFFER_TIMESTAMP_CFG_MAX_TS_METRICS": (0, 0x58C1, 0, 0, 8, 0, 1, 255),
    "RX_TOP_RX_BUFFER_IRQ_CTRL_MSB_RX_BUFFER_IRQ_THRESHOLD": (0, 0x58C2, 0, 0, 5, 0, 1, 0),
    "RX_TOP_RX_BUFFER_IRQ_CTRL_LSB_RX_BUFFER_IRQ_THRESHOLD": (0, 0x58C3, 0, 0, 8, 0, 1, 21),
    "RX_TOP_RX_BUFFER_LAST_ADDR_READ_MSB_LAST_ADDR_READ": (0, 0x58C4, 0, 0, 4, 1, 1, 0),
    "RX_TOP_RX_BUFFER_LAST_ADDR_READ_LSB_LAST_ADDR_READ": (0, 0x58C5, 0, 0, 8, 1, 1, 0),
    "RX_TOP_RX_BUFFER_LAST_ADDR_WRITE_MSB_LAST_ADDR_WRITE": (0, 0x58C6, 0, 0, 4, 1, 1, 0),
    "RX_TOP_RX_BUFFER_LAST_ADDR_WRITE_LSB_LAST_ADDR_WRITE": (0, 0x58C7, 0, 0, 8, 1, 1, 0),
    "RX_TOP_RX_BUFFER_NB_BYTES_MSB_RX_BUFFER_NB_BYTES": (0, 0x58C8, 0, 0, 5, 1, 1, 0),
    "RX_TOP_RX_BUFFER_NB_BYTES_LSB_RX_BUFFER_NB_BYTES": (0, 0x58C9, 0, 0, 8, 1, 1, 0),
    "RX_TOP_MULTI_SF_SYNC_ERR_PKT_CNT_MULTI_SF_SYNC_ERR_PKTS": (0, 0x58CA, 0, 0, 8, 1, 1, 0),
    "RX_TOP_MULTI_SF_PLD_ERR_PKT_CNT_MULTI_SF_PLD_ERR_PKTS": (0, 0x58CB, 0, 0, 8, 1, 1, 0),
    "RX_TOP_MULTI_SF_GOOD_PKT_CNT_MULTI_SF_GOOD_PKTS": (0, 0x58CC, 0, 0, 8, 1, 1, 0),
    "RX_TOP_SERV_MODEM_SYNC_ERR_PKT_CNT_SERV_MODEM_SYNC_ERR_PKTS": (0, 0x58CD, 0, 0, 8, 1, 1, 0),
    "RX_TOP_SERV_MODEM_PLD_ERR_PKT_CNT_SERV_MODEM_PLD_ERR_PKTS": (0, 0x58CE, 0, 0, 8, 1, 1, 0),
    "RX_TOP_SERV_MODEM_GOOD_PKT_CNT_SERV_MODEM_GOOD_PKTS": (0, 0x58CF, 0, 0, 8, 1, 1, 0),
    "RX_TOP_GFSK_MODEM_SYNC_ERR_PKT_CNT_GFSK_MODEM_SYNC_ERR_PKTS": (0, 0x58D0, 0, 0, 8, 1, 1, 0),
    "RX_TOP_GFSK_MODEM_PLD_ERR_PKT_CNT_GFSK_MODEM_PLD_ERR_PKTS": (0, 0x58D1, 0, 0, 8, 1, 1, 0),
    "RX_TOP_GFSK_MODEM_GOOD_PKT_CNT_GFSK_MODEM_GOOD_PKTS": (0, 0x58D2, 0, 0, 8, 1, 1, 0),
    "RX_TOP_BAD_MODEM_ID_WRITE_0_BAD_MODEM_ID_WRITE": (0, 0x58D3, 0, 0, 2, 1, 1, 0),
    "RX_TOP_BAD_MODEM_ID_WRITE_1_BAD_MODEM_ID_WRITE": (0, 0x58D4, 0, 0, 8, 1, 1, 0),
    "RX_TOP_BAD_MODEM_ID_WRITE_2_BAD_MODEM_ID_WRITE": (0, 0x58D5, 0, 0, 8, 1, 1, 0),
    "RX_TOP_BAD_MODEM_ID_READ_0_BAD_MODEM_ID_READ": (0, 0x58D6, 0, 0, 2, 1, 1, 0),
    "RX_TOP_BAD_MODEM_ID_READ_1_BAD_MODEM_ID_READ": (0, 0x58D7, 0, 0, 8, 1, 1, 0),
    "RX_TOP_BAD_MODEM_ID_READ_2_BAD_MODEM_ID_READ": (0, 0x58D8, 0, 0, 8, 1, 1, 0),
    "RX_TOP_CLOCK_GATE_OVERRIDE_0_CLK_OVERRIDE": (0, 0x58D9, 0, 0, 2, 0, 1, 1),
    "RX_TOP_SAMPLE_4_MSPS_LATCHED_125K_SAMPLE_4_MSPS_LATCHED_125K": (0, 0x58DA, 0, 0, 8, 1, 1, 0),
    "RX_TOP_DUMMY3_DUMMY3": (0, 0x58DB, 0, 0, 1, 1, 1, 0),
    "ARB_MCU_CTRL_CLK_EN": (0, 0x6080, 5, 0, 1, 0, 1, 1),
    "ARB_MCU_CTRL_RADIO_RST": (0, 0x6080, 4, 0, 1, 0, 1, 0),
    "ARB_MCU_CTRL_FORCE_HOST_FE_CTRL": (0, 0x6080, 3, 0, 1, 0, 1, 0),
    "ARB_MCU_CTRL_MCU_CLEAR": (0, 0x6080, 2, 0, 1, 0, 1, 1),
    "ARB_MCU_CTRL_HOST_PROG": (0, 0x6080, 1, 0, 1, 0, 1, 0),
    "ARB_MCU_CTRL_PARITY_ERROR": (0, 0x6080, 0, 0, 1, 1, 1, 0),
    "ARB_MCU_MCU_ARB_STATUS_MCU_ARB_STATUS": (0, 0x6081, 0, 0, 8, 1, 1, 0),
    "ARB_MCU_UART_CFG_MSBF": (0, 0x6087, 5, 0, 1, 0, 1, 0),
    "ARB_MCU_UART_CFG_PAR_EN": (0, 0x6087, 4, 0, 1, 0, 1, 0),
    "ARB_MCU_UART_CFG_PAR_MODE": (0, 0x6087, 3, 0, 1, 0, 1, 0),
    "ARB_MCU_UART_CFG_START_LEN": (0, 0x6087, 2, 0, 1, 0, 1, 0),
    "ARB_MCU_UART_CFG_STOP_LEN": (0, 0x6087, 1, 0, 1, 0, 1, 0),
    "ARB_MCU_UART_CFG_WORD_LEN": (0, 0x6087, 0, 0, 1, 0, 1, 1),
    "ARB_MCU_UART_CFG2_BIT_RATE": (0, 0x6088, 0, 0, 8, 0, 1, 0),
    "ARB_MCU_ARB_DEBUG_CFG_0_ARB_DEBUG_CFG_0": (0, 0x6089, 0, 0, 8, 0, 1, 0),
    "ARB_MCU_ARB_DEBUG_CFG_1_ARB_DEBUG_CFG_1": (0, 0x608A, 0, 0, 8, 0, 1, 0),
    "ARB_MCU_ARB_DEBUG_CFG_2_ARB_DEBUG_CFG_2": (0, 0x608B, 0, 0, 8, 0, 1, 0),
    "ARB_MCU_ARB_DEBUG_CFG_3_ARB_DEBUG_CFG_3": (0, 0x608C, 0, 0, 8, 0, 1, 0),
    "ARB_MCU_ARB_DEBUG_STS_0_ARB_DEBUG_STS_0": (0, 0x608D, 0, 0, 8, 1, 1, 0),
    "ARB_MCU_ARB_DEBUG_STS_1_ARB_DEBUG_STS_1": (0, 0x608E, 0, 0, 8, 1, 1, 0),
    "ARB_MCU_ARB_DEBUG_STS_2_ARB_DEBUG_STS_2": (0, 0x608F, 0, 0, 8, 1, 1, 0),
    "ARB_MCU_ARB_DEBUG_STS_3_ARB_DEBUG_STS_3": (0, 0x6090, 0, 0, 8, 1, 1, 0),
    "ARB_MCU_ARB_DEBUG_STS_4_ARB_DEBUG_STS_4": (0, 0x6091, 0, 0, 8, 1, 1, 0),
    "ARB_MCU_ARB_DEBUG_STS_5_ARB_DEBUG_STS_5": (0, 0x6092, 0, 0, 8, 1, 1, 0),
    "ARB_MCU_ARB_DEBUG_STS_6_ARB_DEBUG_STS_6": (0, 0x6093, 0, 0, 8, 1, 1, 0),
    "ARB_MCU_ARB_DEBUG_STS_7_ARB_DEBUG_STS_7": (0, 0x6094, 0, 0, 8, 1, 1, 0),
    "ARB_MCU_ARB_DEBUG_STS_8_ARB_DEBUG_STS_8": (0, 0x6095, 0, 0, 8, 1, 1, 0),
    "ARB_MCU_ARB_DEBUG_STS_9_ARB_DEBUG_STS_9": (0, 0x6096, 0, 0, 8, 1, 1, 0),
    "ARB_MCU_ARB_DEBUG_STS_10_ARB_DEBUG_STS_10": (0, 0x6097, 0, 0, 8, 1, 1, 0),
    "ARB_MCU_ARB_DEBUG_STS_11_ARB_DEBUG_STS_11": (0, 0x6098, 0, 0, 8, 1, 1, 0),
    "ARB_MCU_ARB_DEBUG_STS_12_ARB_DEBUG_STS_12": (0, 0x6099, 0, 0, 8, 1, 1, 0),
    "ARB_MCU_ARB_DEBUG_STS_13_ARB_DEBUG_STS_13": (0, 0x609A, 0, 0, 8, 1, 1, 0),
    "ARB_MCU_ARB_DEBUG_STS_14_ARB_DEBUG_STS_14": (0, 0x609B, 0, 0, 8, 1, 1, 0),
    "ARB_MCU_ARB_DEBUG_STS_15_ARB_DEBUG_STS_15": (0, 0x609C, 0, 0, 8, 1, 1, 0),
    "ARB_MCU_CHANNEL_SYNC_OFFSET_01_CHANNEL_1_OFFSET": (0, 0x609D, 4, 0, 4, 0, 1, 0),
    "ARB_MCU_CHANNEL_SYNC_OFFSET_01_CHANNEL_0_OFFSET": (0, 0x609D, 0, 0, 4, 0, 1, 0),
    "ARB_MCU_CHANNEL_SYNC_OFFSET_23_CHANNEL_3_OFFSET": (0, 0x609E, 4, 0, 4, 0, 1, 0),
    "ARB_MCU_CHANNEL_SYNC_OFFSET_23_CHANNEL_2_OFFSET": (0, 0x609E, 0, 0, 4, 0, 1, 0),
    "ARB_MCU_CHANNEL_SYNC_OFFSET_45_CHANNEL_5_OFFSET": (0, 0x609F, 4, 0, 4, 0, 1, 0),
    "ARB_MCU_CHANNEL_SYNC_OFFSET_45_CHANNEL_4_OFFSET": (0, 0x609F, 0, 0, 4, 0, 1, 0),
    "ARB_MCU_CHANNEL_SYNC_OFFSET_67_CHANNEL_7_OFFSET": (0, 0x60A0, 4, 0, 4, 0, 1, 0),
    "ARB_MCU_CHANNEL_SYNC_OFFSET_67_CHANNEL_6_OFFSET": (0, 0x60A0, 0, 0, 4, 0, 1, 0),
    "ARB_MCU_DUMMY_DUMMY3": (0, 0x60A1, 0, 0, 1, 1, 1, 0),
    "RADIO_FE_GLBL_CTRL_DECIM_B_CLR": (0, 0x5700, 1, 0, 1, 0, 1, 0),
    "RADIO_FE_GLBL_CTRL_DECIM_A_CLR": (0, 0x5700, 0, 0, 1, 0, 1, 0),
    "RADIO_FE_CTRL0_RADIO_A_DC_NOTCH_EN": (0, 0x5701, 5, 0, 1, 0, 1, 0),
    "RADIO_FE_CTRL0_RADIO_A_FORCE_HOST_FILTER_GAIN": (0, 0x5701, 4, 0, 1, 0, 1, 0),
    "RADIO_FE_CTRL0_RADIO_A_HOST_FILTER_GAIN": (0, 0x5701, 0, 0, 4, 0, 1, 0),
    "RADIO_FE_RSSI_DB_DEF_RADIO_A_RSSI_DB_DEFAULT_VALUE": (0, 0x5702, 0, 0, 8, 0, 1, 0),
    "RADIO_FE_RSSI_DEC_DEF_RADIO_A_RSSI_DEC_DEFAULT_VALUE": (0, 0x5703, 0, 0, 8, 0, 1, 0),
    "RADIO_FE_RSSI_DEC_RD_RADIO_A_RSSI_DEC_OUT": (0, 0x5704, 0, 0, 8, 1, 1, 0),
    "RADIO_FE_RSSI_BB_RD_RADIO_A_RSSI_BB_OUT": (0, 0x5705, 0, 0, 8, 1, 1, 0),
    "RADIO_FE_DEC_FILTER_RD_RADIO_A_DEC_FILTER_GAIN": (0, 0x5706, 0, 0, 4, 1, 1, 0),
    "RADIO_FE_RSSI_BB_FILTER_ALPHA_RADIO_A_RSSI_BB_FILTER_ALPHA": (0, 0x5707, 0, 0, 5, 0, 1, 0),
    "RADIO_FE_RSSI_DEC_FILTER_ALPHA_RADIO_A_RSSI_DEC_FILTER_ALPHA": (0, 0x5708, 0, 0, 5, 0, 1, 0),
    "RADIO_FE_IQ_COMP_AMP_COEFF_RADIO_A_AMP_COEFF": (0, 0x5709, 0, 0, 6, 0, 1, 0),
    "RADIO_FE_IQ_COMP_PHI_COEFF_RADIO_A_PHI_COEFF": (0, 0x570A, 0, 0, 6, 0, 1, 0),
    "RADIO_FE_RADIO_DIO_TEST_MODE_RADIO_A_DIO_TEST_MODE": (0, 0x570B, 0, 0, 6, 0, 1, 0),
    "RADIO_FE_RADIO_DIO_TEST_DIR_RADIO_A_DIO_TEST_DIR": (0, 0x570C, 0, 0, 6, 0, 1, 0),
    "RADIO_FE_RADIO_DIO_DIR_RADIO_A_DIO_DIR": (0, 0x570D, 0, 0, 6, 1, 1, 0),
    "RADIO_FE_CTRL0_RADIO_B_DC_NOTCH_EN": (0, 0x570E, 5, 0, 1, 0, 1, 0),
    "RADIO_FE_CTRL0_RADIO_B_FORCE_HOST_FILTER_GAIN": (0, 0x570E, 4, 0, 1, 0, 1, 0),
    "RADIO_FE_CTRL0_RADIO_B_HOST_FILTER_GAIN": (0, 0x570E, 0, 0, 4, 0, 1, 0),
    "RADIO_FE_RSSI_DB_DEF_RADIO_B_RSSI_DB_DEFAULT_VALUE": (0, 0x570F, 0, 0, 8, 0, 1, 0),
    "RADIO_FE_RSSI_DEC_DEF_RADIO_B_RSSI_DEC_DEFAULT_VALUE": (0, 0x5710, 0, 0, 8, 0, 1, 0),
    "RADIO_FE_RSSI_DEC_RD_RADIO_B_RSSI_DEC_OUT": (0, 0x5711, 0, 0, 8, 1, 1, 0),
    "RADIO_FE_RSSI_BB_RD_RADIO_B_RSSI_BB_OUT": (0, 0x5712, 0, 0, 8, 1, 1, 0),
    "RADIO_FE_DEC_FILTER_RD_RADIO_B_DEC_FILTER_GAIN": (0, 0x5713, 0, 0, 4, 1, 1, 0),
    "RADIO_FE_RSSI_BB_FILTER_ALPHA_RADIO_B_RSSI_BB_FILTER_ALPHA": (0, 0x5714, 0, 0, 5, 0, 1, 0),
    "RADIO_FE_RSSI_DEC_FILTER_ALPHA_RADIO_B_RSSI_DEC_FILTER_ALPHA": (0, 0x5715, 0, 0, 5, 0, 1, 0),
    "RADIO_FE_IQ_COMP_AMP_COEFF_RADIO_B_AMP_COEFF": (0, 0x5716, 0, 0, 6, 0, 1, 0),
    "RADIO_FE_IQ_COMP_PHI_COEFF_RADIO_B_PHI_COEFF": (0, 0x5717, 0, 0, 6, 0, 1, 0),
    "RADIO_FE_RADIO_DIO_TEST_MODE_RADIO_B_DIO_TEST_MODE": (0, 0x5718, 0, 0, 6, 0, 1, 0),
    "RADIO_FE_RADIO_DIO_TEST_DIR_RADIO_B_DIO_TEST_DIR": (0, 0x5719, 0, 0, 6, 0, 1, 0),
    "RADIO_FE_RADIO_DIO_DIR_RADIO_B_DIO_DIR": (0, 0x571A, 0, 0, 6, 1, 1, 0),
    "RADIO_FE_SIG_ANA_CFG_VALID": (0, 0x571B, 7, 0, 1, 1, 1, 0),
    "RADIO_FE_SIG_ANA_CFG_BUSY": (0, 0x571B, 6, 0, 1, 1, 1, 0),
    "RADIO_FE_SIG_ANA_CFG_DURATION": (0, 0x571B, 4, 0, 2, 0, 1, 0),
    "RADIO_FE_SIG_ANA_CFG_FORCE_HAL_CTRL": (0, 0x571B, 3, 0, 1, 0, 1, 0),
    "RADIO_FE_SIG_ANA_CFG_START": (0, 0x571B, 2, 0, 1, 0, 1, 0),
    "RADIO_FE_SIG_ANA_CFG_RADIO_SEL": (0, 0x571B, 1, 0, 1, 0, 1, 0),
    "RADIO_FE_SIG_ANA_CFG_EN": (0, 0x571B, 0, 0, 1, 0, 1, 0),
    "RADIO_FE_SIG_ANA_FREQ_FREQ": (0, 0x571C, 0, 0, 8, 0, 1, 0),
    "RADIO_FE_SIG_ANA_ABS_MSB_CORR_ABS_OUT": (0, 0x571D, 0, 0, 8, 1, 1, 0),
    "RADIO_FE_SIG_ANA_ABS_LSB_CORR_ABS_OUT": (0, 0x571E, 0, 0, 8, 1, 1, 0),
    "RADIO_FE_DUMMY_DUMMY": (0, 0x571F, 0, 0, 1, 1, 1, 0),
    "OTP_BYTE_ADDR_ADDR": (0, 0x6180, 0, 0, 8, 0, 1, 0),
    "OTP_RD_DATA_RD_DATA": (0, 0x6181, 0, 0, 8, 1, 1, 0),
    "OTP_STATUS_CHECKSUM_STATUS": (0, 0x6182, 4, 0, 4, 1, 1, 0),
    "OTP_STATUS_FSM_READY": (0, 0x6182, 0, 0, 1, 1, 1, 0),
    "OTP_CFG_ACCESS_MODE": (0, 0x6183, 0, 0, 2, 0, 1, 0),
    "OTP_BIT_POS_POS": (0, 0x6184, 0, 0, 3, 0, 1, 0),
    "OTP_PIN_CTRL_0_TM": (0, 0x6185, 4, 0, 4, 0, 1, 0),
    "OTP_PIN_CTRL_0_STROBE": (0, 0x6185, 3, 0, 1, 0, 1, 0),
    "OTP_PIN_CTRL_0_PGENB": (0, 0x6185, 2, 0, 1, 0, 1, 0),
    "OTP_PIN_CTRL_0_LOAD": (0, 0x6185, 1, 0, 1, 0, 1, 0),
    "OTP_PIN_CTRL_0_CSB": (0, 0x6185, 0, 0, 1, 0, 1, 0),
    "OTP_PIN_CTRL_1_FSCK": (0, 0x6186, 2, 0, 1, 0, 1, 0),
    "OTP_PIN_CTRL_1_FSI": (0, 0x6186, 1, 0, 1, 0, 1, 0),
    "OTP_PIN_CTRL_1_FRST": (0, 0x6186, 0, 0, 1, 0, 1, 0),
    "OTP_PIN_STATUS_FSO": (0, 0x6187, 0, 0, 1, 1, 1, 0),
    "OTP_MODEM_EN_0_MODEM_EN": (0, 0x6188, 0, 0, 8, 0, 1, 255),
    "OTP_MODEM_EN_1_MODEM_EN": (0, 0x6189, 0, 0, 8, 0, 1, 255),
    "OTP_MODEM_SF_EN_SF_EN": (0, 0x618A, 0, 0, 8, 0, 1, 255),
    "OTP_TIMESTAMP_EN_TIMESTAMP_EN": (0, 0x618B, 0, 0, 1, 0, 1, 1),
    "OTP_DUMMY_DUMMY": (0, 0x618C, 0, 0, 1, 1, 1, 0),
    "RX_TOP_LORA_SERVICE_FSK_LORA_SERVICE_FREQ_MSB_IF_FREQ_0": (0, 0x5B00, 0, 0, 5, 0, 1, 0),
    "RX_TOP_LORA_SERVICE_FSK_LORA_SERVICE_FREQ_LSB_IF_FREQ_0": (0, 0x5B01, 0, 0, 8, 0, 1, 128),
    "RX_TOP_LORA_SERVICE_FSK_LORA_SERVICE_RADIO_SEL_RADIO_SELECT": (0, 0x5B02, 0, 0, 1, 0, 1, 0),
    "RX_TOP_LORA_SERVICE_FSK_DC_NOTCH_CFG1_BW_START": (0, 0x5B03, 4, 0, 3, 0, 1, 0),
    "RX_TOP_LORA_SERVICE_FSK_DC_NOTCH_CFG1_AUTO_BW_RED": (0, 0x5B03, 3, 0, 1, 0, 1, 1),
    "RX_TOP_LORA_SERVICE_FSK_DC_NOTCH_CFG1_NO_FAST_START": (0, 0x5B03, 2, 0, 1, 0, 1, 0),
    "RX_TOP_LORA_SERVICE_FSK_DC_NOTCH_CFG1_BYPASS": (0, 0x5B03, 1, 0, 1, 0, 1, 0),
    "RX_TOP_LORA_SERVICE_FSK_DC_NOTCH_CFG1_ENABLE": (0, 0x5B03, 0, 0, 1, 0, 1, 0),
    "RX_TOP_LORA_SERVICE_FSK_DC_NOTCH_CFG2_BW_LOCKED": (0, 0x5B04, 3, 0, 3, 0, 1, 1),
    "RX_TOP_LORA_SERVICE_FSK_DC_NOTCH_CFG2_BW": (0, 0x5B04, 0, 0, 3, 0, 1, 5),
    "RX_TOP_LORA_SERVICE_FSK_DC_NOTCH_CFG3_BW_RED": (0, 0x5B05, 0, 0, 3, 0, 1, 0),
    "RX_TOP_LORA_SERVICE_FSK_DC_NOTCH_CFG4_IIR_DCC_TIME": (0, 0x5B06, 0, 0, 8, 0, 1, 0),
    "RX_TOP_LORA_SERVICE_FSK_RX_DFE_FIR1_0_FIR1_COEFF_0": (0, 0x5B07, 0, 1, 8, 0, 1, 2),
    "RX_TOP_LORA_SERVICE_FSK_RX_DFE_FIR1_1_FIR1_COEFF_1": (0, 0x5B08, 0, 1, 8, 0, 1, 3),
    "RX_TOP_LORA_SERVICE_FSK_RX_DFE_FIR1_2_FIR1_COEFF_2": (0, 0x5B09, 0, 1, 8, 0, 1, 2),
    "RX_TOP_LORA_SERVICE_FSK_RX_DFE_FIR1_3_FIR1_COEFF_3": (0, 0x5B0A, 0, 1, 8, 0, 1, 3),
    "RX_TOP_LORA_SERVICE_FSK_RX_DFE_FIR1_4_FIR1_COEFF_4": (0, 0x5B0B, 0, 1, 8, 0, 1, 5),
    "RX_TOP_LORA_SERVICE_FSK_RX_DFE_FIR1_5_FIR1_COEFF_5": (0, 0x5B0C, 0, 1, 8, 0, 1, 8),
    "RX_TOP_LORA_SERVICE_FSK_RX_DFE_FIR1_6_FIR1_COEFF_6": (0, 0x5B0D, 0, 1, 8, 0, 1, 6),
    "RX_TOP_LORA_SERVICE_FSK_RX_DFE_FIR1_7_FIR1_COEFF_7": (0, 0x5B0E, 0, 1, 8, 0, 1, 4),
    "RX_TOP_LORA_SERVICE_FSK_RX_DFE_FIR2_0_FIR2_COEFF_0": (0, 0x5B0F, 0, 1, 8, 0, 1, 2),
    "RX_TOP_LORA_SERVICE_FSK_RX_DFE_FIR2_1_FIR2_COEFF_1": (0, 0x5B10, 0, 1, 8, 0, 1, -2),
    "RX_TOP_LORA_SERVICE_FSK_RX_DFE_FIR2_2_FIR2_COEFF_2": (0, 0x5B11, 0, 1, 8, 0, 1, -4),
    "RX_TOP_LORA_SERVICE_FSK_RX_DFE_FIR2_3_FIR2_COEFF_3": (0, 0x5B12, 0, 1, 8, 0, 1, -3),
    "RX_TOP_LORA_SERVICE_FSK_RX_DFE_FIR2_4_FIR2_COEFF_4": (0, 0x5B13, 0, 1, 8, 0, 1, 3),
    "RX_TOP_LORA_SERVICE_FSK_RX_DFE_FIR2_5_FIR2_COEFF_5": (0, 0x5B14, 0, 1, 8, 0, 1, 11),
    "RX_TOP_LORA_SERVICE_FSK_RX_DFE_FIR2_6_FIR2_COEFF_6": (0, 0x5B15, 0, 1, 8, 0, 1, 19),
    "RX_TOP_LORA_SERVICE_FSK_RX_DFE_FIR2_7_FIR2_COEFF_7": (0, 0x5B16, 0, 1, 8, 0, 1, 10),
    "RX_TOP_LORA_SERVICE_FSK_RX_DFE_AGC0_RADIO_GAIN_RED_SEL": (0, 0x5B17, 7, 0, 1, 0, 1, 0),
    "RX_TOP_LORA_SERVICE_FSK_RX_DFE_AGC0_RADIO_GAIN_RED_DB": (0, 0x5B17, 0, 0, 7, 0, 1, 0),
    "RX_TOP_LORA_SERVICE_FSK_RX_DFE_AGC1_DC_COMP_EN": (0, 0x5B18, 4, 0, 1, 0, 1, 0),
    "RX_TOP_LORA_SERVICE_FSK_RX_DFE_AGC1_FORCE_DEFAULT_FIR": (0, 0x5B18, 3, 0, 1, 0, 1, 0),
    "RX_TOP_LORA_SERVICE_FSK_RX_DFE_AGC1_RSSI_EARLY_LATCH": (0, 0x5B18, 2, 0, 1, 0, 1, 1),
    "RX_TOP_LORA_SERVICE_FSK_RX_DFE_AGC1_FREEZE_ON_SYNC": (0, 0x5B18, 0, 0, 2, 0, 1, 3),
    "RX_TOP_LORA_SERVICE_FSK_RX_DFE_AGC2_DAGC_IN_COMP": (0, 0x5B19, 6, 0, 1, 0, 1, 0),
    "RX_TOP_LORA_SERVICE_FSK_RX_DFE_AGC2_DAGC_FIR_HYST": (0, 0x5B19, 5, 0, 1, 0, 1, 1),
    "RX_TOP_LORA_SERVICE_FSK_RX_DFE_AGC2_RSSI_MAX_SAMPLE": (0, 0x5B19, 3, 0, 2, 0, 1, 1),
    "RX_TOP_LORA_SERVICE_FSK_RX_DFE_AGC2_RSSI_MIN_SAMPLE": (0, 0x5B19, 0, 0, 3, 0, 1, 2),
    "RX_TOP_LORA_SERVICE_FSK_RX_DFE_GAIN0_DAGC_FIR_FAST": (0, 0x5B1A, 7, 0, 1, 0, 1, 0),
    "RX_TOP_LORA_SERVICE_FSK_RX_DFE_GAIN0_FORCE_GAIN_FIR": (0, 0x5B1A, 6, 0, 1, 0, 1, 0),
    "RX_TOP_LORA_SERVICE_FSK_RX_DFE_GAIN0_GAIN_FIR1": (0, 0x5B1A, 4, 0, 2, 0, 1, 3),
    "RX_TOP_LORA_SERVICE_FSK_RX_DFE_GAIN0_GAIN_FIR2": (0, 0x5B1A, 0, 0, 3, 0, 1, 1),
    "RX_TOP_LORA_SERVICE_FSK_DAGC_CFG_TARGET_LVL": (0, 0x5B1B, 6, 0, 2, 0, 1, 0),
    "RX_TOP_LORA_SERVICE_FSK_DAGC_CFG_GAIN_INCR_STEP": (0, 0x5B1B, 5, 0, 1, 0, 1, 0),
    "RX_TOP_LORA_SERVICE_FSK_DAGC_CFG_GAIN_DROP_COMP": (0, 0x5B1B, 4, 0, 1, 0, 1, 0),
    "RX_TOP_LORA_SERVICE_FSK_DAGC_CFG_COMB_FILTER_EN": (0, 0x5B1B, 3, 0, 1, 0, 1, 1),
    "RX_TOP_LORA_SERVICE_FSK_DAGC_CFG_NO_FREEZE_START": (0, 0x5B1B, 2, 0, 1, 0, 1, 0),
    "RX_TOP_LORA_SERVICE_FSK_DAGC_CFG_FREEZE_ON_SYNC": (0, 0x5B1B, 0, 0, 2, 0, 1, 3),
    "RX_TOP_LORA_SERVICE_FSK_DAGC_CNT0_SAMPLE": (0, 0x5B1C, 0, 0, 8, 0, 1, 60),
    "RX_TOP_LORA_SERVICE_FSK_DAGC_CNT1_THR_M6": (0, 0x5B1D, 0, 0, 8, 0, 1, 6),
    "RX_TOP_LORA_SERVICE_FSK_DAGC_CNT2_THR_M12": (0, 0x5B1E, 0, 0, 8, 0, 1, 25),
    "RX_TOP_LORA_SERVICE_FSK_DAGC_CNT3_THR_M18": (0, 0x5B1F, 0, 0, 8, 0, 1, 42),
    "RX_TOP_LORA_SERVICE_FSK_DAGC_CNT4_GAIN": (0, 0x5B20, 4, 0, 4, 0, 1, 8),
    "RX_TOP_LORA_SERVICE_FSK_DAGC_CNT4_FORCE_GAIN": (0, 0x5B20, 0, 0, 1, 0, 1, 0),
    "RX_TOP_LORA_SERVICE_FSK_TXRX_CFG0_MODEM_BW": (0, 0x5B21, 4, 0, 4, 0, 1, 4),
    "RX_TOP_LORA_SERVICE_FSK_TXRX_CFG0_MODEM_SF": (0, 0x5B21, 0, 0, 4, 0, 1, 7),
    "RX_TOP_LORA_SERVICE_FSK_TXRX_CFG1_PPM_OFFSET_HDR_CTRL": (0, 0x5B22, 6, 0, 2, 0, 1, 2),
    "RX_TOP_LORA_SERVICE_FSK_TXRX_CFG1_PPM_OFFSET": (0, 0x5B22, 4, 0, 2, 0, 1, 0),
    "RX_TOP_LORA_SERVICE_FSK_TXRX_CFG1_MODEM_EN": (0, 0x5B22, 3, 0, 1, 0, 1, 0),
    "RX_TOP_LORA_SERVICE_FSK_TXRX_CFG1_CODING_RATE": (0, 0x5B22, 0, 0, 3, 0, 1, 2),
    "RX_TOP_LORA_SERVICE_FSK_TXRX_CFG2_FINE_SYNCH_EN": (0, 0x5B23, 5, 0, 1, 0, 1, 0),
    "RX_TOP_LORA_SERVICE_FSK_TXRX_CFG2_MODEM_START": (0, 0x5B23, 4, 0, 1, 0, 1, 0),
    "RX_TOP_LORA_SERVICE_FSK_TXRX_CFG2_CADRXTX": (0, 0x5B23, 2, 0, 2, 0, 1, 1),
    "RX_TOP_LORA_SERVICE_FSK_TXRX_CFG2_IMPLICIT_HEADER": (0, 0x5B23, 1, 0, 1, 0, 1, 0),
    "RX_TOP_LORA_SERVICE_FSK_TXRX_CFG2_CRC_EN": (0, 0x5B23, 0, 0, 1, 0, 1, 1),
    "RX_TOP_LORA_SERVICE_FSK_TXRX_CFG3_PAYLOAD_LENGTH": (0, 0x5B24, 0, 0, 8, 0, 1, 12),
    "RX_TOP_LORA_SERVICE_FSK_TXRX_CFG4_INT_STEP_ORIDE_EN": (0, 0x5B25, 7, 0, 1, 0, 1, 0),
    "RX_TOP_LORA_SERVICE_FSK_TXRX_CFG4_INT_STEP_ORIDE": (0, 0x5B25, 0, 0, 6, 0, 1, 0),
    "RX_TOP_LORA_SERVICE_FSK_TXRX_CFG5_HEADER_DIFF_MODE": (0, 0x5B26, 6, 0, 1, 0, 1, 0),
    "RX_TOP_LORA_SERVICE_FSK_TXRX_CFG5_ZERO_PAD": (0, 0x5B26, 0, 0, 6, 0, 1, 0),
    "RX_TOP_LORA_SERVICE_FSK_TXRX_CFG6_PREAMBLE_SYMB_NB": (0, 0x5B27, 0, 0, 8, 0, 1, 8),
    "RX_TOP_LORA_SERVICE_FSK_TXRX_CFG7_PREAMBLE_SYMB_NB": (0, 0x5B28, 0, 0, 8, 0, 1, 0),
    "RX_TOP_LORA_SERVICE_FSK_TXRX_CFG8_AUTO_ACK_INT_DELAY": (0, 0x5B29, 3, 0, 1, 0, 1, 1),
    "RX_TOP_LORA_SERVICE_FSK_TXRX_CFG8_AUTO_ACK_RX": (0, 0x5B29, 2, 0, 1, 0, 1, 0),
    "RX_TOP_LORA_SERVICE_FSK_TXRX_CFG8_AUTO_ACK_TX": (0, 0x5B29, 1, 0, 1, 0, 1, 0),
    "RX_TOP_LORA_SERVICE_FSK_TXRX_CFG8_POST_PREAMBLE_GAP_LONG": (0, 0x5B29, 0, 0, 1, 0, 1, 0),
    "RX_TOP_LORA_SERVICE_FSK_RX_CFG0_DFT_PEAK_EN": (0, 0x5B2A, 4, 0, 2, 0, 1, 3),
    "RX_TOP_LORA_SERVICE_FSK_RX_CFG0_CHIRP_INVERT": (0, 0x5B2A, 2, 0, 1, 0, 1, 1),
    "RX_TOP_LORA_SERVICE_FSK_RX_CFG0_SWAP_IQ": (0, 0x5B2A, 1, 0, 1, 0, 1, 0),
    "RX_TOP_LORA_SERVICE_FSK_RX_CFG0_CONTINUOUS": (0, 0x5B2A, 0, 0, 1, 0, 1, 0),
    "RX_TOP_LORA_SERVICE_FSK_RX_CFG1_DETECT_TIMEOUT": (0, 0x5B2B, 0, 0, 8, 0, 1, 0),
    "RX_TOP_LORA_SERVICE_FSK_RX_CFG2_AUTO_ACK_RANGE": (0, 0x5B2C, 5, 0, 2, 0, 1, 2),
    "RX_TOP_LORA_SERVICE_FSK_RX_CFG2_AUTO_ACK_DELAY": (0, 0x5B2C, 0, 0, 5, 0, 1, 22),
    "RX_TOP_LORA_SERVICE_FSK_RX_CFG3_RESTART_ON_HDR_ERR": (0, 0x5B2D, 5, 0, 1, 0, 1, 1),
    "RX_TOP_LORA_SERVICE_FSK_RX_CFG3_CLK_EN_RESYNC_DIN": (0, 0x5B2D, 4, 0, 1, 0, 1, 1),
    "RX_TOP_LORA_SERVICE_FSK_RX_CFG3_LLR_SCALE": (0, 0x5B2D, 0, 0, 4, 0, 1, 11),
    "RX_TOP_LORA_SERVICE_FSK_FRAME_SYNCH0_PEAK1_POS": (0, 0x5B2E, 0, 1, 5, 0, 1, 2),
    "RX_TOP_LORA_SERVICE_FSK_FRAME_SYNCH1_PEAK2_POS": (0, 0x5B2F, 0, 1, 5, 0, 1, 4),
    "RX_TOP_LORA_SERVICE_FSK_FRAME_SYNCH2_FINETIME_ON_LAST": (0, 0x5B30, 5, 0, 1, 0, 1, 0),
    "RX_TOP_LORA_SERVICE_FSK_FRAME_SYNCH2_AUTO_SCALE": (0, 0x5B30, 4, 0, 1, 0, 1, 1),
    "RX_TOP_LORA_SERVICE_FSK_FRAME_SYNCH2_DROP_ON_SYNCH": (0, 0x5B30, 3, 0, 1, 0, 1, 0),
    "RX_TOP_LORA_SERVICE_FSK_FRAME_SYNCH2_GAIN": (0, 0x5B30, 2, 0, 1, 0, 1, 1),
    "RX_TOP_LORA_SERVICE_FSK_FRAME_SYNCH2_TIMEOUT_OPT": (0, 0x5B30, 0, 0, 2, 0, 1, 3),
    "RX_TOP_LORA_SERVICE_FSK_FINE_TIMING0_GAIN_P_HDR_RED": (0, 0x5B31, 7, 0, 1, 0, 1, 1),
    "RX_TOP_LORA_SERVICE_FSK_FINE_TIMING0_ROUNDING": (0, 0x5B31, 6, 0, 1, 0, 1, 0),
    "RX_TOP_LORA_SERVICE_FSK_FINE_TIMING0_POS_LIMIT": (0, 0x5B31, 4, 0, 2, 0, 1, 0),
    "RX_TOP_LORA_SERVICE_FSK_FINE_TIMING0_SUM_SIZE": (0, 0x5B31, 2, 0, 2, 0, 1, 0),
    "RX_TOP_LORA_SERVICE_FSK_FINE_TIMING0_MODE": (0, 0x5B31, 0, 0, 2, 0, 1, 3),
    "RX_TOP_LORA_SERVICE_FSK_FINE_TIMING1_GAIN_P_AUTO": (0, 0x5B32, 6, 0, 2, 0, 1, 2),
    "RX_TOP_LORA_SERVICE_FSK_FINE_TIMING1_GAIN_P_PAYLOAD": (0, 0x5B32, 3, 0, 3, 0, 1, 2),
    "RX_TOP_LORA_SERVICE_FSK_FINE_TIMING1_GAIN_P_PREAMB": (0, 0x5B32, 0, 0, 3, 0, 1, 4),
    "RX_TOP_LORA_SERVICE_FSK_FINE_TIMING2_GAIN_I_EN": (0, 0x5B33, 6, 0, 2, 0, 1, 0),
    "RX_TOP_LORA_SERVICE_FSK_FINE_TIMING2_GAIN_I_PAYLOAD": (0, 0x5B33, 3, 0, 3, 0, 1, 1),
    "RX_TOP_LORA_SERVICE_FSK_FINE_TIMING2_GAIN_I_PREAMB": (0, 0x5B33, 0, 0, 3, 0, 1, 4),
    "RX_TOP_LORA_SERVICE_FSK_FINE_TIMING3_FINESYNCH_SUM": (0, 0x5B34, 7, 0, 1, 0, 1, 0),
    "RX_TOP_LORA_SERVICE_FSK_FINE_TIMING3_FINESYNCH_GAIN": (0, 0x5B34, 4, 0, 3, 0, 1, 5),
    "RX_TOP_LORA_SERVICE_FSK_FINE_TIMING3_GAIN_I_AUTO": (0, 0x5B34, 0, 0, 2, 0, 1, 3),
    "RX_TOP_LORA_SERVICE_FSK_FINE_TIMING4_GAIN_I_AUTO_MAX": (0, 0x5B35, 4, 0, 3, 0, 1, 0),
    "RX_TOP_LORA_SERVICE_FSK_FINE_TIMING4_GAIN_P_AUTO_MAX": (0, 0x5B35, 0, 0, 3, 0, 1, 0),
    "RX_TOP_LORA_SERVICE_FSK_FREQ_TO_TIME0_FREQ_TO_TIME_DRIFT_MANT": (0, 0x5B36, 0, 0, 4, 0, 1, 9),
    "RX_TOP_LORA_SERVICE_FSK_FREQ_TO_TIME1_FREQ_TO_TIME_DRIFT_MANT": (0, 0x5B37, 0, 0, 8, 0, 1, 112),
    "RX_TOP_LORA_SERVICE_FSK_FREQ_TO_TIME2_FREQ_TO_TIME_DRIFT_EXP": (0, 0x5B38, 0, 0, 3, 0, 1, 3),
    "RX_TOP_LORA_SERVICE_FSK_FREQ_TO_TIME3_FREQ_TO_TIME_INVERT_FREQ_DELTA": (0, 0x5B39, 5, 0, 1, 0, 1, 0),
    "RX_TOP_LORA_SERVICE_FSK_FREQ_TO_TIME3_FREQ_TO_TIME_INVERT_FINE_DELTA": (0, 0x5B39, 4, 0, 1, 0, 1, 0),
    "RX_TOP_LORA_SERVICE_FSK_FREQ_TO_TIME3_FREQ_TO_TIME_INVERT_FREQ_ERROR": (0, 0x5B39, 3, 0, 1, 0, 1, 1),
    "RX_TOP_LORA_SERVICE_FSK_FREQ_TO_TIME3_FREQ_TO_TIME_INVERT_TIME_SYMB": (0, 0x5B39, 2, 0, 1, 0, 1, 0),
    "RX_TOP_LORA_SERVICE_FSK_FREQ_TO_TIME3_FREQ_TO_TIME_INVERT_TIME_OFFSET": (0, 0x5B39, 1, 0, 1, 0, 1, 0),
    "RX_TOP_LORA_SERVICE_FSK_FREQ_TO_TIME3_FREQ_TO_TIME_INVERT_DETECT": (0, 0x5B39, 0, 0, 1, 0, 1, 1),
    "RX_TOP_LORA_SERVICE_FSK_FREQ_TO_TIME4_FREQ_TO_TIME_INVERT_RNG": (0, 0x5B3A, 0, 0, 8, 0, 1, 33),
    "RX_TOP_LORA_SERVICE_FSK_FREQ_TRACK0_FREQ_TRACK_FINE": (0, 0x5B3B, 7, 0, 1, 0, 1, 0),
    "RX_TOP_LORA_SERVICE_FSK_FREQ_TRACK0_FREQ_TRACK_HDR_SKIP": (0, 0x5B3B, 4, 0, 3, 0, 1, 4),
    "RX_TOP_LORA_SERVICE_FSK_FREQ_TRACK0_FREQ_TRACK_EN": (0, 0x5B3B, 0, 0, 2, 0, 1, 3),
    "RX_TOP_LORA_SERVICE_FSK_FREQ_TRACK1_FREQ_SYNCH_GAIN": (0, 0x5B3C, 4, 0, 3, 0, 1, 5),
    "RX_TOP_LORA_SERVICE_FSK_FREQ_TRACK1_FREQ_TRACK_AUTO_THR": (0, 0x5B3C, 0, 0, 4, 0, 1, 3),
    "RX_TOP_LORA_SERVICE_FSK_FREQ_TRACK2_SNR_MIN_WINDOW": (0, 0x5B3D, 5, 0, 2, 0, 1, 1),
    "RX_TOP_LORA_SERVICE_FSK_FREQ_TRACK2_GAIN_AUTO_SNR_MIN": (0, 0x5B3D, 4, 0, 1, 0, 1, 0),
    "RX_TOP_LORA_SERVICE_FSK_FREQ_TRACK2_FREQ_SYNCH_THR": (0, 0x5B3D, 0, 0, 4, 0, 1, 8),
    "RX_TOP_LORA_SERVICE_FSK_DETECT_MSP0_MSP_PNR": (0, 0x5B3E, 0, 0, 7, 0, 1, 24),
    "RX_TOP_LORA_SERVICE_FSK_DETECT_MSP1_MSP2_PNR": (0, 0x5B3F, 0, 0, 7, 0, 1, 48),
    "RX_TOP_LORA_SERVICE_FSK_DETECT_MSP2_MSP2_PEAK_NB": (0, 0x5B40, 4, 0, 3, 0, 1, 7),
    "RX_TOP_LORA_SERVICE_FSK_DETECT_MSP2_MSP_PEAK_NB": (0, 0x5B40, 0, 0, 3, 0, 1, 7),
    "RX_TOP_LORA_SERVICE_FSK_DETECT_MSP3_ACC_MIN2": (0, 0x5B41, 7, 0, 1, 0, 1, 0),
    "RX_TOP_LORA_SERVICE_FSK_DETECT_MSP3_ACC_WIN_LEN": (0, 0x5B41, 4, 0, 2, 0, 1, 2),
    "RX_TOP_LORA_SERVICE_FSK_DETECT_MSP3_MSP_POS_SEL": (0, 0x5B41, 2, 0, 1, 0, 1, 1),
    "RX_TOP_LORA_SERVICE_FSK_DETECT_MSP3_MSP_CNT_MODE": (0, 0x5B41, 0, 0, 2, 0, 1, 1),
    "RX_TOP_LORA_SERVICE_FSK_DETECT_ACC1_USE_GAIN_SYMB": (0, 0x5B42, 7, 0, 1, 0, 1, 0),
    "RX_TOP_LORA_SERVICE_FSK_DETECT_ACC1_ACC_PNR": (0, 0x5B42, 0, 0, 7, 0, 1, 55),
    "RX_TOP_LORA_SERVICE_FSK_DETECT_ACC2_NOISE_COEFF": (0, 0x5B43, 6, 0, 2, 0, 1, 2),
    "RX_TOP_LORA_SERVICE_FSK_DETECT_ACC2_ACC_COEFF": (0, 0x5B43, 4, 0, 2, 0, 1, 2),
    "RX_TOP_LORA_SERVICE_FSK_DETECT_ACC2_ACC_2_SAME_PEAKS": (0, 0x5B43, 3, 0, 1, 0, 1, 1),
    "RX_TOP_LORA_SERVICE_FSK_DETECT_ACC2_ACC_AUTO_RESCALE": (0, 0x5B43, 2, 0, 1, 0, 1, 1),
    "RX_TOP_LORA_SERVICE_FSK_DETECT_ACC2_ACC_PEAK_POS_SEL": (0, 0x5B43, 1, 0, 1, 0, 1, 1),
    "RX_TOP_LORA_SERVICE_FSK_DETECT_ACC2_ACC_PEAK_SUM_EN": (0, 0x5B43, 0, 0, 1, 0, 1, 1),
    "RX_TOP_LORA_SERVICE_FSK_DETECT_ACC3_MIN_SINGLE_PEAK": (0, 0x5B44, 0, 0, 8, 0, 1, 11),
    "RX_TOP_LORA_SERVICE_FSK_TIMESTAMP_SEL_SNR_MIN": (0, 0x5B45, 4, 0, 1, 0, 1, 0),
    "RX_TOP_LORA_SERVICE_FSK_TIMESTAMP_ENABLE": (0, 0x5B45, 3, 0, 1, 0, 1, 0),
    "RX_TOP_LORA_SERVICE_FSK_TIMESTAMP_NB_SYMB": (0, 0x5B45, 0, 0, 3, 0, 1, 7),
    "RX_TOP_LORA_SERVICE_FSK_CLOCK_GATE_OVERRIDE_FSK_TRANSPOSE_CLK_OVERRIDE": (0, 0x5B46, 6, 0, 2, 0, 1, 1),
    "RX_TOP_LORA_SERVICE_FSK_CLOCK_GATE_OVERRIDE_FSK_MODEM_CLK_OVERRIDE": (0, 0x5B46, 4, 0, 2, 0, 1, 1),
    "RX_TOP_LORA_SERVICE_FSK_CLOCK_GATE_OVERRIDE_TRANSPOSE_CLK_OVERRIDE": (0, 0x5B46, 2, 0, 2, 0, 1, 1),
    "RX_TOP_LORA_SERVICE_FSK_CLOCK_GATE_OVERRIDE_MODEM_CLK_OVERRIDE": (0, 0x5B46, 0, 0, 2, 0, 1, 1),
    "RX_TOP_LORA_SERVICE_FSK_DUMMY0_DUMMY0": (0, 0x5B47, 0, 0, 1, 1, 1, 0),
    "RX_TOP_LORA_SERVICE_FSK_FSK_FREQ_MSB_IF_FREQ_0": (0, 0x5B50, 0, 0, 5, 0, 1, 0),
    "RX_TOP_LORA_SERVICE_FSK_FSK_FREQ_LSB_IF_FREQ_0": (0, 0x5B51, 0, 0, 8, 0, 1, 128),
    "RX_TOP_LORA_SERVICE_FSK_FSK_CFG_0_CRC_IBM": (0, 0x5B52, 4, 0, 1, 0, 1, 0),
    "RX_TOP_LORA_SERVICE_FSK_FSK_CFG_0_DCFREE_ENC": (0, 0x5B52, 2, 0, 2, 0, 1, 0),
    "RX_TOP_LORA_SERVICE_FSK_FSK_CFG_0_CRC_EN": (0, 0x5B52, 1, 0, 1, 0, 1, 0),
    "RX_TOP_LORA_SERVICE_FSK_FSK_CFG_0_PKT_MODE": (0, 0x5B52, 0, 0, 1, 0, 1, 0),
    "RX_TOP_LORA_SERVICE_FSK_FSK_CFG_1_ADRS_COMP": (0, 0x5B53, 6, 0, 2, 0, 1, 0),
    "RX_TOP_LORA_SERVICE_FSK_FSK_CFG_1_PSIZE": (0, 0x5B53, 3, 0, 3, 0, 1, 0),
    "RX_TOP_LORA_SERVICE_FSK_FSK_CFG_1_CH_BW_EXPO": (0, 0x5B53, 0, 0, 3, 0, 1, 0),
    "RX_TOP_LORA_SERVICE_FSK_FSK_CFG_3_MODEM_INVERT_IQ": (0, 0x5B54, 3, 0, 1, 0, 1, 0),
    "RX_TOP_LORA_SERVICE_FSK_FSK_CFG_3_AUTO_AFC": (0, 0x5B54, 2, 0, 1, 0, 1, 1),
    "RX_TOP_LORA_SERVICE_FSK_FSK_CFG_3_RADIO_SELECT": (0, 0x5B54, 1, 0, 1, 0, 1, 0),
    "RX_TOP_LORA_SERVICE_FSK_FSK_CFG_3_RX_INVERT": (0, 0x5B54, 0, 0, 1, 0, 1, 0),
    "RX_TOP_LORA_SERVICE_FSK_FSK_CFG_4_RSSI_LENGTH": (0, 0x5B55, 5, 0, 3, 0, 1, 4),
    "RX_TOP_LORA_SERVICE_FSK_FSK_CFG_4_ERROR_OSR_TOL": (0, 0x5B55, 0, 0, 5, 0, 1, 0),
    "RX_TOP_LORA_SERVICE_FSK_FSK_NODE_ADRS_NODE_ADRS": (0, 0x5B56, 0, 0, 8, 0, 1, 0),
    "RX_TOP_LORA_SERVICE_FSK_FSK_BROADCAST_BROADCAST": (0, 0x5B57, 0, 0, 8, 0, 1, 0),
    "RX_TOP_LORA_SERVICE_FSK_FSK_PKT_LENGTH_PKT_LENGTH": (0, 0x5B58, 0, 0, 8, 0, 1, 0),
    "RX_TOP_LORA_SERVICE_FSK_FSK_TIMEOUT_MSB_TIMEOUT": (0, 0x5B59, 0, 0, 2, 0, 1, 0),
    "RX_TOP_LORA_SERVICE_FSK_FSK_TIMEOUT_LSB_TIMEOUT": (0, 0x5B5A, 0, 0, 8, 0, 1, 0),
    "RX_TOP_LORA_SERVICE_FSK_BIT_RATE_MSB_BIT_RATE": (0, 0x5B5B, 0, 0, 8, 0, 1, 0),
    "RX_TOP_LORA_SERVICE_FSK_BIT_RATE_LSB_BIT_RATE": (0, 0x5B5C, 0, 0, 8, 0, 1, 0),
    "RX_TOP_LORA_SERVICE_FSK_FSK_REF_PATTERN_BYTE7_FSK_REF_PATTERN": (0, 0x5B5D, 0, 0, 8, 0, 1, 0),
    "RX_TOP_LORA_SERVICE_FSK_FSK_REF_PATTERN_BYTE6_FSK_REF_PATTERN": (0, 0x5B5E, 0, 0, 8, 0, 1, 0),
    "RX_TOP_LORA_SERVICE_FSK_FSK_REF_PATTERN_BYTE5_FSK_REF_PATTERN": (0, 0x5B5F, 0, 0, 8, 0, 1, 0),
    "RX_TOP_LORA_SERVICE_FSK_FSK_REF_PATTERN_BYTE4_FSK_REF_PATTERN": (0, 0x5B60, 0, 0, 8, 0, 1, 0),
    "RX_TOP_LORA_SERVICE_FSK_FSK_REF_PATTERN_BYTE3_FSK_REF_PATTERN": (0, 0x5B61, 0, 0, 8, 0, 1, 0),
    "RX_TOP_LORA_SERVICE_FSK_FSK_REF_PATTERN_BYTE2_FSK_REF_PATTERN": (0, 0x5B62, 0, 0, 8, 0, 1, 0),
    "RX_TOP_LORA_SERVICE_FSK_FSK_REF_PATTERN_BYTE1_FSK_REF_PATTERN": (0, 0x5B63, 0, 0, 8, 0, 1, 0),
    "RX_TOP_LORA_SERVICE_FSK_FSK_REF_PATTERN_BYTE0_FSK_REF_PATTERN": (0, 0x5B64, 0, 0, 8, 0, 1, 0),
    "RX_TOP_LORA_SERVICE_FSK_FSK_RSSI_FILTER_ALPHA_FSK_RSSI_FILTER_ALPHA": (0, 0x5B65, 0, 0, 4, 0, 1, 4),
    "RX_TOP_LORA_SERVICE_FSK_DUMMY1_DUMMY1": (0, 0x5B66, 0, 0, 1, 1, 1, 0),
    "CAPTURE_RAM_CAPTURE_CFG_ENABLE": (0, 0x6000, 4, 0, 1, 0, 1, 0),
    "CAPTURE_RAM_CAPTURE_CFG_CAPTUREWRAP": (0, 0x6000, 3, 0, 1, 0, 1, 0),
    "CAPTURE_RAM_CAPTURE_CFG_CAPTUREFORCETRIGGER": (0, 0x6000, 2, 0, 1, 0, 1, 0),
    "CAPTURE_RAM_CAPTURE_CFG_CAPTURESTART": (0, 0x6000, 1, 0, 1, 0, 1, 0),
    "CAPTURE_RAM_CAPTURE_CFG_RAMCONFIG": (0, 0x6000, 0, 0, 1, 0, 1, 0),
    "CAPTURE_RAM_CAPTURE_SOURCE_A_SOURCEMUX": (0, 0x6001, 0, 0, 5, 0, 1, 0),
    "CAPTURE_RAM_CAPTURE_SOURCE_B_SOURCEMUX": (0, 0x6002, 0, 0, 5, 0, 1, 0),
    "CAPTURE_RAM_CAPTURE_PERIOD_0_CAPTUREPERIOD": (0, 0x6003, 0, 0, 8, 0, 1, 0),
    "CAPTURE_RAM_CAPTURE_PERIOD_1_CAPTUREPERIOD": (0, 0x6004, 0, 0, 8, 0, 1, 0),
    "CAPTURE_RAM_STATUS_CAPCOMPLETE": (0, 0x6005, 0, 0, 1, 1, 1, 0),
    "CAPTURE_RAM_LAST_RAM_ADDR_0_LASTRAMADDR": (0, 0x6006, 0, 0, 8, 1, 1, 0),
    "CAPTURE_RAM_LAST_RAM_ADDR_1_LASTRAMADDR": (0, 0x6007, 0, 0, 4, 1, 1, 0),
    "CAPTURE_RAM_CLOCK_GATE_OVERRIDE_CLK_OVERRIDE": (0, 0x6008, 0, 0, 2, 0, 1, 2),
    "CAPTURE_RAM_DUMMY0_DUMMY0": (0, 0x6009, 0, 0, 1, 1, 1, 0),
}

# Build reverse index: name -> int id (order matches insertion)
_REG_IDS: Dict[str, int] = {name: idx for idx, name in enumerate(_REG)}
_REG_LIST = list(_REG.values())
LGW_TOTALREGS = len(_REG_LIST)

# ---------------------------------------------------------------------------
# Module-level state
# ---------------------------------------------------------------------------

_started: bool = False

# SPI device handles
_spi: Optional["spidev.SpiDev"] = None  # SX1302 SPI bus
_spi_path: str = "/dev/spidev0.0"

# Pending configuration (set via lgw_*_setconf before lgw_start)
_board_cfg: Optional[dict] = None
_rf_chain_cfg: List[Optional[dict]] = [None, None]
_if_chain_cfg: List[Optional[dict]] = [None] * 10
_sx1261_cfg: Optional[dict] = None
_demod_cfg: Optional[dict] = None
_ftime_cfg: Optional[dict] = None
_debug_cfg: Optional[dict] = None
_spectral_scan_state: Dict[str, Any] = {
    "active": False,
    "freq_hz": None,
    "results": [],
    "status": "idle",
}

# ---------------------------------------------------------------------------
# Low-level SPI helpers
# ---------------------------------------------------------------------------


def _spi_open(spi_path: str) -> None:
    """Open the SX1302 spidev device.

    Args:
        spi_path: Linux spidev path, e.g. ``/dev/spidev0.0``.

    Raises:
        RuntimeError: If spidev is not available or device cannot be opened.
    """
    global _spi
    if not _SPIDEV_AVAILABLE:
        raise RuntimeError(
            "spidev module not available; install the hardware extra with "
            "install the daemon hardware dependencies and verify the Linux SPI device "
            f"exists and is accessible at {spi_path}"
        )
    parts = spi_path.replace("/dev/spidev", "").split(".")
    bus, dev = int(parts[0]), int(parts[1])
    _spi = spidev.SpiDev()
    _spi.open(bus, dev)
    _spi.max_speed_hz = 2_000_000  # match C SPI_SPEED from loragw_spi.h
    _spi.mode = 0
    log.debug("SPI opened: %s (bus=%d dev=%d)", spi_path, bus, dev)


def _spi_close() -> None:
    """Close the SX1302 spidev device."""
    global _spi
    if _spi is not None:
        _spi.close()
        _spi = None


def _spi_write(target: int, addr: int, data: bytes) -> None:
    """Write bytes to an SX1302 register address.

    Args:
        target: SPI MUX target byte (0x00 for SX1302).
        addr: 16-bit register address.
        data: Bytes to write.
    """
    if _spi is None:
        raise RuntimeError("SPI not open")
    # Frame: [mux_target, 0x80|addr_msb, addr_lsb, data...]  (C: lgw_spi_wb)
    frame = [target, 0x80 | ((addr >> 8) & 0x7F), addr & 0xFF] + list(data)
    _spi.xfer2(frame)


def _spi_read(target: int, addr: int, length: int) -> bytes:
    """Read bytes from an SX1302 register address.

    Args:
        target: SPI MUX target byte (0x00 for SX1302).
        addr: 16-bit register address.
        length: Number of bytes to read.

    Returns:
        Raw bytes read from the device.
    """
    if _spi is None:
        raise RuntimeError("SPI not open")
    # Frame: [mux_target, addr_msb, addr_lsb, dummy, data x length]  (C: lgw_spi_rb)
    # READ_ACCESS = 0x00, so addr_msb has no write bit set
    frame = [target, (addr >> 8) & 0x7F, addr & 0xFF, 0x00] + [0x00] * length
    resp = _spi.xfer2(frame)
    return bytes(resp[4:])  # first 4 bytes are header echo


def _mem_write(base_addr: int, data: bytes) -> None:
    """Bulk-write to paged EXT_MEM in chunks.

    Args:
        base_addr: Starting address within EXT_MEM (e.g. 0x0000 or 0x2000).
        data: Raw bytes to write.
    """
    chunk = 64
    offset = 0
    while offset < len(data):
        block = data[offset: offset + chunk]
        _spi_write(_SPI_MUX_TARGET_SX1302, base_addr + offset, block)
        offset += len(block)


def _mem_read(base_addr: int, length: int) -> bytes:
    """Bulk-read from paged EXT_MEM.

    Args:
        base_addr: Starting address within EXT_MEM.
        length: Number of bytes to read.

    Returns:
        Raw bytes read.
    """
    chunk = 64
    result = b""
    offset = 0
    while offset < length:
        n = min(chunk, length - offset)
        result += _spi_read(_SPI_MUX_TARGET_SX1302, base_addr + offset, n)
        offset += n
    return result


# ---------------------------------------------------------------------------
# Register access
# ---------------------------------------------------------------------------


def _reg_entry(name: str) -> Tuple[int, int, int, int, int, int, int, int]:
    """Return register tuple for the given name."""
    entry = _REG.get(name)
    if entry is None:
        raise KeyError(f"Unknown register: {name}")
    return entry


def _reg_w(name: str, value: int) -> None:
    """Write a bitfield register by name.

    Performs read-modify-write when the field does not occupy the full byte.

    Args:
        name: Register name from _REG.
        value: Integer value to write (masked to field width).

    Raises:
        KeyError: If register name is unknown.
        ValueError: If register is read-only.
    """
    _page, addr, offs, _sign, leng, rdon, _chck, _dflt = _reg_entry(name)
    if rdon:
        raise ValueError(f"Register {name!r} is read-only")
    mask = ((1 << leng) - 1) << offs
    value_shifted = (int(value) & ((1 << leng) - 1)) << offs
    if leng == 8 and offs == 0:
        # Full byte — no read needed
        _spi_write(_SPI_MUX_TARGET_SX1302, addr, bytes([value_shifted & 0xFF]))
    else:
        current = _spi_read(_SPI_MUX_TARGET_SX1302, addr, 1)[0]
        new_val = (current & ~mask) | value_shifted
        _spi_write(_SPI_MUX_TARGET_SX1302, addr, bytes([new_val & 0xFF]))


def _reg_r(name: str) -> int:
    """Read a bitfield register by name.

    Applies sign extension for signed fields.

    Args:
        name: Register name from _REG.

    Returns:
        Integer value of the field (sign-extended if field is signed).

    Raises:
        KeyError: If register name is unknown.
    """
    _page, addr, offs, sign, leng, _rdon, _chck, _dflt = _reg_entry(name)
    raw = _spi_read(_SPI_MUX_TARGET_SX1302, addr, 1)[0]
    value = (raw >> offs) & ((1 << leng) - 1)
    if sign and value >= (1 << (leng - 1)):
        value -= (1 << leng)
    return value


def _reg_wb(name: str, data: bytes) -> None:
    """Bulk-write raw bytes to the address of a register (no bit masking).

    Args:
        name: Register name whose address is the write target.
        data: Raw bytes to write.
    """
    _page, addr, _offs, _sign, _leng, _rdon, _chck, _dflt = _reg_entry(name)
    _spi_write(_SPI_MUX_TARGET_SX1302, addr, data)


def _reg_rb(name: str, length: int) -> bytes:
    """Bulk-read raw bytes from the address of a register.

    Args:
        name: Register name whose address is the read target.
        length: Number of bytes to read.

    Returns:
        Raw bytes.
    """
    _page, addr, _offs, _sign, _leng, _rdon, _chck, _dflt = _reg_entry(name)
    return _spi_read(_SPI_MUX_TARGET_SX1302, addr, length)


def _select_page(page: int) -> None:
    """Select the SPI register page via COMMON_PAGE_PAGE.

    Args:
        page: Page number (0-3).
    """
    _reg_w("COMMON_PAGE_PAGE", page)


# ---------------------------------------------------------------------------
# SX1250 radio driver (SPI via dedicated radio SPI mux channels)
# ---------------------------------------------------------------------------

# SX1250 OpCode commands (from sx1250_defs.h)
_SX1250_SET_STANDBY = 0x80
_SX1250_CALIBRATE = 0x89          # calibrate all blocks (0x7F)
_SX1250_CALIBRATE_IMAGE = 0x98   # image calibration with band-specific bytes
_SX1250_GET_DEVICE_ERRORS = 0x17
_SX1250_SET_RF_FREQUENCY = 0x86
_SX1250_GET_STATUS = 0xC0
_SX1250_SET_RX = 0x82
_SX1250_WRITE_REGISTER = 0x0D
_SX1250_STANDBY_RC = 0x00
_SX1250_STANDBY_XOSC = 0x01
_SX1250_STATUS_STANDBY_RC = 0x02
_SX1250_STATUS_STANDBY_XOSC = 0x03

# Radio SPI MUX targets
_RADIO_TARGET = [_SPI_MUX_TARGET_RADIOA, _SPI_MUX_TARGET_RADIOB]


def _sx1250_cmd_w(rf_chain: int, opcode: int, data: bytes) -> None:
    """Send an SX1250 OpCode command via the SX1302 SPI mux.

    SX1250 SPI frame: [mux_target, op_code, data...] — NOT the SX1302 register format.
    Matches C sx1250_spi_w(): out_buf[0]=spi_mux_target, out_buf[1]=op_code, out_buf[2+]=data
    """
    if _spi is None:
        raise RuntimeError("SPI not open")
    time.sleep(0.001)  # WAIT_BUSY_SX1250_MS
    frame = [_RADIO_TARGET[rf_chain], opcode] + list(data)
    _spi.xfer2(frame)


def _sx1250_cmd_r(rf_chain: int, opcode: int, length: int) -> bytes:
    """Read from SX1250 via OpCode command.

    Matches C sx1250_spi_r(): send [target, op_code, nop*length], response at in_buf[2:].
    """
    if _spi is None:
        raise RuntimeError("SPI not open")
    time.sleep(0.001)  # WAIT_BUSY_SX1250_MS
    frame = [_RADIO_TARGET[rf_chain], opcode] + [0x00] * length
    resp = _spi.xfer2(frame)
    return bytes(resp[2:])


def _sx1250_calibrate(rf_chain: int, freq_hz: int) -> None:
    """Run SX1250 image calibration (called during sx1302_radio_calibrate phase).

    Uses CALIBRATE_IMAGE with band-specific bytes, matches C sx1250_calibrate().
    """
    status = _sx1250_cmd_r(rf_chain, _SX1250_GET_STATUS, 1)[0]
    log.debug("sx1250_calibrate chain=%d pre-cal status=0x%02x", rf_chain, status)

    # Band-specific image calibration bytes (from C sx1250_calibrate)
    if 430e6 < freq_hz < 440e6:
        cal = bytes([0x6B, 0x6F])
    elif 470e6 < freq_hz < 510e6:
        cal = bytes([0x75, 0x81])
    elif 779e6 < freq_hz < 787e6:
        cal = bytes([0xC1, 0xC5])
    elif 863e6 < freq_hz < 870e6:
        cal = bytes([0xD7, 0xDB])
    elif 902e6 < freq_hz < 928e6:
        cal = bytes([0xE1, 0xE9])
    else:
        raise ValueError(f"Frequency {freq_hz} Hz not in a supported calibration band")

    _sx1250_cmd_w(rf_chain, _SX1250_CALIBRATE_IMAGE, cal)
    time.sleep(0.01)

    errors = _sx1250_cmd_r(rf_chain, _SX1250_GET_DEVICE_ERRORS, 3)
    if errors[2] & (1 << 4):
        log.error("SX1250 chain %d image calibration error (errors=0x%02x%02x%02x)",
                  rf_chain, errors[0], errors[1], errors[2])


def _sx1250_setup(rf_chain: int, freq_hz: int, single_input_mode: bool) -> None:
    """Configure an SX1250 radio for continuous receive.

    Matches C sx1250_setup() exactly. All SX1250 internal register writes use the
    WRITE_REGISTER (0x0D) opcode, NOT the SX1302 register SPI format.
    """
    # Set Standby RC
    _sx1250_cmd_w(rf_chain, _SX1250_SET_STANDBY, bytes([_SX1250_STANDBY_RC]))
    time.sleep(0.01)

    # Verify STANDBY_RC
    status = _sx1250_cmd_r(rf_chain, _SX1250_GET_STATUS, 1)[0]
    mode = (status >> 4) & 0x07
    if mode != _SX1250_STATUS_STANDBY_RC:
        log.warning("sx1250_setup chain=%d: expected STANDBY_RC (0x02) got 0x%02x", rf_chain, mode)

    # Calibrate all blocks
    _sx1250_cmd_w(rf_chain, _SX1250_CALIBRATE, bytes([0x7F]))
    time.sleep(0.01)

    # Set Standby XOSC
    _sx1250_cmd_w(rf_chain, _SX1250_SET_STANDBY, bytes([_SX1250_STANDBY_XOSC]))
    time.sleep(0.01)

    # Verify STANDBY_XOSC
    status = _sx1250_cmd_r(rf_chain, _SX1250_GET_STATUS, 1)[0]
    mode = (status >> 4) & 0x07
    if mode != _SX1250_STATUS_STANDBY_XOSC:
        log.warning("sx1250_setup chain=%d: expected STANDBY_XOSC (0x03) got 0x%02x", rf_chain, mode)

    # Set maximum bitrate (lowers TX→FS switch time): registers 0x06A1-0x06A3
    _sx1250_cmd_w(rf_chain, _SX1250_WRITE_REGISTER, bytes([0x06, 0xA1, 0x01]))
    _sx1250_cmd_w(rf_chain, _SX1250_WRITE_REGISTER, bytes([0x06, 0xA2, 0x00]))
    _sx1250_cmd_w(rf_chain, _SX1250_WRITE_REGISTER, bytes([0x06, 0xA3, 0x00]))

    # Configure DIO for Rx (drive strength, input/pull config, output enable)
    _sx1250_cmd_w(rf_chain, _SX1250_WRITE_REGISTER, bytes([0x05, 0x82, 0x00]))  # drive strength min
    _sx1250_cmd_w(rf_chain, _SX1250_WRITE_REGISTER, bytes([0x05, 0x83, 0x00]))  # input disabled
    _sx1250_cmd_w(rf_chain, _SX1250_WRITE_REGISTER, bytes([0x05, 0x84, 0x00]))  # no pull-up
    _sx1250_cmd_w(rf_chain, _SX1250_WRITE_REGISTER, bytes([0x05, 0x85, 0x00]))  # no pull-down
    _sx1250_cmd_w(rf_chain, _SX1250_WRITE_REGISTER, bytes([0x05, 0x80, 0x00]))  # output enable all

    # Set fix gain
    _sx1250_cmd_w(rf_chain, _SX1250_WRITE_REGISTER, bytes([0x08, 0xB6, 0x2A]))

    # Set RF frequency (4 bytes, big-endian): SX1250_FREQ_TO_REG = freq * 2^25 / 32MHz
    freq_word = (freq_hz * (1 << 25)) // 32_000_000
    _sx1250_cmd_w(rf_chain, _SX1250_SET_RF_FREQUENCY, struct.pack(">I", freq_word))

    # Zero frequency offset (register 0x088F, 5 bytes)
    _sx1250_cmd_w(rf_chain, _SX1250_WRITE_REGISTER, bytes([0x08, 0x8F, 0x00, 0x00, 0x00]))

    # Set continuous RX (0xFFFFFF timeout = continuous)
    _sx1250_cmd_w(rf_chain, _SX1250_SET_RX, bytes([0xFF, 0xFF, 0xFF]))

    # Optional single-input mode
    if single_input_mode:
        _sx1250_cmd_w(rf_chain, _SX1250_WRITE_REGISTER, bytes([0x08, 0xE2, 0x0D]))

    # FPGA RX mode
    _sx1250_cmd_w(rf_chain, _SX1250_WRITE_REGISTER, bytes([0x05, 0x87, 0x0B]))
    log.debug("sx1250_setup chain=%d freq=%d Hz done", rf_chain, freq_hz)


# ---------------------------------------------------------------------------
# AGC / ARB firmware load and start
# ---------------------------------------------------------------------------


def _agc_load_firmware(firmware: bytes) -> int:
    """Load AGC MCU firmware into SX1302 and verify.

    Args:
        firmware: Exactly 8192 bytes of MCU firmware.

    Returns:
        LGW_HAL_SUCCESS or LGW_HAL_ERROR.
    """
    _reg_w("AGC_MCU_CTRL_MCU_CLEAR", 1)
    _reg_w("AGC_MCU_CTRL_HOST_PROG", 1)
    _select_page(0)
    _mem_write(_AGC_MEM_ADDR, firmware)
    readback = _mem_read(_AGC_MEM_ADDR, _MCU_FW_SIZE)
    if readback != firmware:
        log.error("AGC firmware verification failed")
        return LGW_HAL_ERROR
    _reg_w("AGC_MCU_CTRL_HOST_PROG", 0)
    # Clear WR mailbox — previous-run trigger bytes (e.g. 0x80 in BYTE3) would
    # fire immediately when the MCU starts, skipping the 0x01 wait.
    _reg_w("AGC_MCU_MCU_MAIL_BOX_WR_DATA_BYTE3_MCU_MAIL_BOX_WR_DATA", 0)
    _reg_w("AGC_MCU_MCU_MAIL_BOX_WR_DATA_BYTE2_MCU_MAIL_BOX_WR_DATA", 0)
    _reg_w("AGC_MCU_MCU_MAIL_BOX_WR_DATA_BYTE1_MCU_MAIL_BOX_WR_DATA", 0)
    _reg_w("AGC_MCU_MCU_MAIL_BOX_WR_DATA_BYTE0_MCU_MAIL_BOX_WR_DATA", 0)
    # CLK_EN must be 1 before releasing MCU_CLEAR. The MCU clears its own
    # CLK_EN bit after starting; without a hardware reset we must restore it.
    _reg_w("AGC_MCU_CTRL_CLK_EN", 1)
    _reg_w("AGC_MCU_CTRL_MCU_CLEAR", 0)
    if _reg_r("AGC_MCU_CTRL_PARITY_ERROR") != 0:
        log.error("AGC MCU parity error after load")
        return LGW_HAL_ERROR
    log.debug("AGC firmware loaded OK (%d bytes)", len(firmware))
    return LGW_HAL_SUCCESS


def _arb_load_firmware(firmware: bytes) -> int:
    """Load ARB MCU firmware into SX1302 and verify.

    Args:
        firmware: Exactly 8192 bytes of MCU firmware.

    Returns:
        LGW_HAL_SUCCESS or LGW_HAL_ERROR.
    """
    _reg_w("ARB_MCU_CTRL_MCU_CLEAR", 1)
    _reg_w("ARB_MCU_CTRL_HOST_PROG", 1)
    _select_page(0)
    _mem_write(_ARB_MEM_ADDR, firmware)
    readback = _mem_read(_ARB_MEM_ADDR, _MCU_FW_SIZE)
    if readback != firmware:
        log.error("ARB firmware verification failed")
        return LGW_HAL_ERROR
    _reg_w("ARB_MCU_CTRL_HOST_PROG", 0)
    # Clear DEBUG_CFG_1 (resume signal). If left at 1 from a previous run, the
    # ARB skips STATUS=0x01 instantly and we never catch it.
    _reg_w("ARB_MCU_ARB_DEBUG_CFG_1_ARB_DEBUG_CFG_1", 0)
    _reg_w("ARB_MCU_CTRL_CLK_EN", 1)
    _reg_w("ARB_MCU_CTRL_MCU_CLEAR", 0)
    if _reg_r("ARB_MCU_CTRL_PARITY_ERROR") != 0:
        log.error("ARB MCU parity error after load")
        return LGW_HAL_ERROR
    log.debug("ARB firmware loaded OK (%d bytes)", len(firmware))
    return LGW_HAL_SUCCESS


def _agc_mailbox_wait(status_val: int, timeout: float = 3.0) -> bool:
    """Wait for AGC MCU mailbox status to reach the given value.

    Args:
        status_val: Expected status byte.
        timeout: Maximum wait time in seconds.

    Returns:
        True if status reached within timeout, False otherwise.
    """
    deadline = time.monotonic() + timeout
    while time.monotonic() < deadline:
        if _reg_r("AGC_MCU_MCU_AGC_STATUS_MCU_AGC_STATUS") == status_val:
            return True
        time.sleep(0.001)
    actual = _reg_r("AGC_MCU_MCU_AGC_STATUS_MCU_AGC_STATUS")
    log.error("AGC mailbox timeout waiting for 0x%02X, actual=0x%02X", status_val, actual)
    return False


def _agc_mb_w(byte_idx: int, val: int) -> None:
    """Write one byte to AGC mailbox."""
    names = [
        "AGC_MCU_MCU_MAIL_BOX_WR_DATA_BYTE0_MCU_MAIL_BOX_WR_DATA",
        "AGC_MCU_MCU_MAIL_BOX_WR_DATA_BYTE1_MCU_MAIL_BOX_WR_DATA",
        "AGC_MCU_MCU_MAIL_BOX_WR_DATA_BYTE2_MCU_MAIL_BOX_WR_DATA",
        "AGC_MCU_MCU_MAIL_BOX_WR_DATA_BYTE3_MCU_MAIL_BOX_WR_DATA",
    ]
    _reg_w(names[byte_idx], val)


def _agc_mb_r(byte_idx: int) -> int:
    """Read one byte from AGC mailbox."""
    names = [
        "AGC_MCU_MCU_MAIL_BOX_RD_DATA_BYTE0_MCU_MAIL_BOX_RD_DATA",
        "AGC_MCU_MCU_MAIL_BOX_RD_DATA_BYTE1_MCU_MAIL_BOX_RD_DATA",
        "AGC_MCU_MCU_MAIL_BOX_RD_DATA_BYTE2_MCU_MAIL_BOX_RD_DATA",
        "AGC_MCU_MCU_MAIL_BOX_RD_DATA_BYTE3_MCU_MAIL_BOX_RD_DATA",
    ]
    return _reg_r(names[byte_idx])


def _agc_start(ana_gain: int = 0xFF, dec_gain: int = 0xFF) -> int:
    """Execute the AGC MCU startup handshake sequence.

    Matches C sx1302_agc_start() exactly. All trigger values and gain table
    parameters are from loragw_agc_params.h / loragw_sx1302.c.

    Args:
        ana_gain: Analogue gain (0xFF = SX1302_AGC_RADIO_GAIN_AUTO).
        dec_gain: Decimation gain (0xFF = SX1302_AGC_RADIO_GAIN_AUTO).

    Returns:
        LGW_HAL_SUCCESS or LGW_HAL_ERROR.
    """
    # AGC param table for SX1250 (from loragw_agc_params.h agc_params_sx1250)
    ANA_MIN, ANA_MAX = 1, 13
    ANA_THRESH_L, ANA_THRESH_H = 3, 12
    DEC_ATTN_MIN, DEC_ATTN_MAX = 4, 15
    DEC_THRESH_L, DEC_THRESH_H1, DEC_THRESH_H2 = 40, 80, 90
    CHAN_ATTN_MIN, CHAN_ATTN_MAX = 4, 14
    CHAN_THRESH_L, CHAN_THRESH_H = 52, 132
    DEVICE_SEL, HP_MAX, PA_DUTY_CYCLE = 0, 7, 4
    PA_START_DELAY = 8  # 100 µs per LSB

    # AGC init triggers (from loragw_sx1302.c)
    AGC_RADIO_A_INIT_DONE = 0x80
    AGC_RADIO_B_INIT_DONE = 0x20

    # Wait for AGC MCU to start and post version in mailbox[0]
    if not _agc_mailbox_wait(0x01):
        return LGW_HAL_ERROR
    version = _agc_mb_r(0)
    if version != _FW_VERSION_AGC_SX1250:
        log.error("AGC FW version mismatch: got %d expected %d", version, _FW_VERSION_AGC_SX1250)
        return LGW_HAL_ERROR
    log.debug("AGC FW version: %d", version)

    # Radio A: write gain settings, trigger with 0x80, wait for 0x02
    _agc_mb_w(0, ana_gain)
    _agc_mb_w(1, dec_gain)
    # Note: fdd_mode (byte2) NOT written for SX1250 (C code skips it)
    _agc_mb_w(3, AGC_RADIO_A_INIT_DONE)
    if not _agc_mailbox_wait(0x02):
        return LGW_HAL_ERROR

    # Radio B: same gains, trigger with 0x20, wait for 0x03
    _agc_mb_w(0, ana_gain)
    _agc_mb_w(1, dec_gain)
    _agc_mb_w(3, AGC_RADIO_B_INIT_DONE)
    if not _agc_mailbox_wait(0x03):
        return LGW_HAL_ERROR

    # Ana gain min/max → 0x04
    _agc_mb_w(0, ANA_MIN)
    _agc_mb_w(1, ANA_MAX)
    _agc_mb_w(3, 0x03)
    if not _agc_mailbox_wait(0x04):
        return LGW_HAL_ERROR

    # Ana thresholds → 0x05
    _agc_mb_w(0, ANA_THRESH_L)
    _agc_mb_w(1, ANA_THRESH_H)
    _agc_mb_w(3, 0x04)
    if not _agc_mailbox_wait(0x05):
        return LGW_HAL_ERROR

    # Dec attenuation min/max → 0x06
    _agc_mb_w(0, DEC_ATTN_MIN)
    _agc_mb_w(1, DEC_ATTN_MAX)
    _agc_mb_w(3, 0x05)
    if not _agc_mailbox_wait(0x06):
        return LGW_HAL_ERROR

    # Dec thresholds → 0x07
    _agc_mb_w(0, DEC_THRESH_L)
    _agc_mb_w(1, DEC_THRESH_H1)
    _agc_mb_w(2, DEC_THRESH_H2)
    _agc_mb_w(3, 0x06)
    if not _agc_mailbox_wait(0x07):
        return LGW_HAL_ERROR

    # Chan attenuation min/max → 0x08
    _agc_mb_w(0, CHAN_ATTN_MIN)
    _agc_mb_w(1, CHAN_ATTN_MAX)
    _agc_mb_w(3, 0x07)
    if not _agc_mailbox_wait(0x08):
        return LGW_HAL_ERROR

    # Chan thresholds → 0x09
    _agc_mb_w(0, CHAN_THRESH_L)
    _agc_mb_w(1, CHAN_THRESH_H)
    _agc_mb_w(3, 0x08)
    if not _agc_mailbox_wait(0x09):
        return LGW_HAL_ERROR

    # SX1250-specific: PA config (deviceSel, hpMax, paDutyCycle) → 0x0A
    _agc_mb_w(0, DEVICE_SEL)
    _agc_mb_w(1, HP_MAX)
    _agc_mb_w(2, PA_DUTY_CYCLE)
    _agc_mb_w(3, 0x09)
    if not _agc_mailbox_wait(0x0A):
        return LGW_HAL_ERROR

    # PA start delay → 0x0B
    _agc_mb_w(0, PA_START_DELAY)
    _agc_mb_w(3, 0x0A)
    if not _agc_mailbox_wait(0x0B):
        return LGW_HAL_ERROR

    # LBT enable (disabled) → 0x0F
    _agc_mb_w(0, 0)   # lbt_enable = false
    _agc_mb_w(3, 0x0B)
    if not _agc_mailbox_wait(0x0F):
        return LGW_HAL_ERROR

    # Signal configuration complete
    _agc_mb_w(3, 0x0F)

    log.debug("AGC MCU started")
    return LGW_HAL_SUCCESS


def _arb_mailbox_wait(status_val: int, timeout: float = 3.0) -> bool:
    """Wait for ARB MCU status register to reach the given value.

    Args:
        status_val: Expected status byte.
        timeout: Maximum wait time in seconds.

    Returns:
        True if status reached, False on timeout.
    """
    deadline = time.monotonic() + timeout
    while time.monotonic() < deadline:
        if _reg_r("ARB_MCU_MCU_ARB_STATUS_MCU_ARB_STATUS") == status_val:
            return True
        time.sleep(0.001)
    log.error("ARB mailbox timeout waiting for status 0x%02X", status_val)
    return False


def _arb_start() -> int:
    """Execute the ARB MCU startup handshake sequence.

    Returns:
        LGW_HAL_SUCCESS or LGW_HAL_ERROR.
    """
    if not _arb_mailbox_wait(0x01):
        return LGW_HAL_ERROR
    version = _reg_r("ARB_MCU_ARB_DEBUG_STS_0_ARB_DEBUG_STS_0")
    if version != _FW_VERSION_ARB:
        log.error("ARB FW version mismatch: got %d expected %d", version, _FW_VERSION_ARB)
        return LGW_HAL_ERROR
    log.debug("ARB FW version: %d", version)

    # Enable debug stats on SF7
    _reg_w("ARB_MCU_ARB_DEBUG_CFG_0_ARB_DEBUG_CFG_0", 1)  # enable stats
    _reg_w("ARB_MCU_ARB_DEBUG_CFG_1_ARB_DEBUG_CFG_1", 7)  # SF7

    # Disable dual demodulation (no fine timestamp by default)
    _reg_w("ARB_MCU_ARB_DEBUG_CFG_3_ARB_DEBUG_CFG_3", 0x00)
    _reg_w("ARB_MCU_ARB_DEBUG_CFG_2_ARB_DEBUG_CFG_2", 3)   # filter threshold
    _reg_w("ARB_MCU_ARB_DEBUG_CFG_1_ARB_DEBUG_CFG_1", 1)   # resume

    if not _arb_mailbox_wait(0x00):
        return LGW_HAL_ERROR
    log.debug("ARB MCU started")
    return LGW_HAL_SUCCESS


# ---------------------------------------------------------------------------
# SX1302 core initialisation helpers
# ---------------------------------------------------------------------------


def _sx1302_radio_reset(rf_chain: int) -> None:
    """Reset the SX1250 radio on the given RF chain.

    Pulses RADIO_RST high for 500ms, deasserts, then re-asserts (SX1250 auto-cal).
    Must be called before _sx1250_setup().
    """
    _reg_w("COMMON_CTRL0_CLK32_RIF_CTRL", 0)
    if rf_chain == 0:
        _reg_w("AGC_MCU_RF_EN_A_RADIO_EN", 1)
        _reg_w("AGC_MCU_RF_EN_A_RADIO_RST", 1)
        time.sleep(0.5)
        _reg_w("AGC_MCU_RF_EN_A_RADIO_RST", 0)
        time.sleep(0.01)
        _reg_w("AGC_MCU_RF_EN_A_RADIO_RST", 1)
        time.sleep(0.01)
    else:
        _reg_w("AGC_MCU_RF_EN_B_RADIO_EN", 1)
        _reg_w("AGC_MCU_RF_EN_B_RADIO_RST", 1)
        time.sleep(0.5)
        _reg_w("AGC_MCU_RF_EN_B_RADIO_RST", 0)
        time.sleep(0.01)
        _reg_w("AGC_MCU_RF_EN_B_RADIO_RST", 1)
        time.sleep(0.01)
    log.debug("sx1302_radio_reset chain=%d done", rf_chain)


def _sx1302_radio_set_mode(rf_chain: int) -> None:
    """Set SX1302 radio frontend to SX1250 mode."""
    if rf_chain == 0:
        _reg_w("COMMON_CTRL0_SX1261_MODE_RADIO_A", 1)
    else:
        _reg_w("COMMON_CTRL0_SX1261_MODE_RADIO_B", 1)


def _sx1302_pa_lna_lut_configure(full_duplex: bool = False) -> None:
    """Configure PA and LNA LUT tables for the AGC MCU."""
    if full_duplex:
        _reg_w("AGC_MCU_LUT_TABLE_A_PA_LUT", 0x0C)
        _reg_w("AGC_MCU_LUT_TABLE_A_LNA_LUT", 0x0F)
    else:
        _reg_w("AGC_MCU_LUT_TABLE_A_PA_LUT", 0x04)
        _reg_w("AGC_MCU_LUT_TABLE_A_LNA_LUT", 0x02)
    _reg_w("AGC_MCU_LUT_TABLE_B_PA_LUT", 0x04)
    _reg_w("AGC_MCU_LUT_TABLE_B_LNA_LUT", 0x02)


def _sx1302_radio_fe_configure() -> None:
    """Configure SX1302 radio frontend RSSI filters and DC notch."""
    _reg_w("RADIO_FE_RSSI_BB_FILTER_ALPHA_RADIO_A_RSSI_BB_FILTER_ALPHA", 0x03)
    _reg_w("RADIO_FE_RSSI_DEC_FILTER_ALPHA_RADIO_A_RSSI_DEC_FILTER_ALPHA", 0x07)
    _reg_w("RADIO_FE_RSSI_BB_FILTER_ALPHA_RADIO_B_RSSI_BB_FILTER_ALPHA", 0x03)
    _reg_w("RADIO_FE_RSSI_DEC_FILTER_ALPHA_RADIO_B_RSSI_DEC_FILTER_ALPHA", 0x07)
    _reg_w("RADIO_FE_RSSI_DB_DEF_RADIO_A_RSSI_DB_DEFAULT_VALUE", 23)
    _reg_w("RADIO_FE_RSSI_DEC_DEF_RADIO_A_RSSI_DEC_DEFAULT_VALUE", 66)
    _reg_w("RADIO_FE_RSSI_DB_DEF_RADIO_B_RSSI_DB_DEFAULT_VALUE", 23)
    _reg_w("RADIO_FE_RSSI_DEC_DEF_RADIO_B_RSSI_DEC_DEFAULT_VALUE", 66)
    _reg_w("RADIO_FE_CTRL0_RADIO_A_DC_NOTCH_EN", 1)
    _reg_w("RADIO_FE_CTRL0_RADIO_A_HOST_FILTER_GAIN", 0x0B)
    _reg_w("RADIO_FE_CTRL0_RADIO_B_DC_NOTCH_EN", 1)
    _reg_w("RADIO_FE_CTRL0_RADIO_B_HOST_FILTER_GAIN", 0x0B)


def _sx1302_init() -> None:
    """Reset SX1302 internal state and configure GPIO lines."""
    _reg_w("GPIO_GPIO_DIR_L_DIRECTION", 0xFF)
    _reg_w("GPIO_GPIO_DIR_H_DIRECTION", 0x0F)


def _sx1302_radio_clock_select(clksrc: int) -> None:
    """Select the reference clock source for the SX1302.

    Matches C sx1302_radio_clock_select(): selects radio clock, enables clock
    dividers (CLKDIV_EN), and sets RIF clock to 32MHz (CLK32_RIF_CTRL=1).

    Args:
        clksrc: RF chain index (0 or 1) that supplies the clock.
    """
    if clksrc == 0:
        _reg_w("CLK_CTRL_CLK_SEL_CLK_RADIO_A_SEL", 1)
        _reg_w("CLK_CTRL_CLK_SEL_CLK_RADIO_B_SEL", 0)
    else:
        _reg_w("CLK_CTRL_CLK_SEL_CLK_RADIO_A_SEL", 0)
        _reg_w("CLK_CTRL_CLK_SEL_CLK_RADIO_B_SEL", 1)
    # Enable clock dividers and switch RIF to radio 32MHz clock
    _reg_w("CLK_CTRL_CLK_SEL_CLKDIV_EN", 1)
    _reg_w("COMMON_CTRL0_CLK32_RIF_CTRL", 1)


def _sx1302_channelizer_configure(if_chain_cfg: List[Optional[dict]]) -> None:
    """Write IF chain frequency offsets and radio select to channelizer.

    Args:
        if_chain_cfg: List of IF chain config dicts with 'freq_hz' and
            'rf_chain' keys.  None entries are skipped.
    """
    for i, cfg in enumerate(if_chain_cfg[:8]):
        if cfg is None:
            continue
        freq_word = round(cfg.get("freq_hz", 0) / 15.625)  # 15.625 kHz resolution
        msb = (freq_word >> 8) & 0x1F
        lsb = freq_word & 0xFF
        _reg_w(f"RX_TOP_FREQ_{i}_MSB_IF_FREQ_{i}", msb)
        _reg_w(f"RX_TOP_FREQ_{i}_LSB_IF_FREQ_{i}", lsb)

    # Build radio_select byte (one bit per channel)
    radio_sel = 0
    for i, cfg in enumerate(if_chain_cfg[:8]):
        if cfg and cfg.get("rf_chain", 0) == 1:
            radio_sel |= (1 << i)
    _reg_w("RX_TOP_RADIO_SELECT_RADIO_SELECT", radio_sel)


def _sx1302_lora_service_configure(cfg: Optional[dict]) -> None:
    """Configure the LoRa service modem (9th IF chain).

    Args:
        cfg: Config dict with 'freq_hz' and 'rf_chain' keys, or None.
    """
    if cfg is None:
        return
    freq_word = round(cfg.get("freq_hz", 0) / 15.625)
    _reg_w(
        "RX_TOP_LORA_SERVICE_FSK_LORA_SERVICE_FREQ_MSB_IF_FREQ_0",
        (freq_word >> 8) & 0x1F,
    )
    _reg_w(
        "RX_TOP_LORA_SERVICE_FSK_LORA_SERVICE_FREQ_LSB_IF_FREQ_0",
        freq_word & 0xFF,
    )
    _reg_w(
        "RX_TOP_LORA_SERVICE_FSK_LORA_SERVICE_RADIO_SEL_RADIO_SELECT",
        cfg.get("rf_chain", 0) & 0x01,
    )


def _sx1302_lora_syncword(lorawan_public: bool) -> None:
    """Set the LoRa sync word for the multi-SF correlator.

    Args:
        lorawan_public: If True, use public sync word (0x34).
            If False, use private sync word (0x12).
    """
    sw = 0x34 if lorawan_public else 0x12
    # Enable correlators for SF5-SF12 (all 8 correlators, 8 channels)
    _reg_w("RX_TOP_CORR_CLOCK_ENABLE_CLK_EN", 0xFF)
    _reg_w("RX_TOP_CORRELATOR_SF_EN_CORR_SF_EN", 0xFF)
    _reg_w("RX_TOP_CORRELATOR_EN_CORR_EN", 0xFF)
    log.debug("LoRa syncword set to 0x%02X (public=%s)", sw, lorawan_public)


# ---------------------------------------------------------------------------
# RX FIFO — packet fetch and parse
# ---------------------------------------------------------------------------


class _RxPacket:
    """Internal raw RX packet extracted from the SX1302 FIFO."""

    __slots__ = (
        "payload", "if_chain", "modem_id", "rssi_chan", "rssi_signal",
        "snr", "sf", "bw", "cr", "crc_en", "crc_error", "crc16",
        "freq_offset_error", "timestamp_us", "num_ts",
    )

    def __init__(self) -> None:
        self.payload: bytes = b""
        self.if_chain: int = 0
        self.modem_id: int = 0
        self.rssi_chan: int = 0
        self.rssi_signal: int = 0
        self.snr: int = 0
        self.sf: int = 0
        self.bw: int = 0
        self.cr: int = 0
        self.crc_en: int = 0
        self.crc_error: int = 0
        self.crc16: int = 0
        self.freq_offset_error: int = 0
        self.timestamp_us: int = 0
        self.num_ts: int = 0


def _rx_buffer_fetch() -> List[_RxPacket]:
    """Read and parse all pending packets from the SX1302 RX FIFO.

    Implements the double-read workaround for the nb_bytes register and the
    syncword scan algorithm described in the SX1302 HAL reference.

    Returns:
        List of parsed _RxPacket objects.
    """
    # Double-read workaround: hardware multi-byte register glitch
    nb_msb = _reg_r("RX_TOP_RX_BUFFER_NB_BYTES_MSB_RX_BUFFER_NB_BYTES")
    nb_lsb = _reg_r("RX_TOP_RX_BUFFER_NB_BYTES_LSB_RX_BUFFER_NB_BYTES")
    count1 = ((nb_msb & 0x1F) << 8) | (nb_lsb & 0xFF)

    nb_msb = _reg_r("RX_TOP_RX_BUFFER_NB_BYTES_MSB_RX_BUFFER_NB_BYTES")
    nb_lsb = _reg_r("RX_TOP_RX_BUFFER_NB_BYTES_LSB_RX_BUFFER_NB_BYTES")
    count2 = ((nb_msb & 0x1F) << 8) | (nb_lsb & 0xFF)

    buffer_size = max(count1, count2)
    if buffer_size == 0:
        return []
    if buffer_size < (_PKT_HEAD_METADATA + _PKT_TAIL_METADATA):
        log.debug("RX buffer too small (%d bytes), discarding", buffer_size)
        return []

    # Bulk read from RX_BUFFER base address
    buf = list(_spi_read(_SPI_MUX_TARGET_SX1302, _RX_BUFFER_BASE_ADDR, buffer_size))

    # Find first syncword 0xA5 0xC0
    sync_idx = -1
    for i in range(len(buf) - 1):
        if buf[i] == _PKT_SYNCWORD_H and buf[i + 1] == _PKT_SYNCWORD_L:
            sync_idx = i
            break
    if sync_idx < 0:
        log.debug("No syncword found in RX buffer")
        return []
    if sync_idx > 0:
        buf = buf[sync_idx:]  # re-align

    packets: List[_RxPacket] = []
    idx = 0
    while idx + _PKT_HEAD_METADATA + _PKT_TAIL_METADATA <= len(buf):
        if buf[idx] != _PKT_SYNCWORD_H or buf[idx + 1] != _PKT_SYNCWORD_L:
            break  # lost alignment

        payload_len = buf[idx + 2]
        # Head is 9 bytes: [syncH, syncL, payload_len, if_chain, modem_id, ...]
        head_start = idx
        pld_start = idx + _PKT_HEAD_METADATA
        tail_start = pld_start + payload_len
        num_ts_offset = tail_start + 21  # SX1302_PKT_NUM_TS_METRICS offset

        if num_ts_offset >= len(buf):
            break
        num_ts = buf[num_ts_offset] if num_ts_offset < len(buf) else 0
        packet_end = tail_start + _PKT_TAIL_METADATA + 2 * num_ts

        if packet_end > len(buf):
            break

        pkt = _RxPacket()
        pkt.payload = bytes(buf[pld_start: pld_start + payload_len])

        # Parse head metadata (bytes 3-8 of head block)
        pkt.if_chain = buf[head_start + 3] & 0x0F
        pkt.modem_id = (buf[head_start + 3] >> 4) & 0x0F

        # Parse tail metadata
        tail = buf[tail_start: tail_start + _PKT_TAIL_METADATA]
        if len(tail) >= 14:
            pkt.rssi_chan = tail[0]
            pkt.rssi_signal = tail[1]
            pkt.snr = tail[2]
            pkt.crc_en = tail[3] & 0x01
            pkt.crc_error = (tail[3] >> 1) & 0x01
            pkt.crc16 = (tail[4] << 8) | tail[5]
            rate_byte = tail[6]
            pkt.sf = rate_byte & 0x0F
            pkt.bw = (rate_byte >> 4) & 0x0F
            pkt.cr = tail[7] & 0x07
            pkt.freq_offset_error = struct.unpack_from(">h", bytes(tail[8:10]))[0]
            pkt.timestamp_us = struct.unpack_from("<I", bytes(tail[10:14]))[0]
            pkt.num_ts = num_ts

        packets.append(pkt)
        idx = packet_end

    return packets


# ---------------------------------------------------------------------------
# Public HAL API
# ---------------------------------------------------------------------------


def lgw_board_setconf(conf: dict) -> int:
    """Set gateway board configuration.

    Must be called before lgw_start().

    Args:
        conf: Dictionary with keys:
            ``lorawan_public`` (bool): Use public LoRa sync word (0x34).
            ``clksrc`` (int): RF chain index (0 or 1) providing the reference
                clock.
            ``spi_path`` (str): Linux spidev path (default ``/dev/spidev0.0``).

    Returns:
        LGW_HAL_SUCCESS.

    Example:
        >>> lgw_board_setconf({"lorawan_public": True, "clksrc": 0,
        ...                    "spi_path": "/dev/spidev0.0"})
        0
    """
    global _board_cfg, _spi_path
    if _started:
        log.error("lgw_board_setconf: gateway already started")
        return LGW_HAL_ERROR
    cfg = _normalize_config(conf)
    _board_cfg = cfg
    _spi_path = cfg.get("spi_path", "/dev/spidev0.0")
    return LGW_HAL_SUCCESS


def lgw_rxrf_setconf(rf_chain: int, conf: dict) -> int:
    """Set RX RF chain configuration.

    Must be called before lgw_start().

    Args:
        rf_chain: RF chain index (0 or 1).
        conf: Dictionary with keys:
            ``enable`` (bool): Enable this RF chain.
            ``freq_hz`` (int): Centre frequency in Hz.
            ``rssi_offset`` (float): RSSI offset in dBm.
            ``type`` (int): Radio type constant (RADIO_TYPE_SX1250, etc.).
            ``tx_enable`` (bool): Allow TX on this chain.
            ``single_input_mode`` (bool): Single-ended RF input.

    Returns:
        LGW_HAL_SUCCESS or LGW_HAL_ERROR.

    Example:
        >>> lgw_rxrf_setconf(0, {"enable": True, "freq_hz": 868100000,
        ...                      "type": RADIO_TYPE_SX1250})
        0
    """
    if rf_chain >= LGW_RF_CHAIN_NB:
        log.error("lgw_rxrf_setconf: invalid rf_chain %d", rf_chain)
        return LGW_HAL_ERROR
    if _started:
        log.error("lgw_rxrf_setconf: gateway already started")
        return LGW_HAL_ERROR
    _rf_chain_cfg[rf_chain] = _normalize_config(conf)
    return LGW_HAL_SUCCESS


def lgw_rxif_setconf(if_chain: int, conf: dict) -> int:
    """Set RX IF chain configuration.

    Must be called before lgw_start().

    Args:
        if_chain: IF chain index (0-9, where 8 = LoRa service, 9 = FSK).
        conf: Dictionary with keys:
            ``enable`` (bool): Enable this IF chain.
            ``rf_chain`` (int): Parent RF chain (0 or 1).
            ``freq_hz`` (int): IF frequency offset in Hz.
            ``bandwidth`` (int): BW_* constant.
            ``datarate`` (int): DR_LORA_SF* or FSK bit rate.

    Returns:
        LGW_HAL_SUCCESS or LGW_HAL_ERROR.

    Example:
        >>> lgw_rxif_setconf(0, {"enable": True, "rf_chain": 0,
        ...                      "freq_hz": -400000, "bandwidth": BW_125KHZ,
        ...                      "datarate": DR_LORA_MULTI})
        0
    """
    if if_chain >= len(_if_chain_cfg):
        log.error("lgw_rxif_setconf: invalid if_chain %d", if_chain)
        return LGW_HAL_ERROR
    if _started:
        log.error("lgw_rxif_setconf: gateway already started")
        return LGW_HAL_ERROR
    _if_chain_cfg[if_chain] = _normalize_config(conf)
    return LGW_HAL_SUCCESS


def lgw_txgain_setconf(rf_chain: int, conf: dict) -> int:
    """Set TX gain look-up table for an RF chain.

    Must be called before lgw_start().

    Args:
        rf_chain: RF chain index (0 or 1).
        conf: Dictionary with key ``lut`` — a list of gain table entries,
            each a dict with ``pa_gain``, ``dig_gain``, ``dac_gain``, ``mix_gain``
            and ``rf_power`` keys.

    Returns:
        LGW_HAL_SUCCESS or LGW_HAL_ERROR.

    Example:
        >>> lgw_txgain_setconf(0, {"lut": [{"pa_gain": 3, "rf_power": 14}]})
        0
    """
    if rf_chain >= LGW_RF_CHAIN_NB:
        log.error("lgw_txgain_setconf: invalid rf_chain %d", rf_chain)
        return LGW_HAL_ERROR
    if _started:
        log.error("lgw_txgain_setconf: gateway already started")
        return LGW_HAL_ERROR
    if _rf_chain_cfg[rf_chain] is None:
        _rf_chain_cfg[rf_chain] = {}
    cfg = _normalize_config(conf)
    _rf_chain_cfg[rf_chain]["tx_lut"] = cfg.get("lut", [])  # type: ignore[index]
    return LGW_HAL_SUCCESS


def _record_pre_start_config(name: str, conf: Any) -> int:
    """Record a C-HAL-compatible configuration block before lgw_start()."""
    if _started:
        log.error("%s: gateway already started", name)
        return LGW_HAL_ERROR
    globals()[name] = _normalize_config(conf)
    return LGW_HAL_SUCCESS


def lgw_demod_setconf(conf: Any) -> int:
    """Record demodulator configuration for C HAL API compatibility.

    The pure-Python HAL currently configures SX1302 demodulators from the RX IF
    chain table in :func:`lgw_start`.  This function keeps the Semtech C HAL
    surface available for callers that provide an extra demodulator config
    block, without claiming new hardware capability.
    """
    return _record_pre_start_config("_demod_cfg", conf)


def lgw_ftime_setconf(conf: Any) -> int:
    """Record fine-timestamp configuration for C HAL API compatibility.

    Fine timestamping is not implemented yet (see capabilities), but accepting
    and preserving the pre-start config lets higher layers use the same setup
    path across C HAL and Python HAL backends.
    """
    return _record_pre_start_config("_ftime_cfg", conf)


def lgw_debug_setconf(conf: Any) -> int:
    """Record debug configuration for C HAL API compatibility."""
    return _record_pre_start_config("_debug_cfg", conf)


def lgw_sx1261_setconf(conf: Any) -> int:
    """Set SX1261 companion-chip configuration.

    This is intentionally a configuration scaffold: it records the companion,
    spectral-scan, and LBT policy shape without claiming full Semtech C HAL
    hardware LBT/spectral parity yet.
    """
    global _sx1261_cfg
    if _started:
        log.error("lgw_sx1261_setconf: gateway already started")
        return LGW_HAL_ERROR

    cfg = _normalize_config(conf)
    lbt_cfg = dict(cfg.get("lbt") or {})
    channels = list(lbt_cfg.get("channels") or [])
    if len(channels) > LGW_LBT_CHANNEL_NB_MAX:
        log.error(
            "lgw_sx1261_setconf: too many LBT channels (%d > %d)",
            len(channels),
            LGW_LBT_CHANNEL_NB_MAX,
        )
        return LGW_HAL_ERROR

    lbt_cfg["channels"] = channels
    cfg["lbt"] = lbt_cfg
    _sx1261_cfg = cfg
    return LGW_HAL_SUCCESS


def lgw_sx1261_getconf() -> Optional[Dict[str, Any]]:
    """Return a shallow copy of the configured SX1261 companion state."""
    if _sx1261_cfg is None:
        return None
    cfg = dict(_sx1261_cfg)
    if isinstance(cfg.get("lbt"), dict):
        lbt_cfg = dict(cfg["lbt"])
        lbt_cfg["channels"] = list(lbt_cfg.get("channels") or [])
        cfg["lbt"] = lbt_cfg
    return cfg


def lgw_spectral_scan_start(freq_hz: int, nb_scan: int = 1) -> int:
    """Start a placeholder SX1261 spectral scan.

    The pure-Python HAL does not yet read real scan bins from SX1261. This
    scaffold records requested scan state so CAD/LBT can be designed against a
    stable API before hardware-level spectral implementation lands.
    """
    if not (_sx1261_cfg and _sx1261_cfg.get("enable")):
        log.error("lgw_spectral_scan_start: SX1261 companion is not enabled")
        return LGW_HAL_ERROR
    _spectral_scan_state.update(
        {
            "active": True,
            "freq_hz": int(freq_hz),
            "nb_scan": int(nb_scan),
            "results": [],
            "status": "running",
        }
    )
    return LGW_HAL_SUCCESS


def lgw_spectral_scan_get_status() -> str:
    """Return placeholder spectral scan status."""
    return str(_spectral_scan_state.get("status", "idle"))


def lgw_spectral_scan_get_results() -> List[Any]:
    """Return placeholder spectral scan result bins."""
    return list(_spectral_scan_state.get("results", []))


def lgw_spectral_scan_abort() -> int:
    """Abort the placeholder SX1261 spectral scan."""
    _spectral_scan_state.update({"active": False, "status": "aborted"})
    return LGW_HAL_SUCCESS


def lgw_start() -> int:
    """Start the LoRa gateway.

    Opens the SPI device, calibrates and configures the radio chains, loads
    and starts the AGC and ARB MCU firmware, and enables the RX path.

    Requires lgw_board_setconf(), lgw_rxrf_setconf(), and lgw_rxif_setconf()
    to have been called first.

    Returns:
        LGW_HAL_SUCCESS or LGW_HAL_ERROR.

    Example:
        >>> lgw_board_setconf({"lorawan_public": True, "clksrc": 0,
        ...                    "spi_path": "/dev/spidev0.0"})
        0
        >>> ret = lgw_start()
    """
    global _started
    if _started:
        log.error("lgw_start: already started")
        return LGW_HAL_ERROR
    if _board_cfg is None:
        log.error("lgw_start: board config not set")
        return LGW_HAL_ERROR

    # Open SPI
    try:
        _spi_open(_spi_path)
    except Exception as exc:
        log.error("lgw_start: SPI open failed: %s", exc)
        return LGW_HAL_ERROR

    clksrc = _board_cfg.get("clksrc", 0)
    lorawan_public = bool(_board_cfg.get("lorawan_public", True))

    # Ensure host controls the radio SPI mux (registers may persist from a previous run)
    _reg_w("COMMON_CTRL0_HOST_RADIO_CTRL", 1)

    # Phase 1: Calibration (matches C sx1302_radio_calibrate)
    # Reset and set mode for each enabled radio
    for i, rf_cfg in enumerate(_rf_chain_cfg):
        if rf_cfg and rf_cfg.get("enable"):
            _sx1302_radio_reset(i)
            _sx1302_radio_set_mode(i)

    # Clock select must happen before calibrate
    _sx1302_radio_clock_select(clksrc)

    # Disable PA/LNA during calibration
    _reg_w("AGC_MCU_CTRL_FORCE_HOST_FE_CTRL", 1)
    _reg_w("AGC_MCU_RF_EN_A_PA_EN", 0)
    _reg_w("AGC_MCU_RF_EN_A_LNA_EN", 0)

    # SX1250 image calibration for each enabled chain
    for i, rf_cfg in enumerate(_rf_chain_cfg):
        if rf_cfg and rf_cfg.get("enable"):
            freq_hz = rf_cfg.get("freq_hz", 0)
            _sx1250_calibrate(i, freq_hz)

    # Phase 2: Full radio setup (matches C lgw_start radio setup loop)
    for i, rf_cfg in enumerate(_rf_chain_cfg):
        if rf_cfg and rf_cfg.get("enable"):
            freq_hz = rf_cfg.get("freq_hz", 0)
            single_input = bool(rf_cfg.get("single_input_mode", False))
            _sx1302_radio_reset(i)
            _sx1250_setup(i, freq_hz, single_input)
            _sx1302_radio_set_mode(i)

    # Select reference clock (done again after setup, per C lgw_start)
    _sx1302_radio_clock_select(clksrc)

    # Release host FE control and radio SPI control to AGC MCU
    _reg_w("AGC_MCU_CTRL_FORCE_HOST_FE_CTRL", 0)
    _reg_w("COMMON_CTRL0_HOST_RADIO_CTRL", 0)

    # Core SX1302 init
    _sx1302_init()

    # Configure PA/LNA LUT tables (required for AGC MCU)
    full_duplex = bool(_board_cfg.get("full_duplex", False))
    _sx1302_pa_lna_lut_configure(full_duplex)

    # Configure radio frontend RSSI filters and DC notch
    _sx1302_radio_fe_configure()

    # Configure channelizer
    _sx1302_channelizer_configure(_if_chain_cfg[:8])

    # Configure LoRa service modem (IF chain 8)
    _sx1302_lora_service_configure(_if_chain_cfg[8] if len(_if_chain_cfg) > 8 else None)

    # Set LoRa sync word
    _sx1302_lora_syncword(lorawan_public)

    # Enable demodulators before starting AGC/ARB (per C lgw_start sx1302_modem_enable)
    _reg_w("COMMON_GEN_CONCENTRATOR_MODEM_ENABLE", 1)
    _reg_w("COMMON_GEN_MBWSSF_MODEM_ENABLE", 1)
    _reg_w("COMMON_GEN_FSK_MODEM_ENABLE", 1)
    _reg_w("COMMON_GEN_GLOBAL_EN", 1)

    # Load and start AGC firmware
    ret = _agc_load_firmware(_AGC_FW_SX1250)
    if ret != LGW_HAL_SUCCESS:
        _spi_close()
        return LGW_HAL_ERROR
    ret = _agc_start()
    if ret != LGW_HAL_SUCCESS:
        _spi_close()
        return LGW_HAL_ERROR

    # Load and start ARB firmware
    ret = _arb_load_firmware(_ARB_FW)
    if ret != LGW_HAL_SUCCESS:
        _spi_close()
        return LGW_HAL_ERROR
    ret = _arb_start()
    if ret != LGW_HAL_SUCCESS:
        _spi_close()
        return LGW_HAL_ERROR

    _started = True
    log.info("lgw_start: gateway started")
    return LGW_HAL_SUCCESS


def lgw_stop() -> int:
    """Stop the LoRa gateway and release the SPI device.

    Aborts any in-progress TX operations, then closes the SPI bus.

    Returns:
        LGW_HAL_SUCCESS.

    Example:
        >>> lgw_stop()
        0
    """
    global _started
    if not _started:
        return LGW_HAL_SUCCESS

    # Abort TX on both chains
    for reg in (
        "TX_TOP_A_TX_TRIG_TX_TRIG_IMMEDIATE",
        "TX_TOP_B_TX_TRIG_TX_TRIG_IMMEDIATE",
    ):
        try:
            _reg_w(reg, 0)
        except Exception:
            pass

    _spi_close()
    _started = False
    log.info("lgw_stop: gateway stopped")
    return LGW_HAL_SUCCESS


def lgw_abort_tx() -> int:
    """Abort pending TX operations on all RF chains.

    This mirrors the Semtech C HAL API entry point.  It is intentionally safe
    to call before :func:`lgw_start`, where it becomes a no-op success.
    """
    if not _started:
        return LGW_HAL_SUCCESS

    for prefix in ("TX_TOP_A", "TX_TOP_B"):
        try:
            _reg_w(f"{prefix}_TX_TRIG_TX_TRIG_IMMEDIATE", 0)
            _reg_w(f"{prefix}_TX_TRIG_TX_TRIG_DELAYED", 0)
        except Exception as exc:
            log.error("lgw_abort_tx: %s", exc)
            return LGW_HAL_ERROR
    return LGW_HAL_SUCCESS


def lgw_receive(max_pkt: int) -> List[dict]:
    """Fetch received packets from the SX1302 hardware FIFO.

    Reads the RX buffer, parses all pending packets, and returns at most
    ``max_pkt`` of them as dictionaries.

    Args:
        max_pkt: Maximum number of packets to return.

    Returns:
        List of packet dictionaries, each with keys:
            ``freq_hz`` (int): Centre frequency in Hz.
            ``if_chain`` (int): IF chain index that received the packet.
            ``rf_chain`` (int): RF chain index.
            ``modulation`` (int): MOD_LORA or MOD_FSK.
            ``bandwidth`` (int): BW_* constant.
            ``datarate`` (int): Spreading factor (DR_LORA_SF*) or FSK bps.
            ``coderate`` (int): CR_LORA_* constant.
            ``rssi`` (float): Channel RSSI in dBm.
            ``snr`` (float): Signal-to-noise ratio in dB.
            ``crc_en`` (bool): CRC was enabled.
            ``crc_error`` (bool): CRC check failed.
            ``timestamp_us`` (int): RX timestamp in microseconds.
            ``size`` (int): Payload length in bytes.
            ``payload`` (bytes): Raw payload bytes.

    Example:
        >>> pkts = lgw_receive(8)
        >>> for p in pkts:
        ...     print(p["payload"])
    """
    if not _started:
        log.error("lgw_receive: gateway not started")
        return []

    raw_pkts = _rx_buffer_fetch()
    results: List[dict] = []

    for raw in raw_pkts[:max_pkt]:
        if_idx = raw.if_chain & 0x0F
        rf_chain = 0
        freq_hz = 0
        if if_idx < 8 and if_idx < len(_if_chain_cfg) and _if_chain_cfg[if_idx]:
            cfg = _if_chain_cfg[if_idx]
            rf_chain = cfg.get("rf_chain", 0)  # type: ignore[union-attr]
            if_freq = cfg.get("freq_hz", 0)  # type: ignore[union-attr]
            rf_freq = 0
            if rf_chain < len(_rf_chain_cfg) and _rf_chain_cfg[rf_chain]:
                rf_freq = _rf_chain_cfg[rf_chain].get("freq_hz", 0)  # type: ignore
            freq_hz = rf_freq + if_freq

        # Map SF code to DR constant
        sf_map = {
            5: DR_LORA_SF5, 6: DR_LORA_SF6, 7: DR_LORA_SF7, 8: DR_LORA_SF8,
            9: DR_LORA_SF9, 10: DR_LORA_SF10, 11: DR_LORA_SF11, 12: DR_LORA_SF12,
        }
        # Map BW code (hardware) to BW_* constant
        bw_map = {4: BW_125KHZ, 5: BW_250KHZ, 6: BW_500KHZ}

        results.append({
            "freq_hz": freq_hz,
            "if_chain": if_idx,
            "rf_chain": rf_chain,
            "modulation": MOD_LORA,
            "bandwidth": bw_map.get(raw.bw, BW_UNDEFINED),
            "datarate": sf_map.get(raw.sf, DR_UNDEFINED),
            "coderate": raw.cr,
            "rssi": float(raw.rssi_chan) - 64.0,  # dBm offset
            "snr": float(raw.snr) / 4.0,
            "crc_en": bool(raw.crc_en),
            "crc_error": bool(raw.crc_error),
            "timestamp_us": raw.timestamp_us,
            "size": len(raw.payload),
            "payload": raw.payload,
        })

    return results


def lgw_time_on_air(pkt: Dict[str, Any]) -> int:
    """Return LoRa packet time-on-air in milliseconds.

    This mirrors the Semtech HAL helper closely enough for scheduling, LBT,
    and future duty-cycle policy. Unsupported modulations return 0.
    """
    if pkt.get("modulation", MOD_LORA) != MOD_LORA:
        return 0

    payload = pkt.get("payload", b"")
    payload_len = int(pkt.get("size", len(payload)))
    sf = int(pkt.get("datarate", DR_LORA_SF7))
    if sf == DR_LORA_MULTI or sf < 5:
        return 0

    bw_hz = pkt.get("bandwidth_hz")
    if bw_hz is None:
        bw_code = pkt.get("bandwidth", BW_125KHZ)
        bw_hz = {
            BW_125KHZ: 125_000,
            BW_250KHZ: 250_000,
            BW_500KHZ: 500_000,
        }.get(bw_code, 0)
    bw_hz = int(bw_hz)
    if bw_hz <= 0:
        return 0

    coderate = int(pkt.get("coderate", CR_LORA_4_5))
    cr = coderate - 4 if coderate in (5, 6, 7, 8) else coderate
    if cr < CR_LORA_4_5 or cr > CR_LORA_4_8:
        return 0

    preamble = int(pkt.get("preamble", 8))
    explicit_header = not bool(pkt.get("no_header", False))
    crc_enabled = not bool(pkt.get("no_crc", False))
    tsym_s = (2 ** sf) / float(bw_hz)
    low_data_rate_optimize = 1 if tsym_s >= 0.016 else 0
    crc_bits = 16 if crc_enabled else 0
    header_bits = 0 if explicit_header else 20
    denominator = 4 * (sf - 2 * low_data_rate_optimize)
    numerator = 8 * payload_len - 4 * sf + 28 + crc_bits - header_bits
    payload_symbols = 8 + max(math.ceil(numerator / denominator) * cr, 0)
    total_symbols = preamble + 4.25 + payload_symbols
    return int(math.ceil(total_symbols * tsym_s * 1000.0))


def lgw_send(pkt: dict) -> int:
    """Transmit a packet via the SX1302.

    Validates packet parameters and queues the packet for transmission.

    Args:
        pkt: Packet dictionary with keys:
            ``rf_chain`` (int): RF chain to transmit on (0 or 1).
            ``freq_hz`` (int): TX frequency in Hz.
            ``modulation`` (int): MOD_LORA or MOD_FSK.
            ``bandwidth`` (int): BW_125KHZ, BW_250KHZ, or BW_500KHZ only.
            ``datarate`` (int): DR_LORA_SF* constant or FSK bit rate in bps.
            ``coderate`` (int): CR_LORA_* constant.
            ``tx_mode`` (int): TX_IMMEDIATE or TX_TIMESTAMPED.
            ``count_us`` (int): TX timestamp in microseconds (TX_TIMESTAMPED).
            ``rf_power`` (int): TX power in dBm.
            ``preamble`` (int): Number of preamble symbols.
            ``no_crc`` (bool): If True, transmit without CRC.
            ``no_header`` (bool): If True, transmit in implicit header mode.
            ``payload`` (bytes): Payload to transmit.

    Returns:
        LGW_HAL_SUCCESS or LGW_HAL_ERROR.

    Example:
        >>> lgw_send({"rf_chain": 0, "freq_hz": 868100000,
        ...           "modulation": MOD_LORA, "bandwidth": BW_125KHZ,
        ...           "datarate": DR_LORA_SF7, "coderate": CR_LORA_4_5,
        ...           "tx_mode": TX_IMMEDIATE, "rf_power": 14,
        ...           "payload": b"hello"})
        0
    """
    if not _started:
        log.error("lgw_send: gateway not started")
        return LGW_HAL_ERROR

    rf_chain = pkt.get("rf_chain", 0)
    if rf_chain >= LGW_RF_CHAIN_NB:
        log.error("lgw_send: invalid rf_chain %d", rf_chain)
        return LGW_HAL_ERROR

    rf_cfg = _rf_chain_cfg[rf_chain]
    if not (rf_cfg and rf_cfg.get("enable") and rf_cfg.get("tx_enable")):
        log.error("lgw_send: rf_chain %d not enabled for TX", rf_chain)
        return LGW_HAL_ERROR

    modulation = pkt.get("modulation", MOD_LORA)
    if modulation == MOD_LORA:
        bw = pkt.get("bandwidth", BW_UNDEFINED)
        if bw not in (BW_125KHZ, BW_250KHZ, BW_500KHZ):
            log.error("lgw_send: unsupported bandwidth %d (SX1302: 125/250/500 kHz only)", bw)
            return LGW_HAL_ERROR
        dr = pkt.get("datarate", DR_UNDEFINED)
        if dr not in range(DR_LORA_SF5, DR_LORA_SF12 + 1):
            log.error("lgw_send: invalid datarate %d", dr)
            return LGW_HAL_ERROR

    payload: bytes = pkt.get("payload", b"")
    tx_mode = pkt.get("tx_mode", TX_IMMEDIATE)
    count_us = pkt.get("count_us", 0)

    # Select TX block registers by rf_chain
    prefix = "TX_TOP_A" if rf_chain == 0 else "TX_TOP_B"

    # Write payload to TX buffer
    _reg_wb(f"{prefix}_TXRX_CFG0_3_PAYLOAD_LENGTH", bytes([len(payload)]))
    # Trigger TX
    if tx_mode == TX_IMMEDIATE:
        _reg_w(f"{prefix}_TX_TRIG_TX_TRIG_IMMEDIATE", 1)
    else:
        # Write timestamp and use timestamped trigger
        ts_bytes = struct.pack("<I", count_us & 0xFFFFFFFF)
        _reg_wb(f"{prefix}_TX_TRIG_TX_TRIG_IMMEDIATE", ts_bytes)
        _reg_w(f"{prefix}_TX_TRIG_TX_TRIG_DELAYED", 1)

    log.debug("lgw_send: queued %d bytes on rf_chain=%d", len(payload), rf_chain)
    return LGW_HAL_SUCCESS


def lgw_get_trigcnt() -> Tuple[int, int]:
    """Read the internal SX1302 free-running timestamp counter.

    Returns:
        Tuple of (status_code, count_us) where status_code is LGW_HAL_SUCCESS
        or LGW_HAL_ERROR and count_us is the 32-bit microsecond counter.

    Example:
        >>> status, ts = lgw_get_trigcnt()
        >>> print(ts)
        1234567
    """
    if not _started:
        return LGW_HAL_ERROR, 0
    b3 = _reg_r("TIMESTAMP_TIMESTAMP_MSB2_TIMESTAMP")
    b2 = _reg_r("TIMESTAMP_TIMESTAMP_MSB1_TIMESTAMP")
    b1 = _reg_r("TIMESTAMP_TIMESTAMP_LSB2_TIMESTAMP")
    b0 = _reg_r("TIMESTAMP_TIMESTAMP_LSB1_TIMESTAMP")
    count_us = ((b3 & 0xFF) << 24) | ((b2 & 0xFF) << 16) | ((b1 & 0xFF) << 8) | (b0 & 0xFF)
    return LGW_HAL_SUCCESS, count_us


def lgw_get_instcnt() -> Tuple[int, int]:
    """Return the SX1302 instant counter using the Semtech C HAL name.

    The pure-Python HAL's trigger counter and instant counter are backed by the
    same 32-bit microsecond timestamp register today.
    """
    return lgw_get_trigcnt()


def lgw_get_eui() -> Tuple[int, bytes]:
    """Read gateway EUI from SX1302 OTP.

    Returns:
        Tuple of (status_code, eui_bytes) where eui_bytes is an 8-byte EUI-64.
        Returns all-zeros EUI if OTP is not programmed.

    Example:
        >>> status, eui = lgw_get_eui()
        >>> print(eui.hex())
    """
    if not _started:
        return LGW_HAL_ERROR, b"\x00" * 8
    eui = bytearray(8)
    try:
        for i in range(8):
            _reg_w("OTP_BYTE_ADDR_ADDR", i)
            eui[i] = _reg_r("OTP_RD_DATA_RD_DATA") & 0xFF
    except Exception as exc:
        log.warning("lgw_get_eui: OTP read failed: %s", exc)
        return LGW_HAL_ERROR, bytes(8)
    return LGW_HAL_SUCCESS, bytes(eui)


def lgw_get_temperature() -> Tuple[int, float]:
    """Read internal temperature from the I2C sensor (if configured).

    This implementation returns a placeholder value.  Wire in an actual
    I2C read (e.g. via smbus2) if the board has the TMP sensor populated.

    Returns:
        Tuple of (status_code, temperature_celsius).

    Example:
        >>> status, temp = lgw_get_temperature()
        >>> print(f"{temp:.1f} C")
    """
    return LGW_HAL_SUCCESS, 25.0


def lgw_reg_w(reg_name: str, value: int) -> int:
    """Write a named SX1302 register.

    Args:
        reg_name: Register name from the _REG map.
        value: Value to write.

    Returns:
        LGW_HAL_SUCCESS or LGW_HAL_ERROR.

    Example:
        >>> lgw_reg_w("COMMON_PAGE_PAGE", 0)
        0
    """
    try:
        _reg_w(reg_name, value)
        return LGW_HAL_SUCCESS
    except (KeyError, ValueError) as exc:
        log.error("lgw_reg_w(%s): %s", reg_name, exc)
        return LGW_HAL_ERROR


def lgw_reg_r(reg_name: str) -> Tuple[int, int]:
    """Read a named SX1302 register.

    Args:
        reg_name: Register name from the _REG map.

    Returns:
        Tuple of (status_code, value).

    Example:
        >>> status, val = lgw_reg_r("COMMON_VERSION_VERSION")
        >>> print(val)
    """
    try:
        return LGW_HAL_SUCCESS, _reg_r(reg_name)
    except KeyError as exc:
        log.error("lgw_reg_r(%s): %s", reg_name, exc)
        return LGW_HAL_ERROR, 0


def lgw_status(rf_chain: int, select: int) -> Tuple[int, int]:
    """Query TX or RX status of an RF chain.

    Args:
        rf_chain: RF chain index (0 or 1).
        select: 0 for TX status, 1 for RX status.

    Returns:
        Tuple of (status_code, state) where state is a hardware status value.

    Example:
        >>> status, tx_state = lgw_status(0, 0)
    """
    if not _started:
        return LGW_HAL_ERROR, 0
    if rf_chain >= LGW_RF_CHAIN_NB:
        return LGW_HAL_ERROR, 0
    prefix = "TX_TOP_A" if rf_chain == 0 else "TX_TOP_B"
    try:
        # Accept both the C-HAL-compatible selector constants added above and
        # the original legacy 0/1 values used by this early Python HAL.
        if select in (0, TX_STATUS):
            state = _reg_r(f"{prefix}_LORA_TX_STATE_STATUS")
        elif select in (1, RX_STATUS):
            state = _reg_r("RX_TOP_MODEM_STATE_RX_MODEM_STATE")
        else:
            return LGW_HAL_ERROR, 0
        return LGW_HAL_SUCCESS, state
    except Exception as exc:
        log.error("lgw_status: %s", exc)
        return LGW_HAL_ERROR, 0


